datetime,count
2011-01-20 00:00:00,100.31902
2011-01-20 01:00:00,91.08971
2011-01-20 02:00:00,91.08971
2011-01-20 03:00:00,95.12309
2011-01-20 04:00:00,95.12309
2011-01-20 05:00:00,86.41201
2011-01-20 06:00:00,81.00197
2011-01-20 07:00:00,86.585365
2011-01-20 08:00:00,88.22367
2011-01-20 09:00:00,99.54811
2011-01-20 10:00:00,106.79365
2011-01-20 11:00:00,117.56061
2011-01-20 12:00:00,138.4653
2011-01-20 13:00:00,115.85361
2011-01-20 14:00:00,125.152115
2011-01-20 15:00:00,137.74556
2011-01-20 16:00:00,117.61157
2011-01-20 17:00:00,117.26954
2011-01-20 18:00:00,100.14353
2011-01-20 19:00:00,98.68074
2011-01-20 20:00:00,97.659874
2011-01-20 21:00:00,91.43245
2011-01-20 22:00:00,86.193825
2011-01-20 23:00:00,87.42323
2011-01-21 00:00:00,80.26565
2011-01-21 01:00:00,80.26565
2011-01-21 02:00:00,76.90145
2011-01-21 03:00:00,69.120865
2011-01-21 04:00:00,61.63643
2011-01-21 05:00:00,90.787415
2011-01-21 06:00:00,87.40314
2011-01-21 07:00:00,86.80772
2011-01-21 08:00:00,92.50384
2011-01-21 09:00:00,88.8549
2011-01-21 10:00:00,95.716705
2011-01-21 11:00:00,117.17597
2011-01-21 12:00:00,11.357203
2011-01-21 13:00:00,-41.007835
2011-01-21 14:00:00,19.092514
2011-01-21 15:00:00,48.332054
2011-01-21 16:00:00,93.73555
2011-01-21 17:00:00,100.47981
2011-01-21 18:00:00,102.22946
2011-01-21 19:00:00,96.610565
2011-01-21 20:00:00,85.23872
2011-01-21 21:00:00,68.40106
2011-01-21 22:00:00,61.56031
2011-01-21 23:00:00,63.747803
2011-01-22 00:00:00,25.231407
2011-01-22 01:00:00,36.640656
2011-01-22 02:00:00,37.86782
2011-01-22 03:00:00,36.591316
2011-01-22 04:00:00,21.90652
2011-01-22 06:00:00,34.68006
2011-01-22 07:00:00,21.76169
2011-01-22 08:00:00,22.515354
2011-01-22 09:00:00,29.698126
2011-01-22 10:00:00,52.840454
2011-01-22 11:00:00,64.17118
2011-01-22 12:00:00,76.59506
2011-01-22 13:00:00,94.01298
2011-01-22 14:00:00,80.14918
2011-01-22 15:00:00,100.049545
2011-01-22 16:00:00,93.16759
2011-01-22 17:00:00,119.43977
2011-01-22 18:00:00,57.833115
2011-01-22 19:00:00,65.97608
2011-01-22 20:00:00,30.112444
2011-01-22 21:00:00,55.88405
2011-01-22 22:00:00,65.11674
2011-01-22 23:00:00,22.002415
2011-01-23 00:00:00,22.002415
2011-01-23 01:00:00,22.002415
2011-01-23 02:00:00,15.096705
2011-01-23 03:00:00,15.096705
2011-01-23 05:00:00,31.027424
2011-01-23 06:00:00,31.027424
2011-01-23 07:00:00,24.965406
2011-01-23 08:00:00,20.077316
2011-01-23 09:00:00,34.275993
2011-01-23 10:00:00,54.846916
2011-01-23 11:00:00,54.63932
2011-01-23 12:00:00,79.192535
2011-01-23 13:00:00,76.45977
2011-01-23 14:00:00,97.75054
2011-01-23 15:00:00,97.75054
2011-01-23 16:00:00,101.010635
2011-01-23 17:00:00,83.23532
2011-01-23 18:00:00,77.95796
2011-01-23 19:00:00,78.08799
2011-01-23 20:00:00,54.495453
2011-01-23 21:00:00,57.044205
2011-01-23 22:00:00,49.700768
2011-01-23 23:00:00,34.763016
2011-01-24 00:00:00,58.758476
2011-01-24 01:00:00,47.308533
2011-01-24 03:00:00,48.47107
2011-01-24 04:00:00,52.9172
2011-01-24 05:00:00,52.9172
2011-01-24 06:00:00,63.24961
2011-01-24 07:00:00,88.88506
2011-01-24 08:00:00,86.514656
2011-01-24 09:00:00,102.56438
2011-01-24 10:00:00,84.88285
2011-01-24 11:00:00,62.711876
2011-01-24 12:00:00,86.73486
2011-01-24 13:00:00,82.08164
2011-01-24 14:00:00,78.731606
2011-01-24 15:00:00,85.47339
2011-01-24 16:00:00,79.63696
2011-01-24 17:00:00,70.40425
2011-01-24 18:00:00,59.19159
2011-01-24 19:00:00,64.429825
2011-01-24 20:00:00,59.19159
2011-01-24 21:00:00,54.379707
2011-01-24 22:00:00,59.748047
2011-01-24 23:00:00,64.85606
2011-01-25 00:00:00,59.620567
2011-01-25 01:00:00,57.292336
2011-01-25 02:00:00,54.252228
2011-01-25 04:00:00,49.59842
2011-01-25 05:00:00,43.97374
2011-01-25 06:00:00,52.767227
2011-01-25 07:00:00,48.66883
2011-01-25 08:00:00,56.088623
2011-01-25 09:00:00,72.59387
2011-01-25 10:00:00,82.8764
2011-01-25 11:00:00,88.62847
2011-01-25 12:00:00,98.22693
2011-01-25 13:00:00,98.977844
2011-01-25 14:00:00,126.30099
2011-01-25 15:00:00,143.12389
2011-01-25 16:00:00,143.12389
2011-01-25 17:00:00,115.13852
2011-01-25 18:00:00,116.860664
2011-01-25 19:00:00,89.275635
2011-01-25 20:00:00,80.0081
2011-01-25 21:00:00,80.0081
2011-01-25 22:00:00,75.372696
2011-01-25 23:00:00,79.575356
2011-01-26 00:00:00,73.17144
2011-01-26 01:00:00,83.045074
2011-01-26 02:00:00,79.01239
2011-01-26 05:00:00,56.129242
2011-01-26 06:00:00,56.129242
2011-01-26 07:00:00,61.304108
2011-01-26 08:00:00,61.304108
2011-01-26 09:00:00,61.304108
2011-01-26 10:00:00,54.51188
2011-01-26 11:00:00,54.951935
2011-01-26 12:00:00,54.951935
2011-01-26 13:00:00,54.951935
2011-01-26 14:00:00,55.769714
2011-01-26 15:00:00,58.16166
2011-01-26 16:00:00,59.154602
2011-01-26 17:00:00,50.359665
2011-01-27 16:00:00,86.24059
2011-01-27 17:00:00,84.25714
2011-01-27 18:00:00,62.807808
2011-01-27 19:00:00,62.807808
2011-01-27 20:00:00,56.55854
2011-01-27 21:00:00,56.55854
2011-01-27 22:00:00,56.55854
2011-01-27 23:00:00,50.280205
2011-01-28 00:00:00,61.969284
2011-01-28 01:00:00,61.969284
2011-01-28 02:00:00,61.881836
2011-01-28 03:00:00,63.32
2011-01-28 05:00:00,57.87068
2011-01-28 06:00:00,56.51928
2011-01-28 07:00:00,52.692642
2011-01-28 08:00:00,52.692642
2011-01-28 09:00:00,60.63923
2011-01-28 10:00:00,59.911026
2011-01-28 11:00:00,56.71733
2011-01-28 12:00:00,56.71733
2011-01-28 13:00:00,56.71733
2011-01-28 14:00:00,73.881874
2011-01-28 15:00:00,63.19783
2011-01-28 16:00:00,64.326294
2011-01-28 17:00:00,67.67561
2011-01-28 18:00:00,68.84129
2011-01-28 19:00:00,71.87827
2011-01-28 20:00:00,78.62735
2011-01-28 21:00:00,66.47137
2011-01-28 22:00:00,84.038345
2011-01-28 23:00:00,86.41201
2011-01-29 00:00:00,56.508446
2011-01-29 01:00:00,52.950813
2011-01-29 02:00:00,52.13304
2011-01-29 03:00:00,45.90246
2011-01-29 04:00:00,35.43325
2011-01-29 06:00:00,36.258064
2011-01-29 07:00:00,39.995667
2011-01-29 08:00:00,51.366188
2011-01-29 09:00:00,45.324905
2011-01-29 10:00:00,45.555374
2011-01-29 11:00:00,44.69821
2011-01-29 12:00:00,56.85421
2011-01-29 13:00:00,66.38581
2011-01-29 14:00:00,59.981895
2011-01-29 15:00:00,48.529953
2011-01-29 16:00:00,62.006668
2011-01-29 17:00:00,58.92478
2011-01-29 18:00:00,45.72912
2011-01-29 19:00:00,52.73262
2011-01-29 20:00:00,36.94336
2011-01-29 21:00:00,36.94336
2011-01-29 22:00:00,31.037115
2011-01-29 23:00:00,31.037115
2011-01-30 00:00:00,30.414589
2011-01-30 01:00:00,32.0373
2011-01-30 02:00:00,35.205406
2011-01-30 03:00:00,26.10616
2011-01-30 04:00:00,26.10616
2011-01-30 05:00:00,29.299849
2011-01-30 07:00:00,29.299849
2011-01-30 08:00:00,34.077637
2011-01-30 09:00:00,39.9832
2011-01-30 10:00:00,43.152
2011-01-30 11:00:00,46.992317
2011-01-30 12:00:00,86.47718
2011-01-30 13:00:00,70.544395
2011-01-30 14:00:00,70.608116
2011-01-30 15:00:00,79.61537
2011-01-30 16:00:00,79.61537
2011-01-30 17:00:00,83.518166
2011-01-30 18:00:00,61.833313
2011-01-30 19:00:00,62.651093
2011-01-30 20:00:00,64.87029
2011-01-30 21:00:00,55.042526
2011-01-30 22:00:00,55.387688
2011-01-30 23:00:00,62.954155
2011-01-31 00:00:00,85.03127
2011-01-31 01:00:00,77.35303
2011-01-31 02:00:00,76.190475
2011-01-31 03:00:00,76.190475
2011-01-31 04:00:00,76.71172
2011-01-31 05:00:00,66.883965
2011-01-31 06:00:00,56.64731
2011-01-31 07:00:00,65.203964
2011-01-31 08:00:00,70.78737
2011-01-31 09:00:00,71.19624
2011-01-31 10:00:00,68.80116
2011-01-31 11:00:00,68.80116
2011-01-31 12:00:00,77.64284
2011-01-31 13:00:00,78.37371
2011-01-31 14:00:00,77.988
2011-01-31 15:00:00,68.11123
2011-01-31 16:00:00,73.09956
2011-01-31 17:00:00,68.80116
2011-01-31 18:00:00,74.0884
2011-01-31 19:00:00,99.66673
2011-01-31 20:00:00,72.6618
2011-01-31 21:00:00,73.873955
2011-01-31 22:00:00,67.29346
2011-01-31 23:00:00,62.729958
2011-02-20 00:00:00,125.945946
2011-02-20 01:00:00,102.48093
2011-02-20 02:00:00,109.14722
2011-02-20 03:00:00,92.78088
2011-02-20 04:00:00,92.78088
2011-02-20 06:00:00,68.44366
2011-02-20 07:00:00,57.340622
2011-02-20 08:00:00,60.07728
2011-02-20 09:00:00,73.917435
2011-02-20 10:00:00,99.76212
2011-02-20 11:00:00,143.33824
2011-02-20 12:00:00,148.08269
2011-02-20 13:00:00,197.46709
2011-02-20 14:00:00,227.83875
2011-02-20 15:00:00,231.87062
2011-02-20 16:00:00,216.40833
2011-02-20 17:00:00,178.51584
2011-02-20 18:00:00,150.82645
2011-02-20 19:00:00,150.82645
2011-02-20 20:00:00,123.46625
2011-02-20 21:00:00,92.57811
2011-02-20 22:00:00,92.83157
2011-02-20 23:00:00,81.79227
2011-02-21 00:00:00,138.03453
2011-02-21 01:00:00,138.03453
2011-02-21 02:00:00,138.03453
2011-02-21 03:00:00,135.80746
2011-02-21 04:00:00,108.68198
2011-02-21 05:00:00,176.79877
2011-02-21 06:00:00,260.04614
2011-02-21 07:00:00,269.20602
2011-02-21 08:00:00,90.61786
2011-02-21 09:00:00,90.20897
2011-02-21 10:00:00,89.38845
2011-02-21 11:00:00,86.24245
2011-02-21 12:00:00,78.17578
2011-02-21 13:00:00,62.95807
2011-02-21 14:00:00,68.17153
2011-02-21 15:00:00,74.31546
2011-02-21 16:00:00,66.231544
2011-02-21 17:00:00,61.68685
2011-02-21 18:00:00,36.173477
2011-02-21 19:00:00,36.173477
2011-02-21 20:00:00,47.896736
2011-02-21 21:00:00,50.828194
2011-02-21 22:00:00,44.125008
2011-02-21 23:00:00,44.125008
2011-02-22 06:00:00,39.92829
2011-02-22 07:00:00,39.92829
2011-02-22 08:00:00,41.389572
2011-02-22 09:00:00,47.806602
2011-02-22 10:00:00,60.155586
2011-02-22 11:00:00,62.120453
2011-02-22 12:00:00,74.3835
2011-02-22 13:00:00,85.42281
2011-02-22 14:00:00,86.24059
2011-02-22 15:00:00,98.99165
2011-02-22 16:00:00,89.88954
2011-02-22 17:00:00,91.052086
2011-02-22 18:00:00,93.535736
2011-02-22 19:00:00,91.27443
2011-02-22 20:00:00,90.111885
2011-02-22 21:00:00,90.929665
2011-02-22 22:00:00,84.10367
2011-02-22 23:00:00,84.10367
2011-02-23 00:00:00,69.241714
2011-02-23 01:00:00,73.363266
2011-02-23 02:00:00,63.14173
2011-02-23 03:00:00,63.48963
2011-02-23 05:00:00,62.32395
2011-02-23 06:00:00,62.32395
2011-02-23 07:00:00,58.67501
2011-02-23 08:00:00,64.429825
2011-02-23 09:00:00,77.49801
2011-02-23 10:00:00,116.549225
2011-02-23 11:00:00,105.35202
2011-02-23 12:00:00,139.43784
2011-02-23 13:00:00,179.7176
2011-02-23 14:00:00,183.119
2011-02-23 15:00:00,198.79697
2011-02-23 16:00:00,179.19113
2011-02-23 17:00:00,198.79697
2011-02-23 18:00:00,194.21465
2011-02-23 19:00:00,163.74513
2011-02-23 20:00:00,85.24634
2011-02-23 21:00:00,98.66988
2011-02-23 22:00:00,98.66988
2011-02-23 23:00:00,84.324
2011-02-24 00:00:00,84.324
2011-02-24 01:00:00,78.7406
2011-02-24 02:00:00,68.39121
2011-02-24 03:00:00,69.14213
2011-02-24 05:00:00,63.55874
2011-02-24 06:00:00,64.72441
2011-02-24 07:00:00,61.374367
2011-02-24 08:00:00,75.24521
2011-02-24 09:00:00,75.435905
2011-02-24 10:00:00,86.49308
2011-02-24 11:00:00,120.10463
2011-02-24 12:00:00,142.65656
2011-02-24 13:00:00,148.64326
2011-02-24 14:00:00,167.74945
2011-02-24 15:00:00,167.5855
2011-02-24 16:00:00,133.97679
2011-02-24 17:00:00,120.695984
2011-02-24 18:00:00,90.372856
2011-02-24 19:00:00,87.05492
2011-02-24 20:00:00,84.49055
2011-02-24 21:00:00,90.372856
2011-02-24 22:00:00,93.821846
2011-02-24 23:00:00,75.87077
2011-02-25 00:00:00,83.792656
2011-02-25 01:00:00,75.821175
2011-02-25 02:00:00,75.821175
2011-02-25 03:00:00,74.01338
2011-02-25 05:00:00,74.01338
2011-02-25 06:00:00,82.74636
2011-02-25 07:00:00,77.41487
2011-02-25 08:00:00,88.907326
2011-02-25 09:00:00,88.69321
2011-02-25 10:00:00,110.28938
2011-02-25 11:00:00,151.18819
2011-02-25 12:00:00,213.69704
2011-02-25 13:00:00,213.69704
2011-02-25 14:00:00,243.90509
2011-02-25 15:00:00,96.797676
2011-02-25 16:00:00,139.32352
2011-02-25 17:00:00,131.16006
2011-02-25 18:00:00,141.54314
2011-02-25 19:00:00,121.8474
2011-02-25 20:00:00,140.61792
2011-02-25 21:00:00,120.22442
2011-02-25 22:00:00,113.16966
2011-02-25 23:00:00,107.61417
2011-02-26 00:00:00,71.28527
2011-02-26 01:00:00,73.677216
2011-02-26 02:00:00,60.97516
2011-02-26 03:00:00,61.362633
2011-02-26 04:00:00,59.70359
2011-02-26 05:00:00,55.170013
2011-02-26 06:00:00,53.835945
2011-02-26 07:00:00,55.50093
2011-02-26 08:00:00,63.12744
2011-02-26 09:00:00,76.08609
2011-02-26 10:00:00,94.3719
2011-02-26 11:00:00,91.89885
2011-02-26 12:00:00,112.684135
2011-02-26 13:00:00,134.03387
2011-02-26 14:00:00,154.35408
2011-02-26 15:00:00,149.87636
2011-02-26 16:00:00,129.31552
2011-02-26 17:00:00,134.77126
2011-02-26 18:00:00,116.17787
2011-02-26 19:00:00,102.58641
2011-02-26 20:00:00,83.173004
2011-02-26 21:00:00,69.69629
2011-02-26 22:00:00,57.711716
2011-02-26 23:00:00,58.877403
2011-02-27 00:00:00,40.0672
2011-02-27 01:00:00,38.68875
2011-02-27 02:00:00,41.501442
2011-02-27 03:00:00,43.58036
2011-02-27 04:00:00,38.438316
2011-02-27 06:00:00,44.685524
2011-02-27 07:00:00,38.438316
2011-02-27 08:00:00,47.854324
2011-02-27 09:00:00,46.749153
2011-02-27 10:00:00,55.256012
2011-02-27 11:00:00,91.87942
2011-02-27 12:00:00,114.26685
2011-02-27 13:00:00,148.53775
2011-02-27 14:00:00,167.44426
2011-02-27 15:00:00,203.66751
2011-02-27 16:00:00,220.22086
2011-02-27 17:00:00,130.17865
2011-02-27 18:00:00,122.04295
2011-02-27 19:00:00,117.59627
2011-02-27 20:00:00,114.26685
2011-02-27 21:00:00,99.05521
2011-02-27 22:00:00,101.61957
2011-02-27 23:00:00,96.902596
2011-02-28 00:00:00,114.50986
2011-02-28 01:00:00,95.39328
2011-02-28 03:00:00,78.91088
2011-02-28 05:00:00,82.183655
2011-02-28 06:00:00,75.81277
2011-02-28 07:00:00,84.359505
2011-02-28 08:00:00,82.85225
2011-02-28 09:00:00,114.054825
2011-02-28 10:00:00,170.76991
2011-02-28 11:00:00,194.52138
2011-02-28 12:00:00,194.52136
2011-02-28 13:00:00,118.23867
2011-02-28 14:00:00,102.76879
2011-02-28 15:00:00,102.76879
2011-02-28 16:00:00,98.262794
2011-02-28 17:00:00,97.36188
2011-02-28 18:00:00,117.41815
2011-02-28 19:00:00,130.17935
2011-02-28 20:00:00,130.17935
2011-02-28 21:00:00,104.72482
2011-02-28 22:00:00,90.33149
2011-02-28 23:00:00,93.304306
2011-03-20 00:00:00,121.28053
2011-03-20 01:00:00,97.738754
2011-03-20 02:00:00,90.443695
2011-03-20 03:00:00,79.74641
2011-03-20 04:00:00,73.52173
2011-03-20 05:00:00,68.23448
2011-03-20 06:00:00,69.05501
2011-03-20 07:00:00,63.172348
2011-03-20 08:00:00,77.29034
2011-03-20 09:00:00,86.81921
2011-03-20 10:00:00,105.85052
2011-03-20 11:00:00,137.93329
2011-03-20 12:00:00,146.90837
2011-03-20 13:00:00,200.64671
2011-03-20 14:00:00,243.83719
2011-03-20 15:00:00,232.29634
2011-03-20 16:00:00,244.11127
2011-03-20 17:00:00,220.82841
2011-03-20 18:00:00,176.53622
2011-03-20 19:00:00,137.53508
2011-03-20 20:00:00,129.31552
2011-03-20 21:00:00,106.12256
2011-03-20 22:00:00,107.77655
2011-03-20 23:00:00,102.00781
2011-03-21 00:00:00,103.63931
2011-03-21 01:00:00,93.85326
2011-03-21 02:00:00,92.214966
2011-03-21 03:00:00,92.214966
2011-03-21 05:00:00,71.09068
2011-03-21 06:00:00,83.85
2011-03-21 07:00:00,70.18985
2011-03-21 08:00:00,65.987206
2011-03-21 09:00:00,81.04817
2011-03-21 10:00:00,100.98354
2011-03-21 11:00:00,114.92509
2011-03-21 12:00:00,112.405655
2011-03-21 13:00:00,160.0251
2011-03-21 14:00:00,173.57878
2011-03-21 15:00:00,192.6739
2011-03-21 16:00:00,178.02545
2011-03-21 17:00:00,175.79842
2011-03-21 18:00:00,143.5132
2011-03-21 19:00:00,211.14879
2011-03-21 20:00:00,175.36568
2011-03-21 21:00:00,92.98805
2011-03-21 22:00:00,100.50865
2011-03-21 23:00:00,96.82318
2011-03-22 00:00:00,99.688126
2011-03-22 01:00:00,73.83271
2011-03-22 02:00:00,84.71619
2011-03-22 03:00:00,101.80181
2011-03-22 04:00:00,98.95612
2011-03-22 05:00:00,87.1453
2011-03-22 06:00:00,86.219215
2011-03-22 07:00:00,98.611
2011-03-22 08:00:00,138.5802
2011-03-22 09:00:00,150.81042
2011-03-22 10:00:00,165.8221
2011-03-22 11:00:00,172.14699
2011-03-22 12:00:00,186.11502
2011-03-22 13:00:00,215.89569
2011-03-22 14:00:00,239.1294
2011-03-22 15:00:00,238.49776
2011-03-22 16:00:00,230.3459
2011-03-22 17:00:00,230.3459
2011-03-22 18:00:00,214.86711
2011-03-22 19:00:00,164.88925
2011-03-22 20:00:00,170.26878
2011-03-22 21:00:00,160.3607
2011-03-22 22:00:00,138.28098
2011-03-22 23:00:00,138.28098
2011-03-23 00:00:00,99.90833
2011-03-23 01:00:00,88.44226
2011-03-23 02:00:00,88.44226
2011-03-23 03:00:00,85.05738
2011-03-23 05:00:00,70.40397
2011-03-23 06:00:00,72.773895
2011-03-23 07:00:00,59.84601
2011-03-23 08:00:00,66.20131
2011-03-23 09:00:00,74.063934
2011-03-23 10:00:00,80.294495
2011-03-23 11:00:00,71.60823
2011-03-23 12:00:00,71.95613
2011-03-23 13:00:00,74.17259
2011-03-23 14:00:00,75.03481
2011-03-23 15:00:00,89.77746
2011-03-23 16:00:00,101.88759
2011-03-23 17:00:00,101.88759
2011-03-23 18:00:00,94.7979
2011-03-23 19:00:00,94.7979
2011-03-23 20:00:00,92.0854
2011-03-23 21:00:00,61.08306
2011-03-23 22:00:00,58.683464
2011-03-23 23:00:00,68.96065
2011-03-24 00:00:00,59.84601
2011-03-24 01:00:00,46.62233
2011-03-24 02:00:00,47.44011
2011-03-24 03:00:00,44.012962
2011-03-24 04:00:00,44.012962
2011-03-24 05:00:00,49.029045
2011-03-24 06:00:00,49.029045
2011-03-24 07:00:00,44.160675
2011-03-24 08:00:00,41.10685
2011-03-24 09:00:00,43.62213
2011-03-24 10:00:00,45.541473
2011-03-24 11:00:00,69.41068
2011-03-24 12:00:00,82.51468
2011-03-24 13:00:00,85.52964
2011-03-24 14:00:00,78.13653
2011-03-24 15:00:00,80.940506
2011-03-24 16:00:00,85.70613
2011-03-24 17:00:00,80.122734
2011-03-24 18:00:00,91.744286
2011-03-24 19:00:00,99.19088
2011-03-24 20:00:00,81.725815
2011-03-24 21:00:00,70.68651
2011-03-24 22:00:00,69.04821
2011-03-24 23:00:00,63.983337
2011-03-25 00:00:00,71.63266
2011-03-25 01:00:00,50.258316
2011-03-25 02:00:00,49.520164
2011-03-25 03:00:00,58.40129
2011-03-25 04:00:00,46.25094
2011-03-25 05:00:00,37.364174
2011-03-25 06:00:00,38.52672
2011-03-25 07:00:00,63.89669
2011-03-25 08:00:00,90.282585
2011-03-25 09:00:00,97.08258
2011-03-25 10:00:00,119.92374
2011-03-25 11:00:00,137.50865
2011-03-25 12:00:00,154.99432
2011-03-25 13:00:00,174.53792
2011-03-25 14:00:00,207.93123
2011-03-25 15:00:00,199.38248
2011-03-25 16:00:00,201.44386
2011-03-25 17:00:00,188.42175
2011-03-25 18:00:00,163.38234
2011-03-25 19:00:00,190.24007
2011-03-25 20:00:00,183.34547
2011-03-25 21:00:00,183.4755
2011-03-25 22:00:00,170.35179
2011-03-25 23:00:00,165.49835
2011-03-26 00:00:00,141.22685
2011-03-26 01:00:00,120.80925
2011-03-26 02:00:00,91.9652
2011-03-26 03:00:00,78.39656
2011-03-26 04:00:00,91.96521
2011-03-26 05:00:00,67.55343
2011-03-26 06:00:00,54.788406
2011-03-26 07:00:00,67.55342
2011-03-26 08:00:00,98.376884
2011-03-26 09:00:00,115.99261
2011-03-26 10:00:00,120.78125
2011-03-26 11:00:00,138.39697
2011-03-26 12:00:00,151.85307
2011-03-26 13:00:00,184.032
2011-03-26 14:00:00,227.78131
2011-03-26 15:00:00,238.03775
2011-03-26 16:00:00,285.8318
2011-03-26 17:00:00,255.72304
2011-03-26 18:00:00,297.34302
2011-03-26 19:00:00,122.1743
2011-03-26 20:00:00,122.1743
2011-03-26 21:00:00,121.634766
2011-03-26 22:00:00,139.38054
2011-03-26 23:00:00,115.2231
2011-03-27 00:00:00,134.50705
2011-03-27 01:00:00,82.456314
2011-03-27 02:00:00,91.80304
2011-03-27 03:00:00,45.096283
2011-03-27 04:00:00,41.88526
2011-03-27 06:00:00,21.159477
2011-03-27 07:00:00,18.11361
2011-03-27 08:00:00,26.2805
2011-03-27 09:00:00,66.73832
2011-03-27 10:00:00,71.12558
2011-03-27 11:00:00,100.12911
2011-03-27 12:00:00,121.76481
2011-03-27 13:00:00,138.98126
2011-03-27 14:00:00,171.36867
2011-03-27 15:00:00,158.30107
2011-03-27 16:00:00,204.16876
2011-03-27 17:00:00,199.04791
2011-03-27 18:00:00,173.12569
2011-03-27 19:00:00,188.13857
2011-03-27 20:00:00,147.06488
2011-03-27 21:00:00,120.78125
2011-03-27 22:00:00,120.78125
2011-03-27 23:00:00,107.90897
2011-03-28 00:00:00,88.85893
2011-03-28 01:00:00,122.908035
2011-03-28 02:00:00,122.778435
2011-03-28 03:00:00,122.778435
2011-03-28 05:00:00,111.98718
2011-03-28 06:00:00,143.80688
2011-03-28 07:00:00,157.2835
2011-03-28 08:00:00,154.96245
2011-03-28 09:00:00,181.97
2011-03-28 10:00:00,181.4407
2011-03-28 11:00:00,200.17003
2011-03-28 12:00:00,230.42587
2011-03-28 13:00:00,239.98103
2011-03-28 14:00:00,263.00323
2011-03-28 15:00:00,245.238
2011-03-28 16:00:00,266.9242
2011-03-28 17:00:00,247.78036
2011-03-28 18:00:00,248.18071
2011-03-28 19:00:00,253.93227
2011-03-28 20:00:00,253.08284
2011-03-28 21:00:00,263.71317
2011-03-28 22:00:00,251.17847
2011-03-28 23:00:00,217.17136
2011-03-29 00:00:00,188.55037
2011-03-29 01:00:00,166.4259
2011-03-29 02:00:00,166.4259
2011-03-29 03:00:00,166.4259
2011-03-29 04:00:00,118.119835
2011-03-29 05:00:00,146.70403
2011-03-29 06:00:00,129.56302
2011-03-29 07:00:00,123.06605
2011-03-29 08:00:00,153.68365
2011-03-29 09:00:00,191.37
2011-03-29 10:00:00,223.55574
2011-03-29 11:00:00,157.13846
2011-03-29 12:00:00,259.43665
2011-03-29 13:00:00,239.30145
2011-03-29 14:00:00,261.90225
2011-03-29 15:00:00,290.76404
2011-03-29 16:00:00,281.379
2011-03-29 17:00:00,280.06467
2011-03-29 18:00:00,255.70761
2011-03-29 19:00:00,272.44757
2011-03-29 20:00:00,255.70761
2011-03-29 21:00:00,178.86414
2011-03-29 22:00:00,148.52644
2011-03-29 23:00:00,121.71567
2011-03-30 00:00:00,131.77126
2011-03-30 01:00:00,187.25215
2011-03-30 02:00:00,131.77126
2011-03-30 03:00:00,157.63837
2011-03-30 04:00:00,131.77126
2011-03-30 05:00:00,107.56876
2011-03-30 06:00:00,140.0059
2011-03-30 07:00:00,168.62737
2011-03-30 08:00:00,144.79453
2011-03-30 09:00:00,155.58864
2011-03-30 10:00:00,155.91328
2011-03-30 11:00:00,156.04288
2011-03-30 12:00:00,162.41026
2011-03-30 13:00:00,167.32846
2011-03-30 14:00:00,160.85158
2011-03-30 15:00:00,68.20643
2011-03-30 16:00:00,60.74955
2011-03-30 17:00:00,53.084732
2011-03-30 18:00:00,43.62213
2011-03-30 19:00:00,43.62213
2011-03-30 20:00:00,43.513565
2011-03-30 21:00:00,38.55725
2011-03-30 22:00:00,44.291245
2011-03-30 23:00:00,43.104675
2011-03-31 00:00:00,44.291245
2011-03-31 01:00:00,45.752525
2011-03-31 02:00:00,45.752525
2011-03-31 03:00:00,44.291245
2011-03-31 04:00:00,42.834854
2011-03-31 05:00:00,44.291245
2011-03-31 06:00:00,43.513565
2011-03-31 07:00:00,42.834854
2011-03-31 08:00:00,34.863365
2011-03-31 09:00:00,48.166817
2011-03-31 10:00:00,48.166817
2011-03-31 11:00:00,52.411186
2011-03-31 12:00:00,52.411186
2011-03-31 13:00:00,63.35563
2011-03-31 14:00:00,63.35563
2011-03-31 15:00:00,66.91327
2011-03-31 16:00:00,61.956947
2011-03-31 17:00:00,61.956947
2011-03-31 18:00:00,59.152977
2011-03-31 19:00:00,59.152977
2011-03-31 20:00:00,54.397385
2011-03-31 21:00:00,48.663048
2011-03-31 22:00:00,54.049477
2011-03-31 23:00:00,47.078346
2011-04-20 00:00:00,92.64292
2011-04-20 01:00:00,81.35332
2011-04-20 02:00:00,81.35332
2011-04-20 03:00:00,76.84731
2011-04-20 04:00:00,67.60802
2011-04-20 05:00:00,76.764175
2011-04-20 06:00:00,81.35332
2011-04-20 07:00:00,82.25737
2011-04-20 08:00:00,209.4641
2011-04-20 09:00:00,243.47081
2011-04-20 10:00:00,181.67424
2011-04-20 11:00:00,181.67424
2011-04-20 12:00:00,361.14166
2011-04-20 13:00:00,361.14166
2011-04-20 14:00:00,412.50195
2011-04-20 15:00:00,393.55618
2011-04-20 16:00:00,393.55618
2011-04-20 17:00:00,407.0073
2011-04-20 18:00:00,384.10907
2011-04-20 19:00:00,335.01328
2011-04-20 20:00:00,277.55563
2011-04-20 21:00:00,330.97623
2011-04-20 22:00:00,305.51837
2011-04-20 23:00:00,328.8929
2011-04-21 00:00:00,280.02866
2011-04-21 01:00:00,231.2705
2011-04-21 02:00:00,241.48256
2011-04-21 03:00:00,194.40758
2011-04-21 04:00:00,176.94249
2011-04-21 05:00:00,176.57182
2011-04-21 06:00:00,159.70378
2011-04-21 07:00:00,191.47728
2011-04-21 08:00:00,174.94887
2011-04-21 09:00:00,190.69841
2011-04-21 10:00:00,190.29889
2011-04-21 11:00:00,209.09332
2011-04-21 12:00:00,248.48294
2011-04-21 13:00:00,295.15396
2011-04-21 14:00:00,297.17917
2011-04-21 15:00:00,323.6274
2011-04-21 16:00:00,328.68607
2011-04-21 17:00:00,277.8213
2011-04-21 18:00:00,320.3979
2011-04-21 19:00:00,308.887
2011-04-21 20:00:00,260.6271
2011-04-21 21:00:00,176.58293
2011-04-21 22:00:00,227.00577
2011-04-21 23:00:00,188.9157
2011-04-22 00:00:00,100.73261
2011-04-22 01:00:00,123.50088
2011-04-22 02:00:00,126.83775
2011-04-22 03:00:00,126.83775
2011-04-22 04:00:00,117.59223
2011-04-22 05:00:00,113.14556
2011-04-22 06:00:00,117.59224
2011-04-22 07:00:00,125.83522
2011-04-22 08:00:00,125.70518
2011-04-22 09:00:00,106.7639
2011-04-22 10:00:00,104.93527
2011-04-22 11:00:00,103.63203
2011-04-22 12:00:00,86.45607
2011-04-22 13:00:00,75.81089
2011-04-22 14:00:00,76.97656
2011-04-22 15:00:00,75.81089
2011-04-22 16:00:00,74.17259
2011-04-22 17:00:00,64.048676
2011-04-22 18:00:00,64.048676
2011-04-22 19:00:00,64.048676
2011-04-22 20:00:00,70.74874
2011-04-22 21:00:00,57.476067
2011-04-22 22:00:00,54.771553
2011-04-22 23:00:00,62.484764
2011-04-23 00:00:00,30.629011
2011-04-23 01:00:00,30.629011
2011-04-23 02:00:00,38.21949
2011-04-23 03:00:00,40.404076
2011-04-23 04:00:00,47.84616
2011-04-23 05:00:00,47.84616
2011-04-23 06:00:00,35.254196
2011-04-23 07:00:00,40.031998
2011-04-23 08:00:00,40.424316
2011-04-23 09:00:00,55.184814
2011-04-23 10:00:00,70.65468
2011-04-23 11:00:00,81.47166
2011-04-23 12:00:00,104.40315
2011-04-23 13:00:00,103.58537
2011-04-23 14:00:00,134.54294
2011-04-23 15:00:00,161.95961
2011-04-23 16:00:00,154.17607
2011-04-23 17:00:00,157.51295
2011-04-23 18:00:00,122.3127
2011-04-23 19:00:00,111.53462
2011-04-23 20:00:00,103.92646
2011-04-23 21:00:00,115.7373
2011-04-23 22:00:00,130.8811
2011-04-23 23:00:00,101.4704
2011-04-24 00:00:00,99.07939
2011-04-24 01:00:00,87.26542
2011-04-24 02:00:00,87.26542
2011-04-24 03:00:00,77.70039
2011-04-24 04:00:00,77.70039
2011-04-24 05:00:00,77.70039
2011-04-24 06:00:00,72.744156
2011-04-24 07:00:00,72.744156
2011-04-24 08:00:00,86.79591
2011-04-24 09:00:00,105.13071
2011-04-24 10:00:00,129.91165
2011-04-24 11:00:00,222.1805
2011-04-24 12:00:00,242.2616
2011-04-24 13:00:00,303.3878
2011-04-24 14:00:00,330.63992
2011-04-24 15:00:00,252.3731
2011-04-24 16:00:00,397.6907
2011-04-24 17:00:00,228.65266
2011-04-24 18:00:00,182.52617
2011-04-24 19:00:00,131.66632
2011-04-24 20:00:00,131.66632
2011-04-24 21:00:00,98.97298
2011-04-24 22:00:00,92.2729
2011-04-24 23:00:00,90.22571
2011-04-25 00:00:00,105.59653
2011-04-25 01:00:00,105.060074
2011-04-25 02:00:00,105.060074
2011-04-25 03:00:00,98.851524
2011-04-25 04:00:00,101.39387
2011-04-25 05:00:00,85.16686
2011-04-25 06:00:00,95.98382
2011-04-25 07:00:00,103.85268
2011-04-25 08:00:00,124.27603
2011-04-25 09:00:00,141.49416
2011-04-25 10:00:00,187.18188
2011-04-25 11:00:00,187.18188
2011-04-25 12:00:00,194.79735
2011-04-25 13:00:00,246.35283
2011-04-25 14:00:00,313.17325
2011-04-25 15:00:00,321.10828
2011-04-25 16:00:00,321.73367
2011-04-25 17:00:00,319.38052
2011-04-25 18:00:00,287.2723
2011-04-25 19:00:00,270.72293
2011-04-25 20:00:00,243.47081
2011-04-25 21:00:00,193.89699
2011-04-25 22:00:00,178.1277
2011-04-25 23:00:00,151.82825
2011-04-26 00:00:00,196.12407
2011-04-26 01:00:00,183.4818
2011-04-26 02:00:00,136.00371
2011-04-26 03:00:00,123.78398
2011-04-26 04:00:00,133.95378
2011-04-26 05:00:00,122.96346
2011-04-26 06:00:00,127.55261
2011-04-26 07:00:00,140.59326
2011-04-26 08:00:00,140.59325
2011-04-26 09:00:00,197.18504
2011-04-26 10:00:00,216.28017
2011-04-26 11:00:00,237.61342
2011-04-26 12:00:00,279.48587
2011-04-26 13:00:00,370.84836
2011-04-26 14:00:00,310.44757
2011-04-26 15:00:00,277.1327
2011-04-26 16:00:00,297.426
2011-04-26 17:00:00,261.78604
2011-04-26 18:00:00,242.06007
2011-04-26 19:00:00,201.63171
2011-04-26 20:00:00,197.18504
2011-04-26 21:00:00,169.78252
2011-04-26 22:00:00,147.33511
2011-04-26 23:00:00,148.15565
2011-04-27 00:00:00,143.95299
2011-04-27 01:00:00,144.77075
2011-04-27 02:00:00,133.78044
2011-04-27 03:00:00,138.80362
2011-04-27 04:00:00,120.85252
2011-04-27 05:00:00,125.87297
2011-04-27 06:00:00,121.6703
2011-04-27 07:00:00,138.80362
2011-04-27 08:00:00,140.03302
2011-04-27 09:00:00,147.42339
2011-04-27 10:00:00,158.53319
2011-04-27 11:00:00,180.36815
2011-04-27 12:00:00,187.73006
2011-04-27 13:00:00,177.35623
2011-04-27 14:00:00,205.17116
2011-04-27 15:00:00,256.94003
2011-04-27 16:00:00,232.04985
2011-04-27 17:00:00,186.72093
2011-04-27 18:00:00,186.72093
2011-04-27 19:00:00,169.78252
2011-04-27 20:00:00,164.21223
2011-04-27 21:00:00,144.94215
2011-04-27 22:00:00,150.37424
2011-04-27 23:00:00,151.192
2011-04-28 00:00:00,181.8029
2011-04-28 01:00:00,166.31674
2011-04-28 02:00:00,170.76341
2011-04-28 03:00:00,188.1517
2011-04-28 04:00:00,168.53635
2011-04-28 05:00:00,166.31674
2011-04-28 06:00:00,193.70819
2011-04-28 07:00:00,192.59837
2011-04-28 08:00:00,200.74515
2011-04-28 09:00:00,154.57689
2011-04-28 10:00:00,149.14484
2011-04-28 11:00:00,158.53319
2011-04-28 12:00:00,171.67719
2011-04-28 13:00:00,159.643
2011-04-28 14:00:00,155.52127
2011-04-28 15:00:00,214.06055
2011-04-28 16:00:00,167.55545
2011-04-28 17:00:00,324.51974
2011-04-28 18:00:00,324.51974
2011-04-28 19:00:00,319.48947
2011-04-28 20:00:00,281.8847
2011-04-28 21:00:00,242.7468
2011-04-28 22:00:00,244.29213
2011-04-28 23:00:00,237.7664
2011-04-29 00:00:00,272.4475
2011-04-29 01:00:00,218.72623
2011-04-29 02:00:00,130.72757
2011-04-29 03:00:00,140.57716
2011-04-29 04:00:00,168.25993
2011-04-29 05:00:00,185.59576
2011-04-29 06:00:00,218.24886
2011-04-29 07:00:00,251.30286
2011-04-29 08:00:00,287.81516
2011-04-29 09:00:00,288.9937
2011-04-29 10:00:00,296.2029
2011-04-29 11:00:00,304.72504
2011-04-29 12:00:00,301.6281
2011-04-29 13:00:00,306.79797
2011-04-29 14:00:00,340.79614
2011-04-29 15:00:00,294.22476
2011-04-29 16:00:00,267.93878
2011-04-29 17:00:00,234.6278
2011-04-29 18:00:00,217.44939
2011-04-29 19:00:00,169.32329
2011-04-29 20:00:00,188.86546
2011-04-29 21:00:00,170.2721
2011-04-29 22:00:00,132.59102
2011-04-29 23:00:00,164.17558
2011-04-30 00:00:00,140.61775
2011-04-30 01:00:00,140.22852
2011-04-30 02:00:00,140.48814
2011-04-30 03:00:00,135.69952
2011-04-30 04:00:00,135.82956
2011-04-30 05:00:00,137.3855
2011-04-30 06:00:00,110.50684
2011-04-30 07:00:00,129.24982
2011-04-30 08:00:00,122.576065
2011-04-30 09:00:00,151.5248
2011-04-30 10:00:00,223.47362
2011-04-30 11:00:00,250.38483
2011-04-30 12:00:00,266.9382
2011-04-30 13:00:00,297.89603
2011-04-30 14:00:00,294.95557
2011-04-30 15:00:00,325.32767
2011-04-30 16:00:00,337.24158
2011-04-30 17:00:00,281.28418
2011-04-30 18:00:00,265.9376
2011-04-30 19:00:00,265.9376
2011-04-30 20:00:00,104.7095
2011-04-30 21:00:00,104.7095
2011-04-30 22:00:00,92.03576
2011-04-30 23:00:00,92.03576
2011-05-20 00:00:00,90.12309
2011-05-20 01:00:00,80.9642
2011-05-20 02:00:00,78.0161
2011-05-20 03:00:00,75.55729
2011-05-20 04:00:00,84.71619
2011-05-20 05:00:00,85.12506
2011-05-20 06:00:00,97.23206
2011-05-20 07:00:00,121.970795
2011-05-20 08:00:00,141.82076
2011-05-20 09:00:00,158.49763
2011-05-20 10:00:00,175.36568
2011-05-20 11:00:00,198.59363
2011-05-20 12:00:00,237.75487
2011-05-20 13:00:00,235.81854
2011-05-20 14:00:00,269.90323
2011-05-20 15:00:00,235.40169
2011-05-20 16:00:00,255.98344
2011-05-20 17:00:00,208.0538
2011-05-20 18:00:00,237.34192
2011-05-20 19:00:00,175.73639
2011-05-20 20:00:00,176.84619
2011-05-20 21:00:00,168.6994
2011-05-20 22:00:00,132.7516
2011-05-20 23:00:00,134.94478
2011-05-21 00:00:00,102.50287
2011-05-21 01:00:00,105.21858
2011-05-21 02:00:00,108.08628
2011-05-21 03:00:00,86.10252
2011-05-21 04:00:00,74.81017
2011-05-21 05:00:00,73.9924
2011-05-21 06:00:00,92.32721
2011-05-21 07:00:00,115.28282
2011-05-21 08:00:00,148.23819
2011-05-21 09:00:00,194.5502
2011-05-21 10:00:00,220.05206
2011-05-21 11:00:00,287.54587
2011-05-21 12:00:00,306.76004
2011-05-21 13:00:00,321.958
2011-05-21 14:00:00,330.00677
2011-05-21 15:00:00,396.1331
2011-05-21 16:00:00,428.08237
2011-05-21 17:00:00,394.66898
2011-05-21 18:00:00,374.1439
2011-05-21 19:00:00,353.4221
2011-05-21 20:00:00,215.93306
2011-05-21 21:00:00,220.05206
2011-05-21 22:00:00,154.87933
2011-05-21 23:00:00,117.204346
2011-05-22 00:00:00,97.26773
2011-05-22 01:00:00,84.3371
2011-05-22 02:00:00,83.519325
2011-05-22 03:00:00,71.409195
2011-05-22 04:00:00,68.5415
2011-05-22 05:00:00,71.409195
2011-05-22 06:00:00,83.519325
2011-05-22 07:00:00,95.62944
2011-05-22 08:00:00,139.72624
2011-05-22 09:00:00,169.07951
2011-05-22 10:00:00,206.83388
2011-05-22 11:00:00,325.34238
2011-05-22 12:00:00,356.717
2011-05-22 13:00:00,292.68463
2011-05-22 14:00:00,174.85197
2011-05-22 15:00:00,245.73051
2011-05-22 16:00:00,263.0416
2011-05-22 17:00:00,302.20926
2011-05-22 18:00:00,251.19847
2011-05-22 19:00:00,250.01993
2011-05-22 20:00:00,208.01244
2011-05-22 21:00:00,153.96623
2011-05-22 22:00:00,118.2545
2011-05-22 23:00:00,117.05025
2011-05-23 00:00:00,129.29645
2011-05-23 01:00:00,124.27603
2011-05-23 02:00:00,134.31964
2011-05-23 03:00:00,122.21265
2011-05-23 04:00:00,113.50399
2011-05-23 05:00:00,113.50399
2011-05-23 06:00:00,106.803894
2011-05-23 07:00:00,121.778595
2011-05-23 08:00:00,137.07645
2011-05-23 09:00:00,137.89697
2011-05-23 10:00:00,198.13422
2011-05-23 11:00:00,226.65396
2011-05-23 12:00:00,226.65396
2011-05-23 13:00:00,326.20715
2011-05-23 14:00:00,293.7464
2011-05-23 15:00:00,290.80597
2011-05-23 16:00:00,284.9211
2011-05-23 17:00:00,250.11186
2011-05-23 18:00:00,214.98975
2011-05-23 19:00:00,210.5431
2011-05-23 20:00:00,156.42868
2011-05-23 21:00:00,147.59726
2011-05-23 22:00:00,136.1312
2011-05-23 23:00:00,146.68602
2011-05-24 00:00:00,133.63068
2011-05-24 01:00:00,132.8129
2011-05-24 02:00:00,133.63068
2011-05-24 03:00:00,127.188675
2011-05-24 04:00:00,134.62038
2011-05-24 05:00:00,131.28304
2011-05-24 06:00:00,129.64473
2011-05-24 07:00:00,177.81615
2011-05-24 08:00:00,158.20825
2011-05-24 09:00:00,189.07655
2011-05-24 10:00:00,275.9581
2011-05-24 11:00:00,321.10828
2011-05-24 12:00:00,388.48892
2011-05-24 13:00:00,346.75964
2011-05-24 14:00:00,357.13394
2011-05-24 15:00:00,342.20703
2011-05-24 16:00:00,204.04996
2011-05-24 17:00:00,260.5495
2011-05-24 18:00:00,217.59258
2011-05-24 19:00:00,190.35068
2011-05-24 20:00:00,182.57458
2011-05-24 21:00:00,161.79659
2011-05-24 22:00:00,151.70918
2011-05-24 23:00:00,196.37453
2011-05-25 00:00:00,152.35829
2011-05-25 01:00:00,146.13087
2011-05-25 02:00:00,118.910904
2011-05-25 03:00:00,106.28672
2011-05-25 04:00:00,105.46895
2011-05-25 05:00:00,123.86714
2011-05-25 06:00:00,117.16706
2011-05-25 07:00:00,172.36137
2011-05-25 08:00:00,198.14131
2011-05-25 09:00:00,225.71257
2011-05-25 10:00:00,255.37962
2011-05-25 11:00:00,274.51035
2011-05-25 12:00:00,286.9874
2011-05-25 13:00:00,286.9874
2011-05-25 14:00:00,297.3618
2011-05-25 15:00:00,336.46503
2011-05-25 16:00:00,341.8223
2011-05-25 17:00:00,321.10828
2011-05-25 18:00:00,306.32858
2011-05-25 19:00:00,268.3074
2011-05-25 20:00:00,269.48596
2011-05-25 21:00:00,199.60326
2011-05-25 22:00:00,208.4966
2011-05-25 23:00:00,180.50815
2011-05-26 00:00:00,180.50816
2011-05-26 01:00:00,180.50816
2011-05-26 02:00:00,146.08644
2011-05-26 03:00:00,134.21149
2011-05-26 04:00:00,131.75267
2011-05-26 05:00:00,138.41415
2011-05-26 06:00:00,123.58989
2011-05-26 07:00:00,141.15161
2011-05-26 08:00:00,165.9223
2011-05-26 09:00:00,231.76976
2011-05-26 10:00:00,214.98975
2011-05-26 11:00:00,274.98398
2011-05-26 12:00:00,358.67856
2011-05-26 13:00:00,364.13565
2011-05-26 14:00:00,364.13565
2011-05-26 15:00:00,376.4311
2011-05-26 16:00:00,394.26553
2011-05-26 17:00:00,362.93756
2011-05-26 18:00:00,378.48172
2011-05-26 19:00:00,372.67822
2011-05-26 20:00:00,289.31302
2011-05-26 21:00:00,260.39673
2011-05-26 22:00:00,242.82112
2011-05-26 23:00:00,245.17427
2011-05-27 00:00:00,216.64337
2011-05-27 01:00:00,293.89426
2011-05-27 02:00:00,256.49243
2011-05-27 03:00:00,210.33777
2011-05-27 04:00:00,191.46758
2011-05-27 05:00:00,213.54738
2011-05-27 06:00:00,188.13814
2011-05-27 07:00:00,182.73523
2011-05-27 08:00:00,197.0244
2011-05-27 09:00:00,248.70598
2011-05-27 10:00:00,338.28702
2011-05-27 11:00:00,341.79413
2011-05-27 12:00:00,355.99033
2011-05-27 13:00:00,305.3418
2011-05-27 14:00:00,334.10538
2011-05-27 15:00:00,354.88812
2011-05-27 16:00:00,359.52206
2011-05-27 17:00:00,328.1474
2011-05-27 18:00:00,284.9211
2011-05-27 19:00:00,167.66321
2011-05-27 20:00:00,183.15685
2011-05-27 21:00:00,140.67639
2011-05-27 22:00:00,150.52643
2011-05-27 23:00:00,130.50385
2011-05-28 00:00:00,107.26418
2011-05-28 01:00:00,108.90247
2011-05-28 02:00:00,96.792336
2011-05-28 03:00:00,104.31294
2011-05-28 04:00:00,105.13071
2011-05-28 05:00:00,104.31294
2011-05-28 06:00:00,116.12417
2011-05-28 07:00:00,121.53108
2011-05-28 08:00:00,140.26697
2011-05-28 09:00:00,166.55968
2011-05-28 10:00:00,256.43365
2011-05-28 11:00:00,256.43365
2011-05-28 12:00:00,317.58405
2011-05-28 13:00:00,295.17633
2011-05-28 14:00:00,331.7561
2011-05-28 15:00:00,350.87076
2011-05-28 16:00:00,368.59872
2011-05-28 17:00:00,353.81122
2011-05-28 18:00:00,296.35092
2011-05-28 19:00:00,255.25511
2011-05-28 20:00:00,256.43365
2011-05-28 21:00:00,175.29239
2011-05-28 22:00:00,157.10469
2011-05-28 23:00:00,131.35982
2011-05-29 00:00:00,133.58687
2011-05-29 01:00:00,118.42592
2011-05-29 02:00:00,116.78762
2011-05-29 03:00:00,116.78762
2011-05-29 04:00:00,110.97183
2011-05-29 05:00:00,105.37056
2011-05-29 06:00:00,123.44635
2011-05-29 07:00:00,125.08464
2011-05-29 08:00:00,124.26687
2011-05-29 09:00:00,117.91196
2011-05-29 10:00:00,147.52716
2011-05-29 11:00:00,151.97383
2011-05-29 12:00:00,200.25603
2011-05-29 13:00:00,246.55692
2011-05-29 14:00:00,261.9317
2011-05-29 15:00:00,262.519
2011-05-29 16:00:00,261.9317
2011-05-29 17:00:00,261.9317
2011-05-29 18:00:00,225.35197
2011-05-29 19:00:00,224.1734
2011-05-29 20:00:00,171.77492
2011-05-29 21:00:00,148.77731
2011-05-29 22:00:00,127.30568
2011-05-29 23:00:00,128.1262
2011-05-30 00:00:00,113.21701
2011-05-30 01:00:00,111.57872
2011-05-30 02:00:00,113.21701
2011-05-30 03:00:00,113.21701
2011-05-30 04:00:00,106.99232
2011-05-30 05:00:00,109.55668
2011-05-30 06:00:00,114.5547
2011-05-30 07:00:00,112.095894
2011-05-30 08:00:00,126.42967
2011-05-30 09:00:00,216.36563
2011-05-30 10:00:00,405.33652
2011-05-30 11:00:00,354.22006
2011-05-30 12:00:00,405.78998
2011-05-30 13:00:00,402.8661
2011-05-30 14:00:00,381.39948
2011-05-30 15:00:00,469.4255
2011-05-30 16:00:00,481.25922
2011-05-30 17:00:00,451.8236
2011-05-30 18:00:00,431.1096
2011-05-30 19:00:00,231.26295
2011-05-30 20:00:00,332.31827
2011-05-30 21:00:00,254.70732
2011-05-30 22:00:00,219.30608
2011-05-30 23:00:00,151.52895
2011-05-31 00:00:00,186.84067
2011-05-31 01:00:00,155.6771
2011-05-31 02:00:00,149.16461
2011-05-31 03:00:00,139.59648
2011-05-31 04:00:00,156.49452
2011-05-31 05:00:00,156.49452
2011-05-31 06:00:00,177.02206
2011-05-31 07:00:00,268.11023
2011-05-31 08:00:00,295.4484
2011-05-31 09:00:00,304.28442
2011-05-31 10:00:00,309.30145
2011-05-31 11:00:00,281.0469
2011-05-31 12:00:00,327.64484
2011-05-31 13:00:00,355.69058
2011-05-31 14:00:00,300.17758
2011-05-31 15:00:00,357.1499
2011-05-31 16:00:00,345.3162
2011-05-31 17:00:00,348.4386
2011-05-31 18:00:00,338.06424
2011-05-31 19:00:00,282.74905
2011-05-31 20:00:00,282.74905
2011-05-31 21:00:00,273.91382
2011-05-31 22:00:00,247.14458
2011-05-31 23:00:00,196.65923
2011-06-20 00:00:00,161.80057
2011-06-20 01:00:00,143.91179
2011-06-20 02:00:00,143.91179
2011-06-20 03:00:00,149.85828
2011-06-20 04:00:00,150.0709
2011-06-20 05:00:00,155.30954
2011-06-20 06:00:00,158.76987
2011-06-20 07:00:00,135.1374
2011-06-20 08:00:00,140.72081
2011-06-20 09:00:00,163.5415
2011-06-20 10:00:00,163.5415
2011-06-20 11:00:00,152.42854
2011-06-20 12:00:00,186.90578
2011-06-20 13:00:00,200.20735
2011-06-20 14:00:00,236.41133
2011-06-20 15:00:00,237.58594
2011-06-20 16:00:00,283.62317
2011-06-20 17:00:00,229.79703
2011-06-20 18:00:00,273.0137
2011-06-20 19:00:00,217.23643
2011-06-20 20:00:00,206.27702
2011-06-20 21:00:00,182.73521
2011-06-20 22:00:00,191.30362
2011-06-20 23:00:00,167.55545
2011-06-21 00:00:00,153.63875
2011-06-21 01:00:00,167.568
2011-06-21 02:00:00,146.51115
2011-06-21 03:00:00,146.51115
2011-06-21 04:00:00,122.79828
2011-06-21 05:00:00,123.61605
2011-06-21 06:00:00,123.61605
2011-06-21 07:00:00,112.282135
2011-06-21 08:00:00,128.20518
2011-06-21 09:00:00,133.67357
2011-06-21 10:00:00,151.07294
2011-06-21 11:00:00,154.55014
2011-06-21 12:00:00,198.846
2011-06-21 13:00:00,267.05832
2011-06-21 14:00:00,310.24435
2011-06-21 15:00:00,329.99463
2011-06-21 16:00:00,325.4586
2011-06-21 17:00:00,308.6674
2011-06-21 18:00:00,261.61295
2011-06-21 19:00:00,225.36864
2011-06-21 20:00:00,238.77802
2011-06-21 21:00:00,210.88417
2011-06-21 22:00:00,180.70004
2011-06-21 23:00:00,194.39932
2011-06-22 00:00:00,170.46904
2011-06-22 01:00:00,166.02237
2011-06-22 02:00:00,156.01921
2011-06-22 03:00:00,166.02237
2011-06-22 04:00:00,132.50139
2011-06-22 05:00:00,125.42819
2011-06-22 06:00:00,142.31993
2011-06-22 07:00:00,172.9165
2011-06-22 08:00:00,204.21788
2011-06-22 09:00:00,194.9653
2011-06-22 10:00:00,245.09981
2011-06-22 11:00:00,241.57204
2011-06-22 12:00:00,339.09103
2011-06-22 13:00:00,356.68433
2011-06-22 14:00:00,369.2513
2011-06-22 15:00:00,364.96164
2011-06-22 16:00:00,375.42044
2011-06-22 17:00:00,393.1533
2011-06-22 18:00:00,347.34067
2011-06-22 19:00:00,353.57373
2011-06-22 20:00:00,219.16035
2011-06-22 21:00:00,203.10097
2011-06-22 22:00:00,201.30663
2011-06-22 23:00:00,203.5337
2011-06-23 00:00:00,199.41197
2011-06-23 01:00:00,213.11122
2011-06-23 02:00:00,213.11122
2011-06-23 03:00:00,212.7863
2011-06-23 04:00:00,187.04138
2011-06-23 05:00:00,208.66455
2011-06-23 06:00:00,208.66455
2011-06-23 07:00:00,210.55922
2011-06-23 08:00:00,239.6318
2011-06-23 09:00:00,237.27866
2011-06-23 10:00:00,285.38596
2011-06-23 11:00:00,288.2074
2011-06-23 12:00:00,288.27774
2011-06-23 13:00:00,309.48267
2011-06-23 14:00:00,288.86508
2011-06-23 15:00:00,371.8857
2011-06-23 16:00:00,290.44202
2011-06-23 17:00:00,236.51265
2011-06-23 18:00:00,236.8376
2011-06-23 19:00:00,233.84401
2011-06-23 20:00:00,203.29268
2011-06-23 21:00:00,201.06561
2011-06-23 22:00:00,207.4144
2011-06-23 23:00:00,207.73935
2011-06-24 00:00:00,177.54778
2011-06-24 01:00:00,166.78036
2011-06-24 02:00:00,166.78036
2011-06-24 03:00:00,154.55014
2011-06-24 04:00:00,148.99367
2011-06-24 05:00:00,127.88701
2011-06-24 06:00:00,152.32309
2011-06-24 07:00:00,163.11856
2011-06-24 08:00:00,203.29268
2011-06-24 09:00:00,274.5998
2011-06-24 10:00:00,360.78433
2011-06-24 11:00:00,379.85678
2011-06-24 12:00:00,360.3127
2011-06-24 13:00:00,355.6889
2011-06-24 14:00:00,353.38406
2011-06-24 15:00:00,408.1081
2011-06-24 16:00:00,412.65057
2011-06-24 17:00:00,351.99042
2011-06-24 18:00:00,364.3926
2011-06-24 19:00:00,334.39716
2011-06-24 20:00:00,308.9982
2011-06-24 21:00:00,296.61017
2011-06-24 22:00:00,259.4313
2011-06-24 23:00:00,287.30093
2011-06-25 00:00:00,371.81653
2011-06-25 01:00:00,336.03293
2011-06-25 02:00:00,341.60675
2011-06-25 03:00:00,276.87094
2011-06-25 04:00:00,276.87094
2011-06-25 05:00:00,235.01735
2011-06-25 06:00:00,275.95248
2011-06-25 07:00:00,274.11856
2011-06-25 08:00:00,372.92636
2011-06-25 09:00:00,399.3102
2011-06-25 10:00:00,401.01398
2011-06-25 11:00:00,356.65176
2011-06-25 12:00:00,434.69025
2011-06-25 13:00:00,434.69025
2011-06-25 14:00:00,409.82062
2011-06-25 15:00:00,349.5098
2011-06-25 16:00:00,437.57675
2011-06-25 17:00:00,418.63492
2011-06-25 18:00:00,399.3102
2011-06-25 19:00:00,383.89447
2011-06-25 20:00:00,374.76025
2011-06-25 21:00:00,339.95383
2011-06-25 22:00:00,370.90112
2011-06-25 23:00:00,338.3967
2011-06-26 00:00:00,314.69305
2011-06-26 01:00:00,311.48294
2011-06-26 02:00:00,277.13342
2011-06-26 03:00:00,209.54893
2011-06-26 04:00:00,210.00664
2011-06-26 05:00:00,212.75902
2011-06-26 06:00:00,212.75902
2011-06-26 07:00:00,239.14288
2011-06-26 08:00:00,245.00822
2011-06-26 09:00:00,306.46182
2011-06-26 10:00:00,374.32825
2011-06-26 11:00:00,384.48697
2011-06-26 12:00:00,401.63626
2011-06-26 13:00:00,356.18008
2011-06-26 14:00:00,393.35892
2011-06-26 15:00:00,356.18008
2011-06-26 16:00:00,410.3576
2011-06-26 17:00:00,417.20032
2011-06-26 18:00:00,405.79947
2011-06-26 19:00:00,394.97
2011-06-26 20:00:00,383.9988
2011-06-26 21:00:00,336.20477
2011-06-26 22:00:00,336.0555
2011-06-26 23:00:00,330.17325
2011-06-27 00:00:00,194.41562
2011-06-27 01:00:00,155.53343
2011-06-27 02:00:00,167.43794
2011-06-27 03:00:00,167.43794
2011-06-27 04:00:00,134.24265
2011-06-27 05:00:00,142.3894
2011-06-27 06:00:00,157.7605
2011-06-27 07:00:00,184.0532
2011-06-27 08:00:00,183.10027
2011-06-27 09:00:00,264.64316
2011-06-27 10:00:00,301.822
2011-06-27 11:00:00,252.9189
2011-06-27 12:00:00,264.64316
2011-06-27 13:00:00,303.9097
2011-06-27 14:00:00,279.92493
2011-06-27 15:00:00,264.42978
2011-06-27 16:00:00,276.0649
2011-06-27 17:00:00,284.31458
2011-06-27 18:00:00,251.4598
2011-06-27 19:00:00,278.3444
2011-06-27 20:00:00,236.07397
2011-06-27 21:00:00,218.96031
2011-06-27 22:00:00,192.96455
2011-06-27 23:00:00,192.96455
2011-06-28 00:00:00,170.14409
2011-06-28 01:00:00,168.65042
2011-06-28 02:00:00,179.73637
2011-06-28 03:00:00,179.73637
2011-06-28 04:00:00,168.65042
2011-06-28 05:00:00,156.01921
2011-06-28 06:00:00,154.55014
2011-06-28 07:00:00,166.58833
2011-06-28 08:00:00,185.14673
2011-06-28 09:00:00,221.82402
2011-06-28 10:00:00,318.64493
2011-06-28 11:00:00,282.53244
2011-06-28 12:00:00,346.0479
2011-06-28 13:00:00,284.2625
2011-06-28 14:00:00,354.09738
2011-06-28 15:00:00,298.80466
2011-06-28 16:00:00,372.56546
2011-06-28 17:00:00,382.2557
2011-06-28 18:00:00,381.36093
2011-06-28 19:00:00,322.40045
2011-06-28 20:00:00,230.47122
2011-06-28 21:00:00,271.76465
2011-06-28 22:00:00,218.12569
2011-06-28 23:00:00,217.01588
2011-06-29 00:00:00,188.34323
2011-06-29 01:00:00,185.3313
2011-06-29 02:00:00,158.99684
2011-06-29 03:00:00,154.2252
2011-06-29 04:00:00,150.10349
2011-06-29 05:00:00,146.95122
2011-06-29 06:00:00,204.58308
2011-06-29 07:00:00,307.13058
2011-06-29 08:00:00,337.94147
2011-06-29 09:00:00,370.98135
2011-06-29 10:00:00,351.3958
2011-06-29 11:00:00,348.50204
2011-06-29 12:00:00,356.7517
2011-06-29 13:00:00,391.32275
2011-06-29 14:00:00,354.1163
2011-06-29 15:00:00,350.4145
2011-06-29 16:00:00,420.69922
2011-06-29 17:00:00,401.34827
2011-06-29 18:00:00,387.80676
2011-06-29 19:00:00,393.95825
2011-06-29 20:00:00,362.19095
2011-06-29 21:00:00,339.80905
2011-06-29 22:00:00,322.22253
2011-06-29 23:00:00,313.35056
2011-06-30 00:00:00,295.75723
2011-06-30 01:00:00,283.36923
2011-06-30 02:00:00,267.56686
2011-06-30 03:00:00,230.92659
2011-06-30 04:00:00,184.6327
2011-06-30 05:00:00,185.152
2011-06-30 06:00:00,210.1251
2011-06-30 07:00:00,223.61385
2011-06-30 08:00:00,321.62784
2011-06-30 09:00:00,330.49982
2011-06-30 10:00:00,324.3898
2011-06-30 11:00:00,316.73474
2011-06-30 12:00:00,331.97507
2011-06-30 13:00:00,344.986
2011-06-30 14:00:00,351.91455
2011-06-30 15:00:00,377.52686
2011-06-30 16:00:00,349.49252
2011-06-30 17:00:00,406.89334
2011-06-30 18:00:00,371.0356
2011-06-30 19:00:00,342.78433
2011-06-30 20:00:00,342.78433
2011-06-30 21:00:00,311.51633
2011-06-30 22:00:00,313.97287
2011-06-30 23:00:00,250.30103
2011-07-20 00:00:00,167.00078
2011-07-20 01:00:00,159.21724
2011-07-20 02:00:00,159.21724
2011-07-20 03:00:00,167.00078
2011-07-20 04:00:00,152.13849
2011-07-20 05:00:00,159.92204
2011-07-20 06:00:00,147.60466
2011-07-20 07:00:00,171.12251
2011-07-20 08:00:00,213.86676
2011-07-20 09:00:00,238.63158
2011-07-20 10:00:00,227.62756
2011-07-20 11:00:00,280.32852
2011-07-20 12:00:00,267.21402
2011-07-20 13:00:00,330.2635
2011-07-20 14:00:00,347.84998
2011-07-20 15:00:00,333.26645
2011-07-20 16:00:00,276.55765
2011-07-20 17:00:00,328.3201
2011-07-20 18:00:00,337.06583
2011-07-20 19:00:00,309.28946
2011-07-20 20:00:00,283.73883
2011-07-20 21:00:00,299.46695
2011-07-20 22:00:00,287.4342
2011-07-20 23:00:00,237.12303
2011-07-21 00:00:00,231.65508
2011-07-21 01:00:00,199.653
2011-07-21 02:00:00,199.653
2011-07-21 03:00:00,204.99567
2011-07-21 04:00:00,182.61287
2011-07-21 05:00:00,182.61287
2011-07-21 06:00:00,182.61287
2011-07-21 07:00:00,192.97926
2011-07-21 08:00:00,218.72417
2011-07-21 09:00:00,277.54544
2011-07-21 10:00:00,334.5546
2011-07-21 11:00:00,382.85233
2011-07-21 12:00:00,387.46884
2011-07-21 13:00:00,379.1915
2011-07-21 14:00:00,407.92508
2011-07-21 15:00:00,381.33148
2011-07-21 16:00:00,398.48087
2011-07-21 17:00:00,404.54907
2011-07-21 18:00:00,386.3193
2011-07-21 19:00:00,362.34235
2011-07-21 20:00:00,328.8926
2011-07-21 21:00:00,314.9404
2011-07-21 22:00:00,304.96533
2011-07-21 23:00:00,295.6487
2011-07-22 00:00:00,305.30176
2011-07-22 01:00:00,255.52415
2011-07-22 02:00:00,235.09288
2011-07-22 03:00:00,255.15138
2011-07-22 04:00:00,231.24216
2011-07-22 05:00:00,198.6543
2011-07-22 06:00:00,230.65483
2011-07-22 07:00:00,299.80396
2011-07-22 08:00:00,333.0748
2011-07-22 09:00:00,307.72763
2011-07-22 10:00:00,335.90308
2011-07-22 11:00:00,336.73834
2011-07-22 12:00:00,372.82706
2011-07-22 13:00:00,376.11664
2011-07-22 14:00:00,422.63907
2011-07-22 15:00:00,413.29544
2011-07-22 16:00:00,430.35648
2011-07-22 17:00:00,331.28156
2011-07-22 18:00:00,358.1523
2011-07-22 19:00:00,345.02786
2011-07-22 20:00:00,276.55765
2011-07-22 21:00:00,292.01837
2011-07-22 22:00:00,324.88907
2011-07-22 23:00:00,312.05252
2011-07-23 00:00:00,352.92358
2011-07-23 01:00:00,386.14233
2011-07-23 02:00:00,357.21323
2011-07-23 03:00:00,313.4546
2011-07-23 04:00:00,294.41397
2011-07-23 05:00:00,316.7935
2011-07-23 06:00:00,386.99182
2011-07-23 07:00:00,378.74216
2011-07-23 08:00:00,440.12473
2011-07-23 09:00:00,412.01303
2011-07-23 10:00:00,444.5539
2011-07-23 11:00:00,450.1681
2011-07-23 12:00:00,437.99014
2011-07-23 13:00:00,454.33823
2011-07-23 14:00:00,407.5892
2011-07-23 15:00:00,408.88202
2011-07-23 16:00:00,446.06085
2011-07-23 17:00:00,446.06085
2011-07-23 18:00:00,469.13513
2011-07-23 19:00:00,404.07077
2011-07-23 20:00:00,398.3238
2011-07-23 21:00:00,398.3238
2011-07-23 22:00:00,377.51727
2011-07-23 23:00:00,372.50906
2011-07-24 00:00:00,372.50906
2011-07-24 01:00:00,314.04193
2011-07-24 02:00:00,355.2671
2011-07-24 03:00:00,355.2671
2011-07-24 04:00:00,314.04193
2011-07-24 05:00:00,313.4546
2011-07-24 06:00:00,361.75632
2011-07-24 07:00:00,376.35687
2011-07-24 08:00:00,415.53848
2011-07-24 09:00:00,419.6575
2011-07-24 10:00:00,471.06033
2011-07-24 11:00:00,437.09232
2011-07-24 12:00:00,438.5033
2011-07-24 13:00:00,437.04727
2011-07-24 14:00:00,455.51614
2011-07-24 15:00:00,465.2233
2011-07-24 16:00:00,465.2233
2011-07-24 17:00:00,425.82864
2011-07-24 18:00:00,433.04654
2011-07-24 19:00:00,418.94156
2011-07-24 20:00:00,412.01303
2011-07-24 21:00:00,353.95914
2011-07-24 22:00:00,312.89792
2011-07-24 23:00:00,265.2256
2011-07-25 00:00:00,241.35323
2011-07-25 01:00:00,227.54002
2011-07-25 02:00:00,201.66623
2011-07-25 03:00:00,190.87076
2011-07-25 04:00:00,177.38133
2011-07-25 05:00:00,177.38133
2011-07-25 06:00:00,181.50307
2011-07-25 07:00:00,194.99248
2011-07-25 08:00:00,227.15828
2011-07-25 09:00:00,253.58073
2011-07-25 10:00:00,267.21402
2011-07-25 11:00:00,345.6141
2011-07-25 12:00:00,345.6141
2011-07-25 13:00:00,218.69492
2011-07-25 14:00:00,201.30661
2011-07-25 15:00:00,188.12434
2011-07-25 16:00:00,175.89413
2011-07-25 17:00:00,198.52016
2011-07-25 18:00:00,217.39845
2011-07-25 19:00:00,238.63158
2011-07-25 20:00:00,206.4375
2011-07-25 21:00:00,159.21724
2011-07-25 22:00:00,159.21724
2011-07-25 23:00:00,165.89098
2011-07-26 00:00:00,180.70006
2011-07-26 01:00:00,180.70006
2011-07-26 02:00:00,143.48293
2011-07-26 03:00:00,145.70255
2011-07-26 04:00:00,150.66945
2011-07-26 05:00:00,133.29391
2011-07-26 06:00:00,168.81541
2011-07-26 07:00:00,256.38983
2011-07-26 08:00:00,300.84158
2011-07-26 09:00:00,341.7974
2011-07-26 10:00:00,362.39365
2011-07-26 11:00:00,304.9583
2011-07-26 12:00:00,311.92136
2011-07-26 13:00:00,385.03378
2011-07-26 14:00:00,387.83737
2011-07-26 15:00:00,408.28745
2011-07-26 16:00:00,380.87552
2011-07-26 17:00:00,406.7594
2011-07-26 18:00:00,409.0843
2011-07-26 19:00:00,369.27432
2011-07-26 20:00:00,345.6814
2011-07-26 21:00:00,327.77176
2011-07-26 22:00:00,286.51627
2011-07-26 23:00:00,276.32327
2011-07-27 00:00:00,321.39688
2011-07-27 01:00:00,319.49442
2011-07-27 02:00:00,345.1274
2011-07-27 03:00:00,283.28268
2011-07-27 04:00:00,308.19687
2011-07-27 05:00:00,315.56265
2011-07-27 06:00:00,307.13058
2011-07-27 07:00:00,331.8658
2011-07-27 08:00:00,343.11847
2011-07-27 09:00:00,356.7517
2011-07-27 10:00:00,293.44745
2011-07-27 11:00:00,300.41043
2011-07-27 12:00:00,383.46848
2011-07-27 13:00:00,406.32205
2011-07-27 14:00:00,373.9045
2011-07-27 15:00:00,389.08264
2011-07-27 16:00:00,361.48816
2011-07-27 17:00:00,373.4329
2011-07-27 18:00:00,338.6488
2011-07-27 19:00:00,329.97607
2011-07-27 20:00:00,329.8942
2011-07-27 21:00:00,287.53094
2011-07-27 22:00:00,261.63303
2011-07-27 23:00:00,290.54803
2011-07-28 00:00:00,289.46823
2011-07-28 01:00:00,254.49103
2011-07-28 02:00:00,276.2783
2011-07-28 03:00:00,247.34908
2011-07-28 04:00:00,257.41205
2011-07-28 05:00:00,236.07397
2011-07-28 06:00:00,203.62885
2011-07-28 07:00:00,226.19724
2011-07-28 08:00:00,267.05832
2011-07-28 09:00:00,309.2806
2011-07-28 10:00:00,349.20505
2011-07-28 11:00:00,360.02573
2011-07-28 12:00:00,351.89648
2011-07-28 13:00:00,362.1911
2011-07-28 14:00:00,370.3176
2011-07-28 15:00:00,341.51605
2011-07-28 16:00:00,335.1754
2011-07-28 17:00:00,332.1725
2011-07-28 18:00:00,339.31168
2011-07-28 19:00:00,320.91986
2011-07-28 20:00:00,312.05252
2011-07-28 21:00:00,311.02054
2011-07-28 22:00:00,264.72775
2011-07-28 23:00:00,234.76988
2011-07-29 00:00:00,203.10097
2011-07-29 01:00:00,200.87393
2011-07-29 02:00:00,190.87076
2011-07-29 03:00:00,190.87076
2011-07-29 04:00:00,180.71074
2011-07-29 05:00:00,170.7076
2011-07-29 06:00:00,174.82932
2011-07-29 07:00:00,201.66623
2011-07-29 08:00:00,229.96469
2011-07-29 09:00:00,362.1911
2011-07-29 10:00:00,389.73456
2011-07-29 11:00:00,406.02084
2011-07-29 12:00:00,413.48352
2011-07-29 13:00:00,326.11603
2011-07-29 14:00:00,397.88007
2011-07-29 15:00:00,406.12973
2011-07-29 16:00:00,450.52832
2011-07-29 17:00:00,419.43988
2011-07-29 18:00:00,416.20715
2011-07-29 19:00:00,373.20755
2011-07-29 20:00:00,392.71524
2011-07-29 21:00:00,327.98862
2011-07-29 22:00:00,335.17197
2011-07-29 23:00:00,287.57578
2011-07-30 00:00:00,359.49448
2011-07-30 01:00:00,357.8056
2011-07-30 02:00:00,357.34787
2011-07-30 03:00:00,298.34415
2011-07-30 04:00:00,261.76434
2011-07-30 05:00:00,240.98438
2011-07-30 06:00:00,241.57166
2011-07-30 07:00:00,297.9417
2011-07-30 08:00:00,359.06787
2011-07-30 09:00:00,452.225
2011-07-30 10:00:00,456.04324
2011-07-30 11:00:00,435.54663
2011-07-30 12:00:00,431.6211
2011-07-30 13:00:00,397.6758
2011-07-30 14:00:00,405.076
2011-07-30 15:00:00,442.69205
2011-07-30 16:00:00,471.82047
2011-07-30 17:00:00,434.00513
2011-07-30 18:00:00,453.7623
2011-07-30 19:00:00,434.8278
2011-07-30 20:00:00,405.38638
2011-07-30 21:00:00,402.41107
2011-07-30 22:00:00,371.34195
2011-07-30 23:00:00,357.8056
2011-07-31 00:00:00,357.8056
2011-07-31 01:00:00,295.40366
2011-07-31 02:00:00,274.1987
2011-07-31 03:00:00,270.66702
2011-07-31 04:00:00,229.80591
2011-07-31 05:00:00,236.17749
2011-07-31 06:00:00,245.18073
2011-07-31 07:00:00,322.65182
2011-07-31 08:00:00,360.67307
2011-07-31 09:00:00,356.95493
2011-07-31 10:00:00,427.29703
2011-07-31 11:00:00,443.3109
2011-07-31 12:00:00,463.07144
2011-07-31 13:00:00,448.92505
2011-07-31 14:00:00,457.20242
2011-07-31 15:00:00,502.39508
2011-07-31 16:00:00,499.19318
2011-07-31 17:00:00,473.2163
2011-07-31 18:00:00,462.36682
2011-07-31 19:00:00,404.04794
2011-07-31 20:00:00,404.04794
2011-07-31 21:00:00,362.0083
2011-07-31 22:00:00,256.94647
2011-07-31 23:00:00,279.49234
2011-08-20 00:00:00,92.48825
2011-08-20 01:00:00,103.95431
2011-08-20 02:00:00,118.56673
2011-08-20 03:00:00,118.56673
2011-08-20 04:00:00,96.6909
2011-08-20 05:00:00,98.54425
2011-08-20 06:00:00,109.1738
2011-08-20 07:00:00,103.95431
2011-08-20 08:00:00,189.72911
2011-08-20 09:00:00,245.30319
2011-08-20 10:00:00,287.2147
2011-08-20 11:00:00,312.9495
2011-08-20 12:00:00,322.65182
2011-08-20 13:00:00,357.14133
2011-08-20 14:00:00,410.66074
2011-08-20 15:00:00,419.74612
2011-08-20 16:00:00,412.6042
2011-08-20 17:00:00,410.66074
2011-08-20 18:00:00,346.98605
2011-08-20 19:00:00,299.5187
2011-08-20 20:00:00,300.69724
2011-08-20 21:00:00,238.63124
2011-08-20 22:00:00,193.50493
2011-08-20 23:00:00,194.26663
2011-08-21 00:00:00,196.61977
2011-08-21 01:00:00,156.933
2011-08-21 02:00:00,154.70593
2011-08-21 03:00:00,136.15501
2011-08-21 04:00:00,145.97359
2011-08-21 05:00:00,123.58951
2011-08-21 06:00:00,122.47971
2011-08-21 07:00:00,151.53004
2011-08-21 08:00:00,166.75159
2011-08-21 09:00:00,217.42627
2011-08-21 10:00:00,233.9475
2011-08-21 11:00:00,359.844
2011-08-21 12:00:00,400.67694
2011-08-21 13:00:00,386.34256
2011-08-21 14:00:00,187.22525
2011-08-21 15:00:00,157.49898
2011-08-21 16:00:00,183.21529
2011-08-21 17:00:00,182.03673
2011-08-21 18:00:00,186.74303
2011-08-21 19:00:00,239.80583
2011-08-21 20:00:00,168.97118
2011-08-21 21:00:00,168.97118
2011-08-21 22:00:00,168.64624
2011-08-21 23:00:00,195.44518
2011-08-22 00:00:00,175.32814
2011-08-22 01:00:00,169.77168
2011-08-22 02:00:00,239.93123
2011-08-22 03:00:00,245.50505
2011-08-22 04:00:00,224.25508
2011-08-22 05:00:00,219.98915
2011-08-22 06:00:00,238.48557
2011-08-22 07:00:00,239.6641
2011-08-22 08:00:00,239.6641
2011-08-22 09:00:00,304.65637
2011-08-22 10:00:00,337.94147
2011-08-22 11:00:00,380.64145
2011-08-22 12:00:00,391.75656
2011-08-22 13:00:00,410.14316
2011-08-22 14:00:00,403.65982
2011-08-22 15:00:00,378.85547
2011-08-22 16:00:00,403.65982
2011-08-22 17:00:00,394.27475
2011-08-22 18:00:00,386.648
2011-08-22 19:00:00,375.59454
2011-08-22 20:00:00,342.09723
2011-08-22 21:00:00,335.60596
2011-08-22 22:00:00,364.53513
2011-08-22 23:00:00,348.02225
2011-08-23 00:00:00,329.76523
2011-08-23 01:00:00,277.67123
2011-08-23 02:00:00,241.88759
2011-08-23 03:00:00,239.13521
2011-08-23 04:00:00,210.16197
2011-08-23 05:00:00,210.29156
2011-08-23 06:00:00,192.95573
2011-08-23 07:00:00,315.48135
2011-08-23 08:00:00,273.65765
2011-08-23 09:00:00,281.879
2011-08-23 10:00:00,280.4199
2011-08-23 11:00:00,316.491
2011-08-23 12:00:00,300.46292
2011-08-23 13:00:00,328.18088
2011-08-23 14:00:00,324.05606
2011-08-23 15:00:00,351.71234
2011-08-23 16:00:00,331.66925
2011-08-23 17:00:00,351.71234
2011-08-23 18:00:00,343.43494
2011-08-23 19:00:00,312.28424
2011-08-23 20:00:00,298.2486
2011-08-23 21:00:00,239.69908
2011-08-23 22:00:00,267.56686
2011-08-23 23:00:00,226.36621
2011-08-24 00:00:00,267.56686
2011-08-24 01:00:00,232.76048
2011-08-24 02:00:00,167.29689
2011-08-24 03:00:00,167.29689
2011-08-24 04:00:00,140.8389
2011-08-24 05:00:00,140.8389
2011-08-24 06:00:00,140.38445
2011-08-24 07:00:00,209.41145
2011-08-24 08:00:00,185.79332
2011-08-24 09:00:00,193.1105
2011-08-24 10:00:00,287.7344
2011-08-24 11:00:00,329.18277
2011-08-24 12:00:00,339.3364
2011-08-24 13:00:00,389.5872
2011-08-24 14:00:00,389.5872
2011-08-24 15:00:00,399.73715
2011-08-24 16:00:00,377.35367
2011-08-24 17:00:00,365.8414
2011-08-24 18:00:00,337.07788
2011-08-24 19:00:00,337.07788
2011-08-24 20:00:00,303.6965
2011-08-24 21:00:00,271.56018
2011-08-24 22:00:00,246.07387
2011-08-24 23:00:00,212.72984
2011-08-25 00:00:00,199.03056
2011-08-25 01:00:00,219.40358
2011-08-25 02:00:00,219.40358
2011-08-25 03:00:00,193.11087
2011-08-25 04:00:00,184.92632
2011-08-25 05:00:00,173.44664
2011-08-25 06:00:00,166.78036
2011-08-25 07:00:00,191.68007
2011-08-25 08:00:00,212.97087
2011-08-25 09:00:00,232.06598
2011-08-25 10:00:00,269.23706
2011-08-25 11:00:00,187.86615
2011-08-25 12:00:00,187.86615
2011-08-25 13:00:00,180.70006
2011-08-25 14:00:00,207.22534
2011-08-25 15:00:00,233.95299
2011-08-25 16:00:00,170.7076
2011-08-25 17:00:00,170.7076
2011-08-25 18:00:00,184.8325
2011-08-25 19:00:00,184.60138
2011-08-25 20:00:00,174.55247
2011-08-25 21:00:00,168.996
2011-08-25 22:00:00,127.19397
2011-08-25 23:00:00,132.71123
2011-08-26 00:00:00,136.04063
2011-08-26 01:00:00,127.19397
2011-08-26 02:00:00,124.8203
2011-08-26 03:00:00,118.59561
2011-08-26 04:00:00,121.13483
2011-08-26 05:00:00,125.33748
2011-08-26 06:00:00,121.13483
2011-08-26 07:00:00,132.50139
2011-08-26 08:00:00,150.10349
2011-08-26 09:00:00,186.61578
2011-08-26 10:00:00,256.05862
2011-08-26 11:00:00,255.16545
2011-08-26 12:00:00,279.805
2011-08-26 13:00:00,298.63675
2011-08-26 14:00:00,259.81378
2011-08-26 15:00:00,330.8137
2011-08-26 16:00:00,275.8672
2011-08-26 17:00:00,223.86667
2011-08-26 18:00:00,218.69492
2011-08-26 19:00:00,190.51863
2011-08-26 20:00:00,189.4088
2011-08-26 21:00:00,194.9653
2011-08-26 22:00:00,190.51862
2011-08-26 23:00:00,165.89098
2011-08-27 00:00:00,144.15897
2011-08-27 01:00:00,148.60562
2011-08-27 02:00:00,150.82523
2011-08-27 03:00:00,157.17403
2011-08-27 04:00:00,157.17403
2011-08-27 05:00:00,162.7305
2011-08-27 06:00:00,162.7305
2011-08-27 07:00:00,167.17719
2011-08-27 08:00:00,159.39363
2011-08-27 09:00:00,171.62386
2011-08-27 10:00:00,188.66
2011-08-27 11:00:00,140.7263
2011-08-27 12:00:00,164.40477
2011-08-27 13:00:00,156.6287
2011-08-27 14:00:00,142.59377
2011-08-27 15:00:00,142.59377
2011-08-27 16:00:00,140.37419
2011-08-27 17:00:00,163.71735
2011-08-28 07:00:00,138.11917
2011-08-28 08:00:00,142.56584
2011-08-28 09:00:00,176.93535
2011-08-28 10:00:00,291.64093
2011-08-28 11:00:00,301.93427
2011-08-28 12:00:00,373.0035
2011-08-28 13:00:00,425.40103
2011-08-28 14:00:00,455.8721
2011-08-28 15:00:00,453.51895
2011-08-28 16:00:00,485.26077
2011-08-28 17:00:00,446.2153
2011-08-28 18:00:00,418.63492
2011-08-28 19:00:00,374.3284
2011-08-28 20:00:00,376.23734
2011-08-28 21:00:00,249.329
2011-08-28 22:00:00,174.69423
2011-08-28 23:00:00,140.04955
2011-08-29 00:00:00,162.89136
2011-08-29 01:00:00,181.00511
2011-08-29 02:00:00,181.39435
2011-08-29 03:00:00,181.00511
2011-08-29 04:00:00,162.63829
2011-08-29 05:00:00,140.9685
2011-08-29 06:00:00,140.9685
2011-08-29 07:00:00,229.0927
2011-08-29 08:00:00,263.89908
2011-08-29 09:00:00,295.76175
2011-08-29 10:00:00,319.42615
2011-08-29 11:00:00,302.89917
2011-08-29 12:00:00,329.53683
2011-08-29 13:00:00,292.9526
2011-08-29 14:00:00,268.51666
2011-08-29 15:00:00,313.97287
2011-08-29 16:00:00,316.14014
2011-08-29 17:00:00,335.89062
2011-08-29 18:00:00,327.6758
2011-08-29 19:00:00,327.6758
2011-08-29 20:00:00,291.64658
2011-08-29 21:00:00,299.89624
2011-08-29 22:00:00,267.56686
2011-08-29 23:00:00,233.2182
2011-08-30 00:00:00,140.9685
2011-08-30 01:00:00,162.5087
2011-08-30 02:00:00,136.22507
2011-08-30 03:00:00,136.6143
2011-08-30 04:00:00,114.49025
2011-08-30 05:00:00,115.0361
2011-08-30 06:00:00,136.22507
2011-08-30 07:00:00,162.63829
2011-08-30 08:00:00,267.56686
2011-08-30 09:00:00,312.28424
2011-08-30 10:00:00,337.64178
2011-08-30 11:00:00,336.293
2011-08-30 12:00:00,282.58716
2011-08-30 13:00:00,313.24643
2011-08-30 14:00:00,334.5347
2011-08-30 15:00:00,346.3004
2011-08-30 16:00:00,325.01212
2011-08-30 17:00:00,324.3898
2011-08-30 18:00:00,306.8309
2011-08-30 19:00:00,275.1054
2011-08-30 20:00:00,250.30103
2011-08-30 21:00:00,200.79202
2011-08-30 22:00:00,224.97797
2011-08-30 23:00:00,224.97797
2011-08-31 00:00:00,180.55067
2011-08-31 01:00:00,180.55067
2011-08-31 02:00:00,140.38445
2011-08-31 03:00:00,119.957504
2011-08-31 04:00:00,140.38445
2011-08-31 05:00:00,108.01886
2011-08-31 06:00:00,120.78323
2011-08-31 07:00:00,134.78845
2011-08-31 08:00:00,185.20926
2011-08-31 09:00:00,183.45619
2011-08-31 10:00:00,290.3039
2011-08-31 11:00:00,307.86276
2011-08-31 12:00:00,307.6838
2011-08-31 13:00:00,308.48508
2011-08-31 14:00:00,309.5928
2011-08-31 15:00:00,309.5928
2011-08-31 16:00:00,310.06448
2011-08-31 17:00:00,300.72086
2011-08-31 18:00:00,314.27255
2011-08-31 19:00:00,356.38757
2011-08-31 20:00:00,270.8154
2011-08-31 21:00:00,242.05093
2011-08-31 22:00:00,183.06651
2011-08-31 23:00:00,141.0564
2011-09-20 00:00:00,154.82433
2011-09-20 01:00:00,108.68529
2011-09-20 02:00:00,108.68529
2011-09-20 03:00:00,115.90698
2011-09-20 04:00:00,105.30041
2011-09-20 05:00:00,109.50307
2011-09-20 06:00:00,109.50307
2011-09-20 07:00:00,108.68529
2011-09-20 08:00:00,108.643936
2011-09-20 09:00:00,107.82617
2011-09-20 10:00:00,118.294876
2011-09-20 11:00:00,118.294876
2011-09-20 12:00:00,107.39213
2011-09-20 13:00:00,106.57161
2011-09-20 14:00:00,120.32004
2011-09-20 15:00:00,153.58257
2011-09-20 16:00:00,134.24265
2011-09-20 17:00:00,125.67425
2011-09-20 18:00:00,125.67425
2011-09-20 19:00:00,110.79363
2011-09-20 20:00:00,98.68347
2011-09-20 21:00:00,98.68347
2011-09-20 22:00:00,98.68347
2011-09-20 23:00:00,98.68347
2011-09-21 00:00:00,86.57648
2011-09-21 01:00:00,93.276566
2011-09-21 02:00:00,93.276566
2011-09-21 03:00:00,99.93805
2011-09-21 04:00:00,94.464615
2011-09-21 05:00:00,95.28514
2011-09-21 06:00:00,96.10292
2011-09-21 07:00:00,96.10292
2011-09-21 08:00:00,93.64685
2011-09-21 09:00:00,98.64488
2011-09-21 10:00:00,119.93057
2011-09-21 11:00:00,142.3894
2011-09-21 12:00:00,158.6679
2011-09-21 13:00:00,185.00237
2011-09-21 14:00:00,187.222
2011-09-21 15:00:00,180.5557
2011-09-21 16:00:00,180.5557
2011-09-21 17:00:00,194.17628
2011-09-21 18:00:00,152.97505
2011-09-21 19:00:00,122.367455
2011-09-21 20:00:00,122.367455
2011-09-21 21:00:00,107.565125
2011-09-21 22:00:00,118.164795
2011-09-21 23:00:00,110.947174
2011-09-22 00:00:00,110.947174
2011-09-22 01:00:00,114.74095
2011-09-22 02:00:00,115.14983
2011-09-22 03:00:00,114.74094
2011-09-22 04:00:00,114.74094
2011-09-22 05:00:00,115.14983
2011-09-22 06:00:00,108.79177
2011-09-22 07:00:00,107.974
2011-09-22 08:00:00,109.612305
2011-09-22 09:00:00,123.488556
2011-09-22 10:00:00,136.86089
2011-09-22 11:00:00,134.95462
2011-09-22 12:00:00,158.67188
2011-09-22 13:00:00,160.8915
2011-09-22 14:00:00,163.11856
2011-09-22 15:00:00,179.44987
2011-09-22 16:00:00,190.92207
2011-09-22 17:00:00,166.81468
2011-09-22 18:00:00,144.40666
2011-09-22 19:00:00,132.08968
2011-09-22 20:00:00,121.850266
2011-09-22 21:00:00,132.08968
2011-09-22 22:00:00,112.97517
2011-09-22 23:00:00,118.164795
2011-09-23 00:00:00,117.22145
2011-09-23 01:00:00,91.708496
2011-09-23 02:00:00,91.94926
2011-09-23 03:00:00,91.708496
2011-09-23 04:00:00,105.51523
2011-09-23 05:00:00,121.04671
2011-09-23 06:00:00,117.22145
2011-09-23 07:00:00,129.11984
2011-09-23 08:00:00,129.11984
2011-09-23 09:00:00,102.379715
2011-09-23 10:00:00,102.97574
2011-09-23 11:00:00,102.9757
2011-09-23 12:00:00,130.39204
2011-09-23 13:00:00,101.68998
2011-09-23 14:00:00,101.68998
2011-09-23 15:00:00,130.39207
2011-09-23 16:00:00,134.85345
2011-09-23 17:00:00,91.708496
2011-09-23 18:00:00,84.87888
2011-09-23 19:00:00,101.62285
2011-09-23 20:00:00,99.76068
2011-09-23 21:00:00,89.38487
2011-09-23 22:00:00,96.5607
2011-09-23 23:00:00,106.39307
2011-09-24 00:00:00,69.82532
2011-09-24 01:00:00,99.89677
2011-09-24 02:00:00,99.89677
2011-09-24 03:00:00,89.9153
2011-09-24 04:00:00,83.53205
2011-09-24 05:00:00,97.33879
2011-09-24 06:00:00,97.33879
2011-09-24 07:00:00,113.60349
2011-09-24 08:00:00,110.7399
2011-09-24 09:00:00,112.587036
2011-09-24 10:00:00,112.587036
2011-09-24 11:00:00,145.67204
2011-09-24 12:00:00,145.67204
2011-09-24 13:00:00,157.84023
2011-09-24 14:00:00,200.90112
2011-09-24 15:00:00,200.90112
2011-09-24 16:00:00,171.9557
2011-09-24 17:00:00,193.2207
2011-09-24 18:00:00,158.2947
2011-09-24 19:00:00,104.39273
2011-09-24 20:00:00,131.55658
2011-09-24 21:00:00,131.94624
2011-09-24 22:00:00,118.19948
2011-09-24 23:00:00,112.587036
2011-09-25 00:00:00,116.31438
2011-09-25 01:00:00,112.65185
2011-09-25 02:00:00,102.70481
2011-09-25 03:00:00,102.70481
2011-09-25 04:00:00,96.97119
2011-09-25 05:00:00,98.861244
2011-09-25 06:00:00,112.65185
2011-09-25 07:00:00,83.164444
2011-09-25 08:00:00,118.19948
2011-09-25 09:00:00,143.13966
2011-09-25 10:00:00,143.13966
2011-09-25 11:00:00,176.80869
2011-09-25 12:00:00,176.22462
2011-09-25 13:00:00,214.80667
2011-09-25 14:00:00,176.22462
2011-09-25 15:00:00,176.22462
2011-09-25 16:00:00,252.0049
2011-09-25 17:00:00,208.31741
2011-09-25 18:00:00,208.31741
2011-09-25 19:00:00,129.99791
2011-09-25 20:00:00,129.8035
2011-09-25 21:00:00,78.74535
2011-09-25 22:00:00,103.47511
2011-09-25 23:00:00,91.91597
2011-09-26 00:00:00,121.04671
2011-09-26 01:00:00,141.53725
2011-09-26 02:00:00,141.53725
2011-09-26 03:00:00,121.0467
2011-09-26 04:00:00,117.22145
2011-09-26 05:00:00,142.86884
2011-09-26 06:00:00,117.22145
2011-09-26 07:00:00,121.04671
2011-09-26 08:00:00,121.04671
2011-09-26 09:00:00,142.2511
2011-09-26 10:00:00,142.2511
2011-09-26 11:00:00,194.82527
2011-09-26 12:00:00,208.29146
2011-09-26 13:00:00,241.37646
2011-09-26 14:00:00,238.30977
2011-09-26 15:00:00,315.90207
2011-09-26 16:00:00,278.13815
2011-09-26 17:00:00,239.22824
2011-09-26 18:00:00,165.555
2011-09-26 19:00:00,169.82414
2011-09-26 20:00:00,128.26566
2011-09-26 21:00:00,128.26566
2011-09-26 22:00:00,101.62285
2011-09-26 23:00:00,101.62285
2011-09-27 00:00:00,101.62285
2011-09-27 01:00:00,102.443344
2011-09-27 02:00:00,102.778595
2011-09-27 03:00:00,121.04671
2011-09-27 04:00:00,131.02821
2011-09-27 05:00:00,131.02821
2011-09-27 06:00:00,116.58533
2011-09-27 07:00:00,116.58533
2011-09-27 08:00:00,141.86188
2011-09-27 09:00:00,155.97691
2011-09-27 10:00:00,129.7284
2011-09-27 11:00:00,146.47574
2011-09-27 12:00:00,146.60536
2011-09-27 13:00:00,241.63608
2011-09-27 14:00:00,208.03183
2011-09-27 15:00:00,190.6312
2011-09-27 16:00:00,179.67003
2011-09-27 17:00:00,146.86494
2011-09-27 18:00:00,142.38112
2011-09-27 19:00:00,141.99149
2011-09-27 20:00:00,184.25447
2011-09-27 21:00:00,151.1695
2011-09-27 22:00:00,123.351746
2011-09-27 23:00:00,123.351746
2011-09-28 00:00:00,127.17701
2011-09-28 01:00:00,127.17701
2011-09-28 02:00:00,123.846405
2011-09-28 03:00:00,109.74217
2011-09-28 04:00:00,127.17701
2011-09-28 05:00:00,113.56743
2011-09-28 06:00:00,120.364044
2011-09-28 07:00:00,120.364044
2011-09-28 08:00:00,125.29458
2011-09-28 09:00:00,125.29458
2011-09-28 10:00:00,121.04671
2011-09-28 11:00:00,179.28082
2011-09-28 12:00:00,207.57736
2011-09-28 13:00:00,228.03984
2011-09-28 14:00:00,320.51047
2011-09-28 15:00:00,239.22824
2011-09-28 16:00:00,238.31471
2011-09-28 17:00:00,238.44476
2011-09-28 18:00:00,193.65549
2011-09-28 19:00:00,193.65547
2011-09-28 20:00:00,179.91925
2011-09-28 21:00:00,151.29803
2011-09-28 22:00:00,123.351746
2011-09-28 23:00:00,95.74018
2011-09-29 00:00:00,97.37847
2011-09-29 01:00:00,94.405304
2011-09-29 02:00:00,94.405304
2011-09-29 03:00:00,105.28506
2011-09-29 04:00:00,137.31259
2011-09-29 05:00:00,136.92337
2011-09-29 06:00:00,137.1585
2011-09-29 07:00:00,123.32715
2011-09-29 08:00:00,151.1695
2011-09-29 09:00:00,185.3578
2011-09-29 10:00:00,246.09822
2011-09-29 11:00:00,271.0624
2011-09-29 12:00:00,286.2894
2011-09-29 13:00:00,282.88718
2011-09-29 14:00:00,373.70724
2011-09-29 15:00:00,417.0661
2011-09-29 16:00:00,418.3113
2011-09-29 17:00:00,385.2988
2011-09-29 18:00:00,381.96213
2011-09-29 19:00:00,326.38873
2011-09-29 20:00:00,322.27805
2011-09-29 21:00:00,267.30154
2011-09-29 22:00:00,206.9064
2011-09-29 23:00:00,159.08281
2011-09-30 00:00:00,134.2131
2011-09-30 01:00:00,159.01802
2011-09-30 02:00:00,134.2131
2011-09-30 03:00:00,134.21309
2011-09-30 04:00:00,133.46828
2011-09-30 05:00:00,133.46828
2011-09-30 06:00:00,133.59831
2011-09-30 07:00:00,133.59831
2011-09-30 08:00:00,163.87099
2011-09-30 09:00:00,186.0803
2011-09-30 10:00:00,253.87398
2011-09-30 11:00:00,306.69293
2011-09-30 12:00:00,321.2391
2011-09-30 13:00:00,399.25412
2011-09-30 14:00:00,397.68576
2011-09-30 15:00:00,367.7572
2011-09-30 16:00:00,343.20724
2011-09-30 17:00:00,344.12573
2011-09-30 18:00:00,319.15732
2011-09-30 19:00:00,273.84048
2011-09-30 20:00:00,273.84048
2011-09-30 21:00:00,254.81914
2011-09-30 22:00:00,255.40361
2011-09-30 23:00:00,255.40361
2011-10-20 00:00:00,99.91904
2011-10-20 01:00:00,121.78501
2011-10-20 02:00:00,122.174675
2011-10-20 03:00:00,134.3122
2011-10-20 04:00:00,134.3122
2011-10-20 05:00:00,129.24388
2011-10-20 06:00:00,120.23105
2011-10-20 07:00:00,137.3723
2011-10-20 08:00:00,185.69489
2011-10-20 09:00:00,185.95454
2011-10-20 10:00:00,224.65599
2011-10-20 11:00:00,246.97485
2011-10-20 12:00:00,277.3126
2011-10-20 13:00:00,296.6575
2011-10-20 14:00:00,291.168
2011-10-20 15:00:00,277.7121
2011-10-20 16:00:00,277.7121
2011-10-20 17:00:00,290.4543
2011-10-20 18:00:00,272.40417
2011-10-20 19:00:00,258.938
2011-10-20 20:00:00,272.5342
2011-10-20 21:00:00,254.0645
2011-10-20 22:00:00,254.19453
2011-10-20 23:00:00,218.87338
2011-10-21 00:00:00,196.92368
2011-10-21 01:00:00,196.7941
2011-10-21 02:00:00,174.54001
2011-10-21 03:00:00,139.09087
2011-10-21 04:00:00,137.81435
2011-10-21 05:00:00,121.06633
2011-10-21 06:00:00,137.81435
2011-10-21 07:00:00,137.81435
2011-10-21 08:00:00,196.66406
2011-10-21 09:00:00,232.07996
2011-10-21 10:00:00,258.0943
2011-10-21 11:00:00,307.66083
2011-10-21 12:00:00,305.36923
2011-10-21 13:00:00,276.4689
2011-10-21 14:00:00,341.1529
2011-10-21 15:00:00,305.82693
2011-10-21 16:00:00,306.74542
2011-10-21 17:00:00,272.20935
2011-10-21 18:00:00,254.59361
2011-10-21 19:00:00,255.17809
2011-10-21 20:00:00,254.46399
2011-10-21 21:00:00,218.48415
2011-10-21 22:00:00,235.81998
2011-10-21 23:00:00,196.7941
2011-10-22 00:00:00,172.39256
2011-10-22 01:00:00,172.39256
2011-10-22 02:00:00,172.65218
2011-10-22 03:00:00,172.13293
2011-10-22 04:00:00,149.94408
2011-10-22 05:00:00,149.55441
2011-10-22 06:00:00,131.30678
2011-10-22 07:00:00,107.69725
2011-10-22 08:00:00,135.11371
2011-10-22 09:00:00,154.8826
2011-10-22 10:00:00,195.00157
2011-10-22 11:00:00,195.00157
2011-10-22 12:00:00,217.06937
2011-10-22 13:00:00,323.18985
2011-10-22 14:00:00,287.07947
2011-10-22 15:00:00,256.6932
2011-10-22 16:00:00,317.2305
2011-10-22 17:00:00,216.35693
2011-10-22 18:00:00,215.88264
2011-10-22 19:00:00,159.15154
2011-10-22 20:00:00,154.49294
2011-10-22 21:00:00,121.559784
2011-10-22 22:00:00,121.559784
2011-10-22 23:00:00,103.373215
2011-10-23 00:00:00,89.56022
2011-10-23 01:00:00,89.56022
2011-10-23 02:00:00,76.62967
2011-10-23 03:00:00,89.880295
2011-10-23 04:00:00,89.880295
2011-10-23 05:00:00,90.23332
2011-10-23 06:00:00,74.0717
2011-10-23 07:00:00,76.62967
2011-10-23 08:00:00,71.048965
2011-10-23 09:00:00,121.559784
2011-10-23 10:00:00,137.54675
2011-10-23 11:00:00,142.80968
2011-10-23 12:00:00,208.8128
2011-10-23 13:00:00,249.4604
2011-10-23 14:00:00,248.54189
2011-10-23 15:00:00,274.2728
2011-10-23 16:00:00,249.4604
2011-10-23 17:00:00,190.9577
2011-10-23 18:00:00,190.82811
2011-10-23 19:00:00,124.541016
2011-10-23 20:00:00,137.8714
2011-10-23 21:00:00,137.8714
2011-10-23 22:00:00,116.27269
2011-10-23 23:00:00,113.72395
2011-10-24 00:00:00,145.40343
2011-10-24 01:00:00,124.23083
2011-10-24 02:00:00,111.94914
2011-10-24 03:00:00,126.13919
2011-10-24 04:00:00,129.96445
2011-10-24 05:00:00,114.48865
2011-10-24 06:00:00,111.94914
2011-10-24 07:00:00,104.85852
2011-10-24 08:00:00,122.381424
2011-10-24 09:00:00,140.568
2011-10-24 10:00:00,138.63206
2011-10-24 11:00:00,190.07944
2011-10-24 12:00:00,211.81422
2011-10-24 13:00:00,234.32793
2011-10-24 14:00:00,234.19789
2011-10-24 15:00:00,242.29218
2011-10-24 16:00:00,220.47206
2011-10-24 17:00:00,198.21805
2011-10-24 18:00:00,237.35388
2011-10-24 19:00:00,165.1918
2011-10-24 20:00:00,133.11694
2011-10-24 21:00:00,117.64114
2011-10-24 22:00:00,158.7379
2011-10-24 23:00:00,145.38512
2011-10-25 00:00:00,141.59166
2011-10-25 01:00:00,141.59166
2011-10-25 02:00:00,126.115906
2011-10-25 03:00:00,116.41052
2011-10-25 04:00:00,108.75503
2011-10-25 05:00:00,108.75503
2011-10-25 06:00:00,123.581184
2011-10-25 07:00:00,137.94676
2011-10-25 08:00:00,161.75323
2011-10-25 09:00:00,245.6767
2011-10-25 10:00:00,267.75598
2011-10-25 11:00:00,293.8166
2011-10-25 12:00:00,375.10263
2011-10-25 13:00:00,401.94028
2011-10-25 14:00:00,373.423
2011-10-25 15:00:00,339.2613
2011-10-25 16:00:00,364.03793
2011-10-25 17:00:00,339.2613
2011-10-25 18:00:00,322.98914
2011-10-25 19:00:00,193.53917
2011-10-25 20:00:00,188.49132
2011-10-25 21:00:00,162.33728
2011-10-25 22:00:00,188.88055
2011-10-25 23:00:00,162.33728
2011-10-26 00:00:00,162.59692
2011-10-26 01:00:00,184.52632
2011-10-26 02:00:00,184.13712
2011-10-26 03:00:00,184.39674
2011-10-26 04:00:00,162.53192
2011-10-26 05:00:00,162.40231
2011-10-26 06:00:00,162.40231
2011-10-26 07:00:00,162.14268
2011-10-26 08:00:00,197.99251
2011-10-26 09:00:00,224.73083
2011-10-26 10:00:00,238.46684
2011-10-26 11:00:00,238.06778
2011-10-26 12:00:00,304.99973
2011-10-26 13:00:00,269.48416
2011-10-26 14:00:00,172.35416
2011-10-26 15:00:00,172.35416
2011-10-26 16:00:00,172.7438
2011-10-26 17:00:00,172.80861
2011-10-26 18:00:00,159.34242
2011-10-26 19:00:00,139.4634
2011-10-26 20:00:00,123.19867
2011-10-26 21:00:00,172.35416
2011-10-26 22:00:00,131.2951
2011-10-26 23:00:00,131.2951
2011-10-27 00:00:00,103.127045
2011-10-27 01:00:00,103.127045
2011-10-27 02:00:00,130.74052
2011-10-27 03:00:00,130.7405
2011-10-27 04:00:00,148.9271
2011-10-27 05:00:00,145.10185
2011-10-27 06:00:00,167.07687
2011-10-27 07:00:00,113.10852
2011-10-27 08:00:00,140.64473
2011-10-27 09:00:00,146.73985
2011-10-27 10:00:00,142.52979
2011-10-27 11:00:00,145.07855
2011-10-27 12:00:00,145.07855
2011-10-27 13:00:00,129.99529
2011-10-27 14:00:00,152.48123
2011-10-27 15:00:00,148.01985
2011-10-27 16:00:00,199.67654
2011-10-27 17:00:00,191.3776
2011-10-27 18:00:00,208.43353
2011-10-27 19:00:00,199.16109
2011-10-27 20:00:00,180.90627
2011-10-27 21:00:00,198.09222
2011-10-27 22:00:00,144.23805
2011-10-27 23:00:00,160.9248
2011-10-28 00:00:00,145.34225
2011-10-28 01:00:00,140.68367
2011-10-28 02:00:00,140.81369
2011-10-28 03:00:00,124.141426
2011-10-28 04:00:00,140.53383
2011-10-28 05:00:00,171.46544
2011-10-28 06:00:00,137.04999
2011-10-28 07:00:00,137.04999
2011-10-28 08:00:00,157.86967
2011-10-28 09:00:00,179.5597
2011-10-28 10:00:00,184.21832
2011-10-28 11:00:00,225.97118
2011-10-28 12:00:00,300.94876
2011-10-28 13:00:00,292.54044
2011-10-28 14:00:00,256.9028
2011-10-28 15:00:00,263.36298
2011-10-28 16:00:00,256.77322
2011-10-28 17:00:00,239.30734
2011-10-28 18:00:00,226.43549
2011-10-28 19:00:00,239.30734
2011-10-28 20:00:00,194.33408
2011-10-28 21:00:00,164.33168
2011-10-28 22:00:00,138.20097
2011-10-28 23:00:00,114.42941
2011-10-29 00:00:00,72.8868
2011-10-29 01:00:00,74.77186
2011-10-29 02:00:00,74.77186
2011-10-29 03:00:00,85.93907
2011-10-29 04:00:00,85.93907
2011-10-29 05:00:00,46.594048
2011-10-29 06:00:00,62.85875
2011-10-29 07:00:00,62.85875
2011-10-29 08:00:00,70.33805
2011-10-29 09:00:00,70.33805
2011-10-29 10:00:00,47.866295
2011-10-29 11:00:00,45.317543
2011-10-29 12:00:00,49.645866
2011-10-29 13:00:00,48.369354
2011-10-29 14:00:00,51.55423
2011-10-29 15:00:00,58.183983
2011-10-29 16:00:00,44.314354
2011-10-29 17:00:00,44.314354
2011-10-29 18:00:00,44.314354
2011-10-29 19:00:00,33.323425
2011-10-29 20:00:00,33.323425
2011-10-29 21:00:00,33.323418
2011-10-29 22:00:00,45.268738
2011-10-29 23:00:00,53.839836
2011-10-30 00:00:00,45.268738
2011-10-30 01:00:00,41.72233
2011-10-30 02:00:00,40.18064
2011-10-30 03:00:00,65.85282
2011-10-30 04:00:00,51.686096
2011-10-30 05:00:00,68.40158
2011-10-30 06:00:00,75.908424
2011-10-30 07:00:00,116.18373
2011-10-30 08:00:00,98.21388
2011-10-30 09:00:00,116.13229
2011-10-30 10:00:00,150.92625
2011-10-30 11:00:00,188.69783
2011-10-30 12:00:00,219.74144
2011-10-30 13:00:00,272.99576
2011-10-30 14:00:00,325.56735
2011-10-30 15:00:00,350.37982
2011-10-30 16:00:00,375.1953
2011-10-30 17:00:00,340.38892
2011-10-30 18:00:00,257.19598
2011-10-30 19:00:00,317.75574
2011-10-30 20:00:00,179.28761
2011-10-30 21:00:00,141.05376
2011-10-30 22:00:00,115.15756
2011-10-30 23:00:00,91.22652
2011-10-31 00:00:00,112.271385
2011-10-31 01:00:00,124.573456
2011-10-31 02:00:00,112.62444
2011-10-31 03:00:00,90.19559
2011-10-31 04:00:00,112.62446
2011-10-31 05:00:00,100.642426
2011-10-31 06:00:00,112.62444
2011-10-31 07:00:00,100.32237
2011-10-31 08:00:00,126.3332
2011-10-31 09:00:00,134.26024
2011-10-31 10:00:00,209.09966
2011-10-31 11:00:00,248.41193
2011-10-31 12:00:00,279.4192
2011-10-31 13:00:00,297.80362
2011-10-31 14:00:00,284.80173
2011-10-31 15:00:00,270.8163
2011-10-31 16:00:00,235.81998
2011-10-31 17:00:00,235.68996
2011-10-31 18:00:00,178.87419
2011-10-31 19:00:00,178.87419
2011-10-31 20:00:00,178.87419
2011-10-31 21:00:00,136.79494
2011-10-31 22:00:00,136.79494
2011-10-31 23:00:00,136.79494
2011-11-20 00:00:00,150.26851
2011-11-20 01:00:00,172.65218
2011-11-20 02:00:00,172.78221
2011-11-20 03:00:00,169.17218
2011-11-20 04:00:00,147.50241
2011-11-20 05:00:00,169.45209
2011-11-20 06:00:00,169.32204
2011-11-20 07:00:00,155.46666
2011-11-20 08:00:00,152.11626
2011-11-20 09:00:00,138.19583
2011-11-20 10:00:00,151.662
2011-11-20 11:00:00,204.55392
2011-11-20 12:00:00,204.68352
2011-11-20 13:00:00,228.00789
2011-11-20 14:00:00,196.13557
2011-11-20 15:00:00,187.93196
2011-11-20 16:00:00,209.34212
2011-11-20 17:00:00,209.60173
2011-11-20 18:00:00,209.92638
2011-11-20 19:00:00,165.54831
2011-11-20 20:00:00,187.54274
2011-11-20 21:00:00,139.19986
2011-11-20 22:00:00,118.5106
2011-11-20 23:00:00,118.5106
2011-11-21 00:00:00,116.93378
2011-11-21 01:00:00,122.45813
2011-11-21 02:00:00,104.308365
2011-11-21 03:00:00,106.85712
2011-11-21 04:00:00,106.85712
2011-11-21 05:00:00,98.78401
2011-11-21 06:00:00,97.3063
2011-11-21 07:00:00,109.92364
2011-11-21 08:00:00,116.93378
2011-11-21 09:00:00,114.39429
2011-11-21 10:00:00,152.48123
2011-11-21 11:00:00,148.01985
2011-11-21 12:00:00,168.2796
2011-11-21 13:00:00,168.2796
2011-11-21 14:00:00,143.10269
2011-11-21 15:00:00,119.29657
2011-11-21 16:00:00,119.29657
2011-11-21 17:00:00,114.189835
2011-11-21 18:00:00,134.91591
2011-11-21 19:00:00,116.76613
2011-11-21 20:00:00,134.4651
2011-11-21 21:00:00,137.01387
2011-11-21 22:00:00,138.29039
2011-11-21 23:00:00,137.01387
2011-11-22 00:00:00,118.665245
2011-11-22 01:00:00,119.31489
2011-11-22 02:00:00,102.40054
2011-11-22 03:00:00,102.40054
2011-11-22 04:00:00,116.1165
2011-11-22 05:00:00,116.1165
2011-11-22 06:00:00,104.85852
2011-11-22 07:00:00,113.56773
2011-11-22 08:00:00,113.56773
2011-11-22 09:00:00,125.048515
2011-11-22 10:00:00,125.048515
2011-11-22 11:00:00,119.31489
2011-11-22 12:00:00,104.95854
2011-11-22 13:00:00,106.84362
2011-11-22 14:00:00,106.84362
2011-11-22 15:00:00,128.85545
2011-11-22 16:00:00,128.85545
2011-11-22 17:00:00,108.76548
2011-11-22 18:00:00,112.590744
2011-11-22 19:00:00,126.27916
2011-11-22 20:00:00,91.11018
2011-11-22 21:00:00,89.83795
2011-11-22 22:00:00,112.458336
2011-11-22 23:00:00,108.02453
2011-11-23 00:00:00,108.02453
2011-11-23 01:00:00,106.11189
2011-11-23 02:00:00,119.25496
2011-11-23 03:00:00,119.25493
2011-11-23 04:00:00,139.96417
2011-11-23 05:00:00,108.6514
2011-11-23 06:00:00,98.78401
2011-11-23 07:00:00,96.84382
2011-11-23 08:00:00,114.39429
2011-11-23 09:00:00,114.38022
2011-11-23 10:00:00,114.38022
2011-11-23 11:00:00,191.18275
2011-11-23 12:00:00,246.5204
2011-11-23 13:00:00,255.63213
2011-11-23 14:00:00,237.11815
2011-11-23 15:00:00,250.77911
2011-11-23 16:00:00,211.55843
2011-11-23 17:00:00,181.29558
2011-11-23 18:00:00,229.15387
2011-11-23 19:00:00,210.18541
2011-11-23 20:00:00,167.87646
2011-11-23 21:00:00,183.11406
2011-11-23 22:00:00,161.05486
2011-11-23 23:00:00,160.66516
2011-11-24 00:00:00,166.61176
2011-11-24 01:00:00,160.69887
2011-11-24 02:00:00,144.92172
2011-11-24 03:00:00,130.01544
2011-11-24 04:00:00,157.63596
2011-11-24 05:00:00,157.70076
2011-11-24 06:00:00,157.63596
2011-11-24 07:00:00,102.25796
2011-11-24 08:00:00,140.30013
2011-11-24 09:00:00,166.51874
2011-11-24 10:00:00,195.26978
2011-11-24 11:00:00,308.32468
2011-11-24 12:00:00,374.1561
2011-11-24 13:00:00,409.9398
2011-11-24 14:00:00,435.4042
2011-11-24 15:00:00,436.78043
2011-11-24 16:00:00,411.96494
2011-11-24 17:00:00,413.60754
2011-11-24 18:00:00,243.05074
2011-11-24 19:00:00,217.99855
2011-11-24 20:00:00,106.534164
2011-11-24 21:00:00,121.75051
2011-11-24 22:00:00,121.75051
2011-11-24 23:00:00,112.755264
2011-11-25 00:00:00,122.33858
2011-11-25 01:00:00,140.50034
2011-11-25 02:00:00,105.64139
2011-11-25 03:00:00,121.9061
2011-11-25 04:00:00,129.38538
2011-11-25 05:00:00,137.5191
2011-11-25 06:00:00,103.71951
2011-11-25 07:00:00,124.573456
2011-11-25 08:00:00,102.44728
2011-11-25 09:00:00,138.61525
2011-11-25 10:00:00,137.81435
2011-11-25 11:00:00,178.93898
2011-11-25 12:00:00,257.8347
2011-11-25 13:00:00,307.66083
2011-11-25 14:00:00,363.18512
2011-11-25 15:00:00,362.04968
2011-11-25 16:00:00,344.45633
2011-11-25 17:00:00,339.8326
2011-11-25 18:00:00,296.0406
2011-11-25 19:00:00,178.76442
2011-11-25 20:00:00,213.54587
2011-11-25 21:00:00,155.97612
2011-11-25 22:00:00,144.67157
2011-11-25 23:00:00,130.48154
2011-11-26 00:00:00,105.81218
2011-11-26 01:00:00,104.52644
2011-11-26 02:00:00,88.451324
2011-11-26 03:00:00,102.855484
2011-11-26 04:00:00,102.855484
2011-11-26 05:00:00,104.71602
2011-11-26 06:00:00,119.15887
2011-11-26 07:00:00,68.797676
2011-11-26 08:00:00,104.52644
2011-11-26 09:00:00,106.448296
2011-11-26 10:00:00,104.19892
2011-11-26 11:00:00,172.00333
2011-11-26 12:00:00,239.85962
2011-11-26 13:00:00,319.33078
2011-11-26 14:00:00,289.83188
2011-11-26 15:00:00,350.36606
2011-11-26 16:00:00,285.9109
2011-11-26 17:00:00,285.9109
2011-11-26 18:00:00,190.60262
2011-11-26 19:00:00,146.6587
2011-11-26 20:00:00,207.22437
2011-11-26 21:00:00,117.17993
2011-11-26 22:00:00,133.44464
2011-11-26 23:00:00,104.19892
2011-11-27 00:00:00,104.19892
2011-11-27 01:00:00,104.19892
2011-11-27 02:00:00,102.27707
2011-11-27 03:00:00,89.880295
2011-11-27 04:00:00,75.993546
2011-11-27 05:00:00,68.50021
2011-11-27 06:00:00,96.363075
2011-11-27 07:00:00,80.2604
2011-11-27 08:00:00,92.55134
2011-11-27 09:00:00,143.32895
2011-11-27 10:00:00,143.32895
2011-11-27 11:00:00,191.93143
2011-11-27 12:00:00,250.62895
2011-11-27 13:00:00,221.51862
2011-11-27 14:00:00,424.17953
2011-11-27 15:00:00,429.68124
2011-11-27 16:00:00,295.23492
2011-11-27 17:00:00,253.38133
2011-11-27 18:00:00,191.08774
2011-11-27 19:00:00,169.3977
2011-11-27 20:00:00,191.47697
2011-11-27 21:00:00,169.65733
2011-11-27 22:00:00,147.85753
2011-11-27 23:00:00,147.85753
2011-11-28 00:00:00,145.93065
2011-11-28 01:00:00,145.99542
2011-11-28 03:00:00,107.947784
2011-11-28 04:00:00,129.94612
2011-11-28 05:00:00,116.41052
2011-11-28 06:00:00,128.02426
2011-11-28 07:00:00,115.584816
2011-11-28 08:00:00,113.12685
2011-11-28 09:00:00,121.75453
2011-11-28 10:00:00,163.66579
2011-11-28 11:00:00,211.81424
2011-11-28 12:00:00,242.03252
2011-11-28 13:00:00,280.8902
2011-11-28 14:00:00,290.33176
2011-11-28 15:00:00,246.95076
2011-11-28 16:00:00,242.42177
2011-11-28 17:00:00,268.4416
2011-11-28 18:00:00,225.21596
2011-11-28 19:00:00,181.59648
2011-11-28 20:00:00,195.45192
2011-11-28 21:00:00,177.98647
2011-11-28 22:00:00,148.01985
2011-11-28 23:00:00,146.93445
2011-11-29 00:00:00,138.67448
2011-11-29 01:00:00,134.84921
2011-11-29 02:00:00,137.00542
2011-11-29 03:00:00,137.00542
2011-11-29 04:00:00,147.77858
2011-11-29 05:00:00,111.091034
2011-11-29 06:00:00,133.85794
2011-11-29 07:00:00,159.60207
2011-11-29 08:00:00,164.52028
2011-11-29 09:00:00,214.50566
2011-11-29 10:00:00,214.50566
2011-11-29 11:00:00,138.0684
2011-11-29 12:00:00,143.02408
2011-11-29 13:00:00,164.10985
2011-11-29 14:00:00,116.76614
2011-11-29 15:00:00,130.00374
2011-11-29 16:00:00,134.46512
2011-11-29 17:00:00,117.4735
2011-11-29 18:00:00,131.02744
2011-11-29 19:00:00,129.75092
2011-11-29 20:00:00,117.464264
2011-11-29 21:00:00,117.464264
2011-11-29 22:00:00,115.2988
2011-11-29 23:00:00,109.10733
2011-11-30 00:00:00,168.00604
2011-11-30 01:00:00,138.8658
2011-11-30 02:00:00,136.71819
2011-11-30 03:00:00,136.71819
2011-11-30 04:00:00,113.13625
2011-11-30 05:00:00,96.22618
2011-11-30 06:00:00,89.842545
2011-11-30 07:00:00,103.71951
2011-11-30 08:00:00,96.22618
2011-11-30 09:00:00,110.5875
2011-11-30 10:00:00,145.21268
2011-11-30 11:00:00,227.13158
2011-11-30 12:00:00,220.15346
2011-11-30 13:00:00,288.79056
2011-11-30 14:00:00,288.79056
2011-11-30 15:00:00,236.96016
2011-11-30 16:00:00,236.76534
2011-11-30 17:00:00,226.26888
2011-11-30 18:00:00,212.54308
2011-11-30 19:00:00,193.54514
2011-11-30 20:00:00,193.54514
2011-11-30 21:00:00,190.85303
2011-11-30 22:00:00,172.80287
2011-11-30 23:00:00,185.46008
2011-12-20 00:00:00,201.8708
2011-12-20 01:00:00,225.55354
2011-12-20 02:00:00,199.94908
2011-12-20 03:00:00,199.94908
2011-12-20 04:00:00,232.93246
2011-12-20 05:00:00,221.94351
2011-12-20 06:00:00,221.94353
2011-12-20 07:00:00,200.27373
2011-12-20 08:00:00,249.22134
2011-12-20 09:00:00,183.33679
2011-12-20 10:00:00,232.33957
2011-12-20 11:00:00,210.26027
2011-12-20 12:00:00,254.07434
2011-12-20 13:00:00,254.07434
2011-12-20 14:00:00,236.6089
2011-12-20 15:00:00,253.49028
2011-12-20 16:00:00,239.76448
2011-12-20 17:00:00,196.53445
2011-12-20 18:00:00,174.6696
2011-12-20 19:00:00,173.82591
2011-12-20 20:00:00,169.53004
2011-12-20 21:00:00,162.8004
2011-12-20 22:00:00,183.33679
2011-12-20 23:00:00,204.88756
2011-12-21 00:00:00,103.86157
2011-12-21 01:00:00,114.50986
2011-12-21 02:00:00,106.5345
2011-12-21 03:00:00,106.5345
2011-12-21 04:00:00,106.5345
2011-12-21 05:00:00,102.52565
2011-12-21 06:00:00,88.66763
2011-12-21 07:00:00,91.059586
2011-12-21 08:00:00,90.129555
2011-12-21 09:00:00,105.628876
2011-12-21 10:00:00,138.16997
2011-12-21 11:00:00,138.16997
2011-12-21 12:00:00,129.44473
2011-12-21 13:00:00,114.87894
2011-12-21 14:00:00,129.8316
2011-12-21 15:00:00,130.65211
2011-12-21 16:00:00,108.99936
2011-12-21 17:00:00,108.99936
2011-12-21 18:00:00,103.97618
2011-12-21 19:00:00,127.72066
2011-12-21 20:00:00,128.53842
2011-12-21 21:00:00,128.98866
2011-12-21 22:00:00,128.16815
2011-12-21 23:00:00,126.52986
2011-12-22 00:00:00,134.97653
2011-12-22 01:00:00,100.74095
2011-12-22 02:00:00,125.36695
2011-12-22 03:00:00,132.93849
2011-12-22 04:00:00,99.14075
2011-12-22 05:00:00,95.45528
2011-12-22 06:00:00,84.464966
2011-12-22 07:00:00,77.40587
2011-12-22 08:00:00,88.66763
2011-12-22 09:00:00,96.533356
2011-12-22 10:00:00,107.5268
2011-12-22 11:00:00,121.46835
2011-12-22 12:00:00,164.38174
2011-12-22 13:00:00,142.50879
2011-12-22 14:00:00,142.50879
2011-12-22 15:00:00,153.42233
2011-12-22 16:00:00,142.50879
2011-12-22 17:00:00,137.14114
2011-12-22 18:00:00,140.67737
2011-12-22 19:00:00,138.21855
2011-12-22 20:00:00,126.96104
2011-12-22 21:00:00,126.96104
2011-12-22 22:00:00,88.56217
2011-12-22 23:00:00,103.68724
2011-12-23 00:00:00,109.01101
2011-12-23 01:00:00,109.01101
2011-12-23 02:00:00,94.14592
2011-12-23 03:00:00,94.14592
2011-12-23 04:00:00,98.24302
2011-12-23 05:00:00,82.1403
2011-12-23 06:00:00,102.417336
2011-12-23 07:00:00,101.59956
2011-12-23 08:00:00,114.527466
2011-12-23 09:00:00,126.92368
2011-12-23 10:00:00,135.19615
2011-12-23 11:00:00,152.8293
2011-12-23 12:00:00,169.3452
2011-12-23 13:00:00,175.85794
2011-12-23 14:00:00,161.56166
2011-12-23 15:00:00,148.9682
2011-12-23 16:00:00,155.48094
2011-12-23 17:00:00,130.21454
2011-12-23 18:00:00,138.97084
2011-12-23 19:00:00,121.397446
2011-12-23 20:00:00,110.26956
2011-12-23 21:00:00,107.401855
2011-12-23 22:00:00,101.473694
2011-12-23 23:00:00,100.30802
2011-12-24 00:00:00,77.15219
2011-12-24 01:00:00,78.06128
2011-12-24 02:00:00,80.04435
2011-12-24 03:00:00,75.57763
2011-12-24 04:00:00,81.61891
2011-12-24 05:00:00,81.61891
2011-12-24 06:00:00,66.15875
2011-12-24 07:00:00,71.914894
2011-12-24 08:00:00,62.474594
2011-12-24 09:00:00,115.95748
2011-12-24 10:00:00,128.06172
2011-12-24 11:00:00,136.0967
2011-12-24 12:00:00,140.35878
2011-12-24 13:00:00,139.78572
2011-12-24 14:00:00,139.78572
2011-12-24 15:00:00,127.765335
2011-12-24 16:00:00,119.00159
2011-12-24 17:00:00,90.05287
2011-12-24 18:00:00,104.76159
2011-12-24 19:00:00,86.06829
2011-12-24 20:00:00,71.53552
2011-12-24 21:00:00,71.88344
2011-12-24 22:00:00,67.858215
2011-12-24 23:00:00,62.44313
2011-12-25 00:00:00,62.35183
2011-12-25 01:00:00,45.72912
2011-12-25 02:00:00,42.718353
2011-12-25 03:00:00,48.361046
2011-12-25 05:00:00,38.927025
2011-12-25 06:00:00,38.927025
2011-12-25 07:00:00,39.81462
2011-12-25 08:00:00,33.833824
2011-12-25 09:00:00,36.977036
2011-12-25 10:00:00,45.946754
2011-12-25 11:00:00,67.53949
2011-12-25 12:00:00,64.69321
2011-12-25 13:00:00,74.92986
2011-12-25 14:00:00,90.39002
2011-12-25 15:00:00,89.224335
2011-12-25 16:00:00,97.117645
2011-12-25 17:00:00,87.58605
2011-12-25 18:00:00,73.7673
2011-12-25 19:00:00,87.11846
2011-12-25 20:00:00,94.82525
2011-12-25 21:00:00,82.35249
2011-12-25 22:00:00,71.70694
2011-12-25 23:00:00,61.485405
2011-12-26 00:00:00,35.588654
2011-12-26 01:00:00,73.84722
2011-12-26 02:00:00,116.8527
2011-12-26 04:00:00,120.72632
2011-12-26 05:00:00,138.35947
2011-12-26 06:00:00,115.89246
2011-12-26 07:00:00,110.9016
2011-12-26 08:00:00,108.12671
2011-12-26 09:00:00,120.72632
2011-12-26 10:00:00,146.69084
2011-12-26 11:00:00,140.17809
2011-12-26 12:00:00,149.32289
2011-12-26 13:00:00,172.84349
2011-12-26 14:00:00,174.02206
2011-12-26 15:00:00,171.07765
2011-12-26 16:00:00,137.65465
2011-12-26 17:00:00,116.8527
2011-12-26 18:00:00,93.83788
2011-12-26 19:00:00,67.29056
2011-12-26 20:00:00,77.34067
2011-12-26 21:00:00,50.841324
2011-12-26 22:00:00,50.841324
2011-12-26 23:00:00,50.823334
2011-12-27 00:00:00,79.48958
2011-12-27 01:00:00,79.14168
2011-12-27 02:00:00,79.14168
2011-12-27 03:00:00,106.19762
2011-12-27 04:00:00,101.73089
2011-12-27 05:00:00,104.01013
2011-12-27 06:00:00,107.76905
2011-12-27 07:00:00,103.36919
2011-12-27 08:00:00,100.565216
2011-12-27 09:00:00,107.89557
2011-12-27 10:00:00,103.28402
2011-12-27 11:00:00,107.89557
2011-12-27 12:00:00,85.32956
2011-12-27 13:00:00,79.3804
2011-12-27 14:00:00,125.327835
2011-12-27 15:00:00,125.327835
2011-12-27 16:00:00,122.39953
2011-12-27 17:00:00,107.37272
2011-12-27 18:00:00,97.65446
2011-12-27 19:00:00,82.612564
2011-12-27 20:00:00,69.96379
2011-12-27 21:00:00,75.63107
2011-12-27 22:00:00,75.63107
2011-12-27 23:00:00,64.71608
2011-12-28 00:00:00,77.20564
2011-12-28 01:00:00,89.48912
2011-12-28 02:00:00,108.219635
2011-12-28 03:00:00,108.219635
2011-12-28 05:00:00,115.08144
2011-12-28 06:00:00,112.686356
2011-12-28 07:00:00,112.68636
2011-12-28 08:00:00,115.08144
2011-12-28 09:00:00,114.736275
2011-12-28 10:00:00,117.278625
2011-12-28 11:00:00,157.7138
2011-12-28 12:00:00,160.67326
2011-12-28 13:00:00,173.18596
2011-12-28 14:00:00,161.16557
2011-12-28 15:00:00,171.60475
2011-12-28 16:00:00,163.45798
2011-12-28 17:00:00,139.28415
2011-12-28 18:00:00,133.35771
2011-12-28 19:00:00,113.11032
2011-12-28 20:00:00,110.89072
2011-12-28 21:00:00,96.88578
2011-12-28 22:00:00,96.54062
2011-12-28 23:00:00,99.68663
2011-12-29 00:00:00,99.376686
2011-12-29 01:00:00,95.51881
2011-12-29 02:00:00,83.31694
2011-12-29 03:00:00,80.357925
2011-12-29 04:00:00,80.01277
2011-12-29 05:00:00,78.85022
2011-12-29 06:00:00,72.46416
2011-12-29 07:00:00,62.98118
2011-12-29 08:00:00,73.23515
2011-12-29 09:00:00,73.344795
2011-12-29 10:00:00,79.575356
2011-12-29 11:00:00,87.87755
2011-12-29 12:00:00,98.16008
2011-12-29 13:00:00,108.03684
2011-12-29 14:00:00,111.52442
2011-12-29 15:00:00,113.510605
2011-12-29 16:00:00,110.8794
2011-12-29 17:00:00,100.82927
2011-12-29 18:00:00,105.592155
2011-12-29 19:00:00,105.25012
2011-12-29 20:00:00,89.317345
2011-12-29 21:00:00,98.804504
2011-12-29 22:00:00,90.13512
2011-12-29 23:00:00,96.36256
2011-12-30 00:00:00,84.55171
2011-12-30 01:00:00,83.97417
2011-12-30 02:00:00,72.916985
2011-12-30 03:00:00,72.916985
2011-12-30 04:00:00,72.5081
2011-12-30 05:00:00,62.33354
2011-12-30 06:00:00,72.5081
2011-12-30 07:00:00,66.9247
2011-12-30 08:00:00,71.12736
2011-12-30 09:00:00,72.94441
2011-12-30 10:00:00,98.34601
2011-12-30 11:00:00,101.473694
2011-12-30 12:00:00,110.35812
2011-12-30 13:00:00,129.37186
2011-12-30 14:00:00,160.40936
2011-12-30 15:00:00,165.96916
2011-12-30 16:00:00,172.19943
2011-12-30 17:00:00,134.51836
2011-12-30 18:00:00,115.119095
2011-12-30 19:00:00,148.24406
2011-12-30 20:00:00,109.10295
2011-12-30 21:00:00,114.50986
2011-12-30 22:00:00,104.6821
2011-12-30 23:00:00,117.65586
2011-12-31 00:00:00,107.763855
2011-12-31 01:00:00,111.944496
2011-12-31 02:00:00,111.944496
2011-12-31 03:00:00,111.944496
2011-12-31 04:00:00,90.64338
2011-12-31 05:00:00,82.90738
2011-12-31 06:00:00,96.57061
2011-12-31 07:00:00,87.32101
2011-12-31 08:00:00,65.25245
2011-12-31 09:00:00,78.915695
2011-12-31 10:00:00,88.83174
2011-12-31 11:00:00,99.822044
2011-12-31 12:00:00,288.09375
2011-12-31 13:00:00,261.25098
2011-12-31 14:00:00,166.71724
2011-12-31 15:00:00,198.67172
2011-12-31 16:00:00,161.00227
2011-12-31 17:00:00,130.17865
2011-12-31 18:00:00,125.731964
2011-12-31 19:00:00,132.4057
2011-12-31 20:00:00,132.4057
2011-12-31 21:00:00,111.08354
2011-12-31 22:00:00,98.234695
2011-12-31 23:00:00,84.67558
2012-01-20 00:00:00,110.99631
2012-01-20 01:00:00,103.70863
2012-01-20 02:00:00,103.70863
2012-01-20 03:00:00,93.01722
2012-01-20 04:00:00,78.673744
2012-01-20 05:00:00,78.673744
2012-01-20 06:00:00,87.57457
2012-01-20 07:00:00,70.95186
2012-01-20 08:00:00,77.35302
2012-01-20 09:00:00,99.552185
2012-01-20 10:00:00,104.7098
2012-01-20 11:00:00,111.88223
2012-01-20 12:00:00,124.00961
2012-01-20 13:00:00,132.95909
2012-01-20 14:00:00,128.86127
2012-01-20 15:00:00,130.78728
2012-01-20 16:00:00,117.331154
2012-01-20 17:00:00,156.89305
2012-01-20 18:00:00,136.80995
2012-01-20 19:00:00,123.87287
2012-01-20 20:00:00,136.80995
2012-01-20 21:00:00,123.808075
2012-01-20 22:00:00,110.8342
2012-01-20 23:00:00,68.240944
2012-01-21 00:00:00,45.001274
2012-01-21 01:00:00,34.6783
2012-01-21 02:00:00,38.85543
2012-01-21 03:00:00,31.493443
2012-01-21 04:00:00,37.85524
2012-01-21 05:00:00,37.23272
2012-01-21 06:00:00,31.226341
2012-01-21 07:00:00,31.226341
2012-01-21 08:00:00,22.180153
2012-01-21 09:00:00,22.180153
2012-01-21 10:00:00,26.957943
2012-01-21 11:00:00,35.51806
2012-01-21 12:00:00,38.61161
2012-01-21 13:00:00,35.042213
2012-01-21 14:00:00,42.037994
2012-01-21 15:00:00,42.037987
2012-01-21 16:00:00,35.795883
2012-01-21 17:00:00,38.254692
2012-01-21 18:00:00,43.83809
2012-01-21 19:00:00,32.37204
2012-01-21 20:00:00,30.388964
2012-01-21 21:00:00,33.231163
2012-01-21 22:00:00,37.089043
2012-01-21 23:00:00,28.1113
2012-01-22 00:00:00,21.249014
2012-01-22 01:00:00,37.089043
2012-01-22 02:00:00,36.68016
2012-01-22 03:00:00,42.263557
2012-01-22 04:00:00,31.53279
2012-01-22 05:00:00,37.08294
2012-01-22 06:00:00,32.305145
2012-01-22 07:00:00,32.305145
2012-01-22 08:00:00,32.305145
2012-01-22 09:00:00,32.305145
2012-01-22 10:00:00,30.797499
2012-01-22 11:00:00,32.889084
2012-01-22 12:00:00,29.567694
2012-01-22 13:00:00,33.73599
2012-01-22 14:00:00,32.37969
2012-01-22 15:00:00,31.028975
2012-01-22 16:00:00,31.028975
2012-01-22 17:00:00,35.192375
2012-01-22 18:00:00,37.23272
2012-01-22 19:00:00,37.23272
2012-01-22 20:00:00,34.42003
2012-01-22 21:00:00,37.23272
2012-01-22 22:00:00,29.883757
2012-01-22 23:00:00,29.261238
2012-01-23 00:00:00,60.029724
2012-01-23 01:00:00,55.13324
2012-01-23 02:00:00,55.13324
2012-01-23 03:00:00,60.029724
2012-01-23 04:00:00,65.93528
2012-01-23 05:00:00,63.19783
2012-01-23 06:00:00,63.19783
2012-01-23 07:00:00,67.975624
2012-01-23 08:00:00,61.728424
2012-01-23 09:00:00,59.02954
2012-01-23 10:00:00,60.004143
2012-01-23 11:00:00,55.835846
2012-01-23 12:00:00,63.17295
2012-01-23 13:00:00,63.676765
2012-01-23 14:00:00,58.785156
2012-01-23 15:00:00,49.45807
2012-01-23 16:00:00,58.63256
2012-01-23 17:00:00,60.07583
2012-01-23 18:00:00,60.09384
2012-01-23 19:00:00,61.80066
2012-01-23 20:00:00,58.60697
2012-01-23 21:00:00,52.992683
2012-01-23 22:00:00,52.992683
2012-01-23 23:00:00,67.44889
2012-01-24 00:00:00,64.28539
2012-01-24 01:00:00,76.688545
2012-01-24 02:00:00,75.87077
2012-01-24 03:00:00,74.36032
2012-01-24 04:00:00,68.3791
2012-01-24 05:00:00,68.3791
2012-01-24 06:00:00,75.526
2012-01-24 07:00:00,74.36032
2012-01-24 08:00:00,74.36032
2012-01-24 09:00:00,79.83374
2012-01-24 10:00:00,69.96379
2012-01-24 11:00:00,81.79204
2012-01-24 12:00:00,82.612564
2012-01-24 13:00:00,82.612564
2012-01-24 14:00:00,96.36098
2012-01-24 15:00:00,121.85745
2012-01-24 16:00:00,116.834274
2012-01-24 17:00:00,125.48125
2012-01-24 18:00:00,125.65776
2012-01-24 19:00:00,161.6107
2012-01-24 20:00:00,85.93148
2012-01-24 21:00:00,102.33185
2012-01-24 22:00:00,80.34808
2012-01-24 23:00:00,85.93148
2012-01-25 00:00:00,64.732056
2012-01-25 01:00:00,91.94483
2012-01-25 02:00:00,85.714264
2012-01-25 03:00:00,74.72395
2012-01-25 04:00:00,82.29042
2012-01-25 05:00:00,82.29042
2012-01-25 06:00:00,71.89517
2012-01-25 07:00:00,69.66182
2012-01-25 08:00:00,76.06299
2012-01-25 09:00:00,76.06299
2012-01-25 10:00:00,87.24986
2012-01-25 11:00:00,107.76905
2012-01-25 12:00:00,114.82486
2012-01-25 13:00:00,126.353455
2012-01-25 14:00:00,124.706894
2012-01-25 15:00:00,136.07129
2012-01-25 16:00:00,120.57968
2012-01-25 17:00:00,125.98972
2012-01-25 18:00:00,100.30802
2012-01-25 19:00:00,121.224686
2012-01-25 20:00:00,107.0571
2012-01-25 21:00:00,92.804924
2012-01-25 22:00:00,94.79112
2012-01-25 23:00:00,91.60066
2012-01-26 00:00:00,82.3532
2012-01-26 01:00:00,80.890305
2012-01-26 02:00:00,83.51575
2012-01-26 03:00:00,82.41693
2012-01-26 04:00:00,76.2312
2012-01-26 05:00:00,88.23586
2012-01-26 06:00:00,78.152855
2012-01-26 07:00:00,75.71685
2012-01-26 08:00:00,75.71685
2012-01-26 09:00:00,81.321655
2012-01-26 10:00:00,81.877815
2012-01-26 11:00:00,74.83571
2012-01-26 12:00:00,92.69478
2012-01-26 13:00:00,111.94142
2012-01-26 14:00:00,120.21917
2012-01-26 15:00:00,125.62608
2012-01-26 16:00:00,119.81029
2012-01-26 17:00:00,122.75838
2012-01-26 18:00:00,122.75838
2012-01-26 19:00:00,114.63577
2012-01-26 20:00:00,108.75346
2012-01-26 21:00:00,114.63577
2012-01-26 22:00:00,98.322975
2012-01-26 23:00:00,105.067986
2012-01-27 00:00:00,112.030045
2012-01-27 01:00:00,105.628876
2012-01-27 02:00:00,96.55756
2012-01-27 03:00:00,104.85732
2012-01-27 04:00:00,93.15922
2012-01-27 05:00:00,106.08673
2012-01-27 06:00:00,99.38665
2012-01-27 07:00:00,98.56613
2012-01-27 08:00:00,137.39398
2012-01-27 09:00:00,137.39398
2012-01-27 10:00:00,115.31033
2012-01-27 11:00:00,116.98723
2012-01-27 12:00:00,129.91473
2012-01-27 13:00:00,191.8999
2012-01-27 14:00:00,209.5256
2012-01-27 15:00:00,195.67987
2012-01-27 16:00:00,196.06685
2012-01-27 17:00:00,192.887
2012-01-27 18:00:00,178.07756
2012-01-27 19:00:00,148.98145
2012-01-27 20:00:00,128.71625
2012-01-27 21:00:00,139.2747
2012-01-27 22:00:00,141.90274
2012-01-27 23:00:00,135.98665
2012-01-28 00:00:00,90.443695
2012-01-28 01:00:00,87.639725
2012-01-28 02:00:00,64.33169
2012-01-28 03:00:00,66.317894
2012-01-28 04:00:00,67.41671
2012-01-28 05:00:00,45.992134
2012-01-28 06:00:00,52.441635
2012-01-28 07:00:00,46.992325
2012-01-28 08:00:00,37.374016
2012-01-28 09:00:00,44.711113
2012-01-28 10:00:00,55.902008
2012-01-28 11:00:00,82.35249
2012-01-28 12:00:00,80.393585
2012-01-28 13:00:00,94.85674
2012-01-28 14:00:00,139.31287
2012-01-28 15:00:00,151.23253
2012-01-28 16:00:00,181.77138
2012-01-28 17:00:00,182.9499
2012-01-28 18:00:00,195.59245
2012-01-28 19:00:00,189.01317
2012-01-28 20:00:00,224.94743
2012-01-28 21:00:00,218.46106
2012-01-28 22:00:00,169.03758
2012-01-28 23:00:00,172.80565
2012-01-29 00:00:00,141.61311
2012-01-29 01:00:00,174.48323
2012-01-29 02:00:00,170.70512
2012-01-29 03:00:00,142.7126
2012-01-29 04:00:00,130.2538
2012-01-29 05:00:00,60.419296
2012-01-29 06:00:00,76.26686
2012-01-29 07:00:00,79.20382
2012-01-29 08:00:00,67.515335
2012-01-29 09:00:00,63.94583
2012-01-29 10:00:00,99.48608
2012-01-29 11:00:00,158.09615
2012-01-29 12:00:00,201.5607
2012-01-29 13:00:00,201.5607
2012-01-29 14:00:00,202.7353
2012-01-29 15:00:00,241.00687
2012-01-29 16:00:00,182.97905
2012-01-29 17:00:00,182.97905
2012-01-29 18:00:00,205.41512
2012-01-29 19:00:00,183.62059
2012-01-29 20:00:00,119.62964
2012-01-29 21:00:00,143.96626
2012-01-29 22:00:00,185.18753
2012-01-29 23:00:00,142.16945
2012-01-30 00:00:00,85.26889
2012-01-30 01:00:00,95.03178
2012-01-30 02:00:00,103.021904
2012-01-30 03:00:00,98.99165
2012-01-30 04:00:00,83.65897
2012-01-30 05:00:00,83.65897
2012-01-30 06:00:00,99.68663
2012-01-30 07:00:00,100.50714
2012-01-30 08:00:00,90.11188
2012-01-30 09:00:00,90.11188
2012-01-30 10:00:00,107.19061
2012-01-30 11:00:00,112.48835
2012-01-30 12:00:00,146.02396
2012-01-30 13:00:00,162.16322
2012-01-30 14:00:00,211.3504
2012-01-30 15:00:00,210.8601
2012-01-30 16:00:00,216.30083
2012-01-30 17:00:00,234.18977
2012-01-30 18:00:00,218.97714
2012-01-30 19:00:00,120.493645
2012-01-30 20:00:00,139.69656
2012-01-30 21:00:00,131.477
2012-01-30 22:00:00,111.101746
2012-01-30 23:00:00,91.47415
2012-01-31 00:00:00,107.452805
2012-01-31 01:00:00,138.1255
2012-01-31 02:00:00,134.25189
2012-01-31 03:00:00,126.03233
2012-01-31 04:00:00,114.5746
2012-01-31 05:00:00,114.5746
2012-01-31 06:00:00,104.99673
2012-01-31 07:00:00,91.47415
2012-01-31 08:00:00,89.4907
2012-01-31 09:00:00,111.224556
2012-01-31 10:00:00,115.72647
2012-01-31 11:00:00,198.13602
2012-01-31 12:00:00,182.8067
2012-01-31 13:00:00,248.09093
2012-01-31 14:00:00,313.27768
2012-01-31 15:00:00,271.3503
2012-01-31 16:00:00,271.3503
2012-01-31 17:00:00,278.43863
2012-01-31 18:00:00,273.84494
2012-01-31 19:00:00,297.73346
2012-01-31 20:00:00,130.53334
2012-01-31 21:00:00,270.1461
2012-01-31 22:00:00,242.0563
2012-01-31 23:00:00,221.17575
2012-02-20 00:00:00,40.52591
2012-02-20 01:00:00,40.52591
2012-02-20 02:00:00,40.52591
2012-02-20 03:00:00,38.843307
2012-02-20 05:00:00,66.32383
2012-02-20 06:00:00,72.22029
2012-02-20 07:00:00,65.68254
2012-02-20 08:00:00,52.42089
2012-02-20 09:00:00,52.42089
2012-02-20 10:00:00,64.75648
2012-02-20 11:00:00,85.45655
2012-02-20 12:00:00,95.163315
2012-02-20 13:00:00,115.97633
2012-02-20 14:00:00,139.60823
2012-02-20 15:00:00,164.6234
2012-02-20 16:00:00,234.74579
2012-02-20 17:00:00,257.9187
2012-02-20 18:00:00,164.6234
2012-02-20 19:00:00,164.6234
2012-02-20 20:00:00,167.69801
2012-02-20 21:00:00,116.974335
2012-02-20 22:00:00,96.661606
2012-02-20 23:00:00,124.793434
2012-02-21 00:00:00,81.98795
2012-02-21 01:00:00,92.03807
2012-02-21 02:00:00,82.164444
2012-02-21 04:00:00,72.28768
2012-02-21 05:00:00,66.176155
2012-02-21 06:00:00,63.438705
2012-02-21 07:00:00,72.28768
2012-02-21 08:00:00,62.807816
2012-02-21 09:00:00,58.542213
2012-02-21 10:00:00,74.4247
2012-02-21 11:00:00,86.49308
2012-02-21 12:00:00,115.811264
2012-02-21 13:00:00,144.12234
2012-02-21 14:00:00,126.92936
2012-02-21 15:00:00,144.12234
2012-02-21 16:00:00,162.16048
2012-02-21 17:00:00,193.99991
2012-02-21 18:00:00,193.99991
2012-02-21 19:00:00,153.26714
2012-02-21 20:00:00,122.61558
2012-02-21 21:00:00,111.64624
2012-02-21 22:00:00,105.49987
2012-02-21 23:00:00,101.81847
2012-02-22 00:00:00,101.81847
2012-02-22 01:00:00,95.84129
2012-02-22 02:00:00,108.866806
2012-02-22 03:00:00,105.84777
2012-02-22 04:00:00,100.47943
2012-02-22 05:00:00,95.023506
2012-02-22 06:00:00,89.48912
2012-02-22 07:00:00,87.91455
2012-02-22 08:00:00,83.62432
2012-02-22 09:00:00,94.61463
2012-02-22 10:00:00,98.908005
2012-02-22 11:00:00,111.472885
2012-02-22 12:00:00,130.9815
2012-02-22 13:00:00,160.804
2012-02-22 14:00:00,171.17784
2012-02-22 15:00:00,289.5862
2012-02-22 16:00:00,272.93442
2012-02-22 17:00:00,324.92795
2012-02-22 18:00:00,232.61205
2012-02-22 19:00:00,207.49696
2012-02-22 20:00:00,184.46793
2012-02-22 21:00:00,281.81876
2012-02-22 22:00:00,188.91461
2012-02-22 23:00:00,215.71652
2012-02-23 00:00:00,188.91461
2012-02-23 01:00:00,161.0033
2012-02-23 02:00:00,145.5972
2012-02-23 03:00:00,142.16158
2012-02-23 04:00:00,113.7097
2012-02-23 05:00:00,113.7097
2012-02-23 06:00:00,88.84038
2012-02-23 07:00:00,96.36098
2012-02-23 08:00:00,83.430336
2012-02-23 09:00:00,96.703
2012-02-23 10:00:00,128.3462
2012-02-23 11:00:00,200.56258
2012-02-23 12:00:00,241.75752
2012-02-23 13:00:00,264.46945
2012-02-23 14:00:00,292.44647
2012-02-23 15:00:00,254.1645
2012-02-23 16:00:00,214.04225
2012-02-23 17:00:00,265.32547
2012-02-23 18:00:00,251.01836
2012-02-23 19:00:00,222.55605
2012-02-23 20:00:00,193.58669
2012-02-23 21:00:00,171.61386
2012-02-23 22:00:00,165.6139
2012-02-23 23:00:00,146.7174
2012-02-24 00:00:00,146.55345
2012-02-24 01:00:00,139.33965
2012-02-24 02:00:00,128.04353
2012-02-24 03:00:00,109.95772
2012-02-24 04:00:00,98.9674
2012-02-24 05:00:00,104.80835
2012-02-24 06:00:00,103.990585
2012-02-24 07:00:00,117.91235
2012-02-24 08:00:00,115.37001
2012-02-24 09:00:00,105.10834
2012-02-24 10:00:00,103.128006
2012-02-24 11:00:00,97.75965
2012-02-24 12:00:00,115.453545
2012-02-24 13:00:00,125.62608
2012-02-24 14:00:00,140.90977
2012-02-24 15:00:00,109.01101
2012-02-24 16:00:00,109.01101
2012-02-24 17:00:00,104.1451
2012-02-24 18:00:00,97.074745
2012-02-24 19:00:00,112.05258
2012-02-24 20:00:00,155.9253
2012-02-24 21:00:00,36.08442
2012-02-24 22:00:00,156.91594
2012-02-24 23:00:00,95.5719
2012-02-25 00:00:00,145.31862
2012-02-25 01:00:00,136.01283
2012-02-25 02:00:00,113.54583
2012-02-25 03:00:00,107.06413
2012-02-25 04:00:00,117.51075
2012-02-25 05:00:00,119.40541
2012-02-25 06:00:00,119.40541
2012-02-25 07:00:00,108.36597
2012-02-25 08:00:00,83.553986
2012-02-25 09:00:00,51.812515
2012-02-25 10:00:00,71.792114
2012-02-25 11:00:00,129.92688
2012-02-25 12:00:00,47.921356
2012-02-25 13:00:00,147.27065
2012-02-25 14:00:00,104.83421
2012-02-25 15:00:00,180.32275
2012-02-25 16:00:00,77.18515
2012-02-25 17:00:00,144.38905
2012-02-25 18:00:00,69.45339
2012-02-25 19:00:00,131.42566
2012-02-25 20:00:00,77.62643
2012-02-25 21:00:00,110.58869
2012-02-25 22:00:00,110.70049
2012-02-25 23:00:00,99.14406
2012-02-26 00:00:00,96.36918
2012-02-26 01:00:00,85.93001
2012-02-26 02:00:00,85.93001
2012-02-26 03:00:00,85.82183
2012-02-26 04:00:00,85.82183
2012-02-26 05:00:00,75.62917
2012-02-26 06:00:00,78.02426
2012-02-26 07:00:00,63.976936
2012-02-26 08:00:00,63.22328
2012-02-26 09:00:00,72.27914
2012-02-26 10:00:00,93.420784
2012-02-26 11:00:00,108.77803
2012-02-26 12:00:00,114.6277
2012-02-26 13:00:00,139.22055
2012-02-26 14:00:00,190.93552
2012-02-26 15:00:00,209.35368
2012-02-26 16:00:00,195.22734
2012-02-26 17:00:00,198.33405
2012-02-26 18:00:00,155.57298
2012-02-26 19:00:00,167.86298
2012-02-26 20:00:00,116.78197
2012-02-26 21:00:00,98.188576
2012-02-26 22:00:00,111.41008
2012-02-26 23:00:00,71.88344
2012-02-27 00:00:00,92.63669
2012-02-27 01:00:00,86.71127
2012-02-27 02:00:00,82.2267
2012-02-27 03:00:00,68.49613
2012-02-27 04:00:00,58.078392
2012-02-27 05:00:00,58.078392
2012-02-27 06:00:00,76.06299
2012-02-27 07:00:00,86.41201
2012-02-27 08:00:00,80.74034
2012-02-27 09:00:00,91.47415
2012-02-27 10:00:00,136.38763
2012-02-27 11:00:00,158.14983
2012-02-27 12:00:00,199.24583
2012-02-27 13:00:00,181.69688
2012-02-27 14:00:00,250.44408
2012-02-27 15:00:00,263.42648
2012-02-27 16:00:00,271.3503
2012-02-27 17:00:00,252.60367
2012-02-27 18:00:00,282.17313
2012-02-27 19:00:00,298.23935
2012-02-27 20:00:00,287.87405
2012-02-27 21:00:00,250.44408
2012-02-27 22:00:00,193.01244
2012-02-27 23:00:00,161.76025
2012-02-28 00:00:00,148.57378
2012-02-28 01:00:00,122.29488
2012-02-28 02:00:00,138.21846
2012-02-28 03:00:00,232.80272
2012-02-28 04:00:00,150.71895
2012-02-28 05:00:00,150.71895
2012-02-28 06:00:00,132.13301
2012-02-28 07:00:00,121.77024
2012-02-28 08:00:00,106.857376
2012-02-28 09:00:00,126.21692
2012-02-28 10:00:00,138.12552
2012-02-28 11:00:00,169.1931
2012-02-28 12:00:00,175.59802
2012-02-28 13:00:00,187.80006
2012-02-28 14:00:00,207.9308
2012-02-28 15:00:00,210.35272
2012-02-28 16:00:00,208.45007
2012-02-28 17:00:00,210.35272
2012-02-28 18:00:00,234.33394
2012-02-28 19:00:00,185.54837
2012-02-28 20:00:00,216.6974
2012-02-28 21:00:00,134.03627
2012-02-28 22:00:00,134.03627
2012-02-28 23:00:00,116.3353
2012-02-29 00:00:00,114.00707
2012-02-29 01:00:00,118.4738
2012-02-29 02:00:00,107.57836
2012-02-29 03:00:00,83.79767
2012-02-29 05:00:00,72.80736
2012-02-29 06:00:00,82.41693
2012-02-29 07:00:00,71.06085
2012-02-29 08:00:00,82.3532
2012-02-29 09:00:00,86.901
2012-02-29 10:00:00,86.901
2012-02-29 11:00:00,80.54608
2012-02-29 12:00:00,82.94114
2012-02-29 13:00:00,90.37321
2012-02-29 14:00:00,90.37321
2012-02-29 15:00:00,112.85056
2012-02-29 16:00:00,115.41493
2012-02-29 17:00:00,103.990585
2012-02-29 18:00:00,103.68724
2012-02-29 19:00:00,102.35229
2012-02-29 20:00:00,112.483475
2012-02-29 21:00:00,112.483475
2012-02-29 22:00:00,108.23946
2012-02-29 23:00:00,108.23946
2012-03-20 00:00:00,155.26135
2012-03-20 01:00:00,132.02618
2012-03-20 02:00:00,134.48499
2012-03-20 03:00:00,136.22884
2012-03-20 04:00:00,134.50429
2012-03-20 05:00:00,124.11871
2012-03-20 06:00:00,128.62473
2012-03-20 07:00:00,134.46567
2012-03-20 08:00:00,133.68651
2012-03-20 09:00:00,140.73483
2012-03-20 10:00:00,137.34995
2012-03-20 11:00:00,152.11201
2012-03-20 12:00:00,166.85466
2012-03-20 13:00:00,165.21637
2012-03-20 14:00:00,179.49666
2012-03-20 15:00:00,194.15619
2012-03-20 16:00:00,207.14737
2012-03-20 17:00:00,177.59456
2012-03-20 18:00:00,193.00066
2012-03-20 19:00:00,163.27882
2012-03-20 20:00:00,172.02739
2012-03-20 21:00:00,154.18329
2012-03-20 22:00:00,144.30966
2012-03-20 23:00:00,132.19954
2012-03-21 00:00:00,110.59137
2012-03-21 01:00:00,118.633575
2012-03-21 02:00:00,108.8668
2012-03-21 03:00:00,114.70775
2012-03-21 04:00:00,113.06946
2012-03-21 05:00:00,113.06946
2012-03-21 06:00:00,103.42128
2012-03-21 07:00:00,106.803406
2012-03-21 08:00:00,104.34735
2012-03-21 09:00:00,113.889984
2012-03-21 10:00:00,124.88342
2012-03-21 11:00:00,124.88342
2012-03-21 12:00:00,132.48755
2012-03-21 13:00:00,125.78747
2012-03-21 14:00:00,136.77777
2012-03-21 15:00:00,136.77777
2012-03-21 16:00:00,144.40396
2012-03-21 17:00:00,173.52747
2012-03-21 18:00:00,166.85374
2012-03-21 19:00:00,182.23589
2012-03-21 20:00:00,135.03394
2012-03-21 21:00:00,124.452515
2012-03-21 22:00:00,120.680756
2012-03-21 23:00:00,128.28488
2012-03-22 00:00:00,118.633575
2012-03-22 01:00:00,118.633575
2012-03-22 02:00:00,118.633575
2012-03-22 03:00:00,118.633575
2012-03-22 04:00:00,93.03573
2012-03-22 05:00:00,93.03573
2012-03-22 06:00:00,93.03573
2012-03-22 07:00:00,93.03573
2012-03-22 08:00:00,105.142715
2012-03-22 09:00:00,105.142715
2012-03-22 10:00:00,98.442635
2012-03-22 11:00:00,108.09395
2012-03-22 12:00:00,125.52784
2012-03-22 13:00:00,140.44398
2012-03-22 14:00:00,163.67787
2012-03-22 15:00:00,189.45033
2012-03-22 16:00:00,206.87366
2012-03-22 17:00:00,213.27823
2012-03-22 18:00:00,213.27823
2012-03-22 19:00:00,212.91228
2012-03-22 20:00:00,183.4818
2012-03-22 21:00:00,142.93492
2012-03-22 22:00:00,132.31548
2012-03-22 23:00:00,129.45053
2012-03-23 00:00:00,126.99173
2012-03-23 01:00:00,116.0014
2012-03-23 02:00:00,118.46022
2012-03-23 03:00:00,113.45906
2012-03-23 04:00:00,105.551605
2012-03-23 05:00:00,102.6839
2012-03-23 06:00:00,109.38398
2012-03-23 07:00:00,107.486046
2012-03-23 08:00:00,106.36937
2012-03-23 09:00:00,115.019485
2012-03-23 10:00:00,128.4787
2012-03-23 11:00:00,174.26349
2012-03-23 12:00:00,238.00279
2012-03-23 13:00:00,242.20628
2012-03-23 14:00:00,288.75912
2012-03-23 15:00:00,299.09885
2012-03-23 16:00:00,309.47318
2012-03-23 17:00:00,309.47318
2012-03-23 18:00:00,293.7345
2012-03-23 19:00:00,288.8762
2012-03-23 20:00:00,270.52182
2012-03-23 21:00:00,244.31209
2012-03-23 22:00:00,203.35944
2012-03-23 23:00:00,185.75024
2012-03-24 00:00:00,135.26141
2012-03-24 01:00:00,120.089096
2012-03-24 02:00:00,107.912926
2012-03-24 03:00:00,107.912926
2012-03-24 04:00:00,95.39392
2012-03-24 05:00:00,101.64375
2012-03-24 06:00:00,101.64375
2012-03-24 07:00:00,89.82979
2012-03-24 08:00:00,84.768
2012-03-24 09:00:00,100.823235
2012-03-24 10:00:00,96.87813
2012-03-24 11:00:00,84.768
2012-03-24 12:00:00,95.20123
2012-03-24 13:00:00,96.019
2012-03-24 14:00:00,105.58678
2012-03-24 15:00:00,95.114944
2012-03-24 16:00:00,91.83835
2012-03-24 17:00:00,96.49125
2012-03-24 18:00:00,78.97423
2012-03-24 19:00:00,76.51543
2012-03-24 20:00:00,66.046715
2012-03-24 21:00:00,66.046715
2012-03-24 22:00:00,67.685
2012-03-24 23:00:00,71.002945
2012-03-25 00:00:00,71.002945
2012-03-25 01:00:00,58.07229
2012-03-25 02:00:00,63.50435
2012-03-25 03:00:00,70.20445
2012-03-25 04:00:00,66.8223
2012-03-25 05:00:00,52.665375
2012-03-25 06:00:00,52.665375
2012-03-25 07:00:00,61.415382
2012-03-25 08:00:00,61.415382
2012-03-25 09:00:00,59.365456
2012-03-25 10:00:00,69.23215
2012-03-25 11:00:00,59.365456
2012-03-25 12:00:00,58.547676
2012-03-25 13:00:00,69.01639
2012-03-25 14:00:00,74.42642
2012-03-25 15:00:00,75.2442
2012-03-25 16:00:00,88.81822
2012-03-25 17:00:00,102.26735
2012-03-25 18:00:00,102.26735
2012-03-25 19:00:00,110.62248
2012-03-25 20:00:00,94.96251
2012-03-25 21:00:00,93.32421
2012-03-25 22:00:00,81.510254
2012-03-25 23:00:00,86.9203
2012-03-26 00:00:00,115.183136
2012-03-26 01:00:00,113.43654
2012-03-26 02:00:00,100.50865
2012-03-26 03:00:00,106.388214
2012-03-26 04:00:00,100.16351
2012-03-26 05:00:00,105.74692
2012-03-26 06:00:00,95.57124
2012-03-26 07:00:00,112.14809
2012-03-26 08:00:00,134.22505
2012-03-26 09:00:00,187.90524
2012-03-26 10:00:00,238.27866
2012-03-26 11:00:00,204.02884
2012-03-26 12:00:00,244.54018
2012-03-26 13:00:00,139.53938
2012-03-26 14:00:00,290.4009
2012-03-26 15:00:00,180.7428
2012-03-26 16:00:00,153.5849
2012-03-26 17:00:00,258.8176
2012-03-26 18:00:00,251.41948
2012-03-26 19:00:00,290.27756
2012-03-26 20:00:00,181.93666
2012-03-26 21:00:00,186.28802
2012-03-26 22:00:00,234.71886
2012-03-26 23:00:00,107.109695
2012-03-27 00:00:00,111.049255
2012-03-27 01:00:00,141.04903
2012-03-27 02:00:00,179.75243
2012-03-27 03:00:00,179.88246
2012-03-27 04:00:00,166.68552
2012-03-27 05:00:00,146.83405
2012-03-27 06:00:00,153.24574
2012-03-27 07:00:00,153.24574
2012-03-27 08:00:00,146.89885
2012-03-27 09:00:00,146.76904
2012-03-27 10:00:00,171.31613
2012-03-27 11:00:00,204.42137
2012-03-27 12:00:00,209.07999
2012-03-27 13:00:00,211.42085
2012-03-27 14:00:00,270.54205
2012-03-27 15:00:00,245.05302
2012-03-27 16:00:00,245.05302
2012-03-27 17:00:00,256.77728
2012-03-27 18:00:00,276.99933
2012-03-27 19:00:00,252.19498
2012-03-27 20:00:00,276.99936
2012-03-27 21:00:00,192.34868
2012-03-27 22:00:00,192.21864
2012-03-27 23:00:00,192.47827
2012-03-28 00:00:00,173.06473
2012-03-28 01:00:00,147.12578
2012-03-28 02:00:00,127.97859
2012-03-28 03:00:00,153.17645
2012-03-28 04:00:00,160.12766
2012-03-28 05:00:00,160.12766
2012-03-28 06:00:00,150.46341
2012-03-28 07:00:00,148.2438
2012-03-28 08:00:00,172.35854
2012-03-28 09:00:00,190.40868
2012-03-28 10:00:00,218.3073
2012-03-28 11:00:00,241.48256
2012-03-28 12:00:00,288.5318
2012-03-28 13:00:00,278.85406
2012-03-28 14:00:00,344.1362
2012-03-28 15:00:00,332.4977
2012-03-28 16:00:00,287.19977
2012-03-28 17:00:00,209.95563
2012-03-28 18:00:00,209.95563
2012-03-28 19:00:00,238.51653
2012-03-28 20:00:00,242.63551
2012-03-28 21:00:00,198.91856
2012-03-28 22:00:00,170.91902
2012-03-28 23:00:00,151.8239
2012-03-29 00:00:00,156.27058
2012-03-29 01:00:00,181.87843
2012-03-29 02:00:00,343.98477
2012-03-29 03:00:00,313.75098
2012-03-29 04:00:00,288.13513
2012-03-29 05:00:00,215.89569
2012-03-29 06:00:00,152.79994
2012-03-29 07:00:00,182.5023
2012-03-29 08:00:00,197.9084
2012-03-29 09:00:00,203.31532
2012-03-29 10:00:00,200.13547
2012-03-29 11:00:00,223.54245
2012-03-29 12:00:00,245.59761
2012-03-29 13:00:00,199.46165
2012-03-29 14:00:00,240.304
2012-03-29 15:00:00,274.79352
2012-03-29 16:00:00,294.96835
2012-03-29 17:00:00,282.34363
2012-03-29 18:00:00,260.10318
2012-03-29 19:00:00,248.7361
2012-03-29 20:00:00,244.35745
2012-03-29 21:00:00,194.63306
2012-03-29 22:00:00,189.97447
2012-03-29 23:00:00,177.0374
2012-03-30 00:00:00,172.42354
2012-03-30 01:00:00,154.69826
2012-03-30 02:00:00,126.83775
2012-03-30 03:00:00,94.80095
2012-03-30 04:00:00,124.82367
2012-03-30 05:00:00,97.701935
2012-03-30 06:00:00,106.63671
2012-03-30 07:00:00,99.802765
2012-03-30 08:00:00,84.63116
2012-03-30 09:00:00,101.68785
2012-03-30 10:00:00,125.8923
2012-03-30 11:00:00,149.575
2012-03-30 12:00:00,149.85489
2012-03-30 13:00:00,185.57515
2012-03-30 14:00:00,168.2393
2012-03-30 15:00:00,172.85315
2012-03-30 16:00:00,134.80098
2012-03-30 17:00:00,122.064316
2012-03-30 18:00:00,146.24521
2012-03-30 19:00:00,117.9426
2012-03-30 20:00:00,113.495895
2012-03-30 21:00:00,100.98287
2012-03-30 22:00:00,89.864716
2012-03-30 23:00:00,86.30708
2012-03-31 00:00:00,61.514618
2012-03-31 01:00:00,77.8274
2012-03-31 02:00:00,83.75593
2012-03-31 03:00:00,68.56296
2012-03-31 04:00:00,84.05925
2012-03-31 05:00:00,67.74517
2012-03-31 06:00:00,52.96083
2012-03-31 07:00:00,52.96083
2012-03-31 08:00:00,53.77861
2012-03-31 09:00:00,77.8274
2012-03-31 10:00:00,76.1891
2012-03-31 11:00:00,92.677055
2012-03-31 12:00:00,99.985016
2012-03-31 13:00:00,157.62091
2012-03-31 14:00:00,139.4029
2012-03-31 15:00:00,160.73613
2012-03-31 16:00:00,142.73976
2012-03-31 17:00:00,128.41628
2012-03-31 18:00:00,105.89313
2012-03-31 19:00:00,95.254654
2012-03-31 20:00:00,87.099014
2012-03-31 21:00:00,87.099014
2012-03-31 22:00:00,79.63905
2012-03-31 23:00:00,68.04515
2012-04-20 00:00:00,127.91491
2012-04-20 01:00:00,106.388214
2012-04-20 02:00:00,94.281204
2012-04-20 03:00:00,91.82515
2012-04-20 04:00:00,79.71503
2012-04-20 05:00:00,76.84731
2012-04-20 06:00:00,83.54739
2012-04-20 07:00:00,76.84731
2012-04-20 08:00:00,82.25737
2012-04-20 09:00:00,96.82318
2012-04-20 10:00:00,122.788574
2012-04-20 11:00:00,154.05096
2012-04-20 12:00:00,225.21564
2012-04-20 13:00:00,283.23123
2012-04-20 14:00:00,298.39444
2012-04-20 15:00:00,285.66043
2012-04-20 16:00:00,293.5955
2012-04-20 17:00:00,316.74887
2012-04-20 18:00:00,291.3711
2012-04-20 19:00:00,257.63123
2012-04-20 20:00:00,204.92633
2012-04-20 21:00:00,159.95961
2012-04-20 22:00:00,160.71725
2012-04-20 23:00:00,132.71773
2012-04-21 00:00:00,105.77946
2012-04-21 01:00:00,105.77946
2012-04-21 02:00:00,103.32065
2012-04-21 03:00:00,94.786026
2012-04-21 04:00:00,95.60379
2012-04-21 05:00:00,95.60379
2012-04-21 06:00:00,94.786026
2012-04-21 07:00:00,96.42432
2012-04-21 08:00:00,102.13052
2012-04-21 09:00:00,109.55121
2012-04-21 10:00:00,196.90337
2012-04-21 11:00:00,228.87737
2012-04-21 12:00:00,265.5913
2012-04-21 13:00:00,295.79947
2012-04-21 14:00:00,381.965
2012-04-21 15:00:00,420.39236
2012-04-21 16:00:00,402.84555
2012-04-21 17:00:00,481.00455
2012-04-21 18:00:00,363.24762
2012-04-21 19:00:00,158.34203
2012-04-21 20:00:00,105.23852
2012-04-21 21:00:00,107.69733
2012-04-21 22:00:00,91.426285
2012-04-21 23:00:00,89.81001
2012-04-22 00:00:00,87.351204
2012-04-22 01:00:00,91.03943
2012-04-22 02:00:00,96.77416
2012-04-22 03:00:00,81.12651
2012-04-22 04:00:00,86.70991
2012-04-22 05:00:00,88.348206
2012-04-22 06:00:00,96.7993
2012-04-22 07:00:00,91.646805
2012-04-22 08:00:00,76.96828
2012-04-22 09:00:00,76.96828
2012-04-22 10:00:00,73.60816
2012-04-22 11:00:00,67.20424
2012-04-22 12:00:00,68.024765
2012-04-22 13:00:00,74.425934
2012-04-22 14:00:00,68.024765
2012-04-22 15:00:00,69.66304
2012-04-22 16:00:00,71.30134
2012-04-22 17:00:00,57.29763
2012-04-22 18:00:00,57.29763
2012-04-22 19:00:00,66.04488
2012-04-22 20:00:00,56.94973
2012-04-22 21:00:00,62.83204
2012-04-22 22:00:00,60.16224
2012-04-22 23:00:00,71.10668
2012-04-23 00:00:00,93.589554
2012-04-23 01:00:00,79.368515
2012-04-23 02:00:00,69.41378
2012-04-23 03:00:00,74.88446
2012-04-23 04:00:00,73.6802
2012-04-23 05:00:00,73.6802
2012-04-23 06:00:00,69.41068
2012-04-23 07:00:00,72.85969
2012-04-23 08:00:00,76.9313
2012-04-23 09:00:00,78.56958
2012-04-23 10:00:00,88.39734
2012-04-23 11:00:00,88.7425
2012-04-23 12:00:00,97.2354
2012-04-23 13:00:00,103.63931
2012-04-23 14:00:00,119.871124
2012-04-23 15:00:00,112.97453
2012-04-23 16:00:00,75.25163
2012-04-23 17:00:00,73.31719
2012-04-23 18:00:00,75.93837
2012-04-23 19:00:00,84.23961
2012-04-23 20:00:00,77.667015
2012-04-23 21:00:00,73.24616
2012-04-23 22:00:00,74.28213
2012-04-23 23:00:00,73.46435
2012-04-24 00:00:00,77.319115
2012-04-24 01:00:00,71.73572
2012-04-24 02:00:00,68.69873
2012-04-24 03:00:00,69.0435
2012-04-24 04:00:00,75.099556
2012-04-24 05:00:00,75.099556
2012-04-24 06:00:00,75.920074
2012-04-24 07:00:00,87.43199
2012-04-24 08:00:00,97.60492
2012-04-24 09:00:00,172.68318
2012-04-24 10:00:00,177.0374
2012-04-24 11:00:00,297.36478
2012-04-24 12:00:00,318.325
2012-04-24 13:00:00,330.1115
2012-04-24 14:00:00,301.7916
2012-04-24 15:00:00,277.07852
2012-04-24 16:00:00,300.35483
2012-04-24 17:00:00,280.60458
2012-04-24 18:00:00,258.55222
2012-04-24 19:00:00,288.6251
2012-04-24 20:00:00,286.88577
2012-04-24 21:00:00,293.12704
2012-04-24 22:00:00,240.47421
2012-04-24 23:00:00,227.00577
2012-04-25 00:00:00,204.40309
2012-04-25 01:00:00,195.05948
2012-04-25 02:00:00,108.217545
2012-04-25 03:00:00,78.589874
2012-04-25 04:00:00,88.46663
2012-04-25 05:00:00,95.452545
2012-04-25 06:00:00,95.452545
2012-04-25 07:00:00,81.89863
2012-04-25 08:00:00,82.70676
2012-04-25 09:00:00,145.40154
2012-04-25 10:00:00,222.66357
2012-04-25 11:00:00,264.6037
2012-04-25 12:00:00,317.65933
2012-04-25 13:00:00,308.06088
2012-04-25 14:00:00,294.06964
2012-04-25 15:00:00,310.4001
2012-04-25 16:00:00,298.51907
2012-04-25 17:00:00,307.70438
2012-04-25 18:00:00,312.2817
2012-04-25 19:00:00,328.86786
2012-04-25 20:00:00,280.40463
2012-04-25 21:00:00,187.5148
2012-04-25 22:00:00,176.94832
2012-04-25 23:00:00,191.06377
2012-04-26 00:00:00,135.21251
2012-04-26 01:00:00,199.4518
2012-04-26 02:00:00,169.1789
2012-04-26 03:00:00,169.1141
2012-04-26 04:00:00,152.84566
2012-04-26 05:00:00,145.21567
2012-04-26 06:00:00,154.10901
2012-04-26 07:00:00,119.29954
2012-04-26 08:00:00,114.79353
2012-04-26 09:00:00,107.27568
2012-04-26 10:00:00,96.37294
2012-04-26 11:00:00,98.01122
2012-04-26 12:00:00,124.06291
2012-04-26 13:00:00,120.59006
2012-04-26 14:00:00,137.81131
2012-04-26 15:00:00,129.3894
2012-04-26 16:00:00,126.52171
2012-04-26 17:00:00,132.79088
2012-04-26 18:00:00,137.81131
2012-04-26 19:00:00,138.63184
2012-04-26 20:00:00,133.60866
2012-04-26 21:00:00,122.319046
2012-04-26 22:00:00,120.680756
2012-04-26 23:00:00,109.68731
2012-04-27 00:00:00,182.9506
2012-04-27 01:00:00,183.53967
2012-04-27 02:00:00,173.1769
2012-04-27 03:00:00,195.32918
2012-04-27 04:00:00,189.84444
2012-04-27 05:00:00,190.29889
2012-04-27 06:00:00,189.56454
2012-04-27 07:00:00,154.69826
2012-04-27 08:00:00,158.12352
2012-04-27 09:00:00,195.40196
2012-04-27 10:00:00,228.86485
2012-04-27 11:00:00,231.61417
2012-04-27 12:00:00,258.4549
2012-04-27 13:00:00,281.43344
2012-04-27 14:00:00,283.26736
2012-04-27 15:00:00,277.76666
2012-04-27 16:00:00,304.79965
2012-04-27 17:00:00,298.31372
2012-04-27 18:00:00,313.12762
2012-04-27 19:00:00,317.35004
2012-04-27 20:00:00,300.57486
2012-04-27 21:00:00,272.36102
2012-04-27 22:00:00,222.02222
2012-04-27 23:00:00,202.56642
2012-04-28 00:00:00,169.8829
2012-04-28 01:00:00,112.2155
2012-04-28 02:00:00,142.07341
2012-04-28 03:00:00,104.9141
2012-04-28 04:00:00,111.41108
2012-04-28 05:00:00,124.28292
2012-04-28 06:00:00,111.54068
2012-04-28 07:00:00,111.41108
2012-04-28 08:00:00,194.6984
2012-04-28 09:00:00,229.21016
2012-04-28 10:00:00,200.26917
2012-04-28 11:00:00,202.10304
2012-04-28 12:00:00,181.41612
2012-04-28 13:00:00,241.09679
2012-04-28 14:00:00,235.25653
2012-04-28 15:00:00,207.69176
2012-04-28 16:00:00,250.88313
2012-04-28 17:00:00,216.93336
2012-04-28 18:00:00,174.3055
2012-04-28 19:00:00,74.209854
2012-04-28 20:00:00,88.39686
2012-04-28 21:00:00,75.848145
2012-04-28 22:00:00,70.00719
2012-04-28 23:00:00,69.5524
2012-04-29 00:00:00,63.043053
2012-04-29 01:00:00,58.840393
2012-04-29 02:00:00,51.79515
2012-04-29 03:00:00,53.778603
2012-04-29 04:00:00,52.140312
2012-04-29 05:00:00,44.221725
2012-04-29 06:00:00,42.527603
2012-04-29 07:00:00,46.730263
2012-04-29 08:00:00,66.5764
2012-04-29 09:00:00,77.569855
2012-04-29 10:00:00,86.21681
2012-04-29 11:00:00,158.62433
2012-04-29 12:00:00,223.06055
2012-04-29 13:00:00,226.91966
2012-04-29 14:00:00,308.63144
2012-04-29 15:00:00,325.32767
2012-04-29 16:00:00,398.82175
2012-04-29 17:00:00,427.1003
2012-04-29 18:00:00,428.38736
2012-04-29 19:00:00,341.259
2012-04-29 20:00:00,340.36432
2012-04-29 21:00:00,218.70493
2012-04-29 22:00:00,230.12975
2012-04-29 23:00:00,119.208374
2012-04-30 00:00:00,109.692024
2012-04-30 01:00:00,98.28969
2012-04-30 02:00:00,106.21643
2012-04-30 03:00:00,96.04663
2012-04-30 04:00:00,112.01542
2012-04-30 05:00:00,112.01542
2012-04-30 06:00:00,171.9691
2012-04-30 07:00:00,158.96721
2012-04-30 08:00:00,189.30492
2012-04-30 09:00:00,203.03072
2012-04-30 10:00:00,216.18288
2012-04-30 11:00:00,207.57997
2012-04-30 12:00:00,194.70769
2012-04-30 13:00:00,186.44992
2012-04-30 14:00:00,175.2702
2012-04-30 15:00:00,181.19736
2012-04-30 16:00:00,186.3251
2012-04-30 17:00:00,184.1055
2012-04-30 18:00:00,192.6739
2012-04-30 19:00:00,175.79842
2012-04-30 20:00:00,176.90422
2012-04-30 21:00:00,176.90422
2012-04-30 22:00:00,185.64403
2012-04-30 23:00:00,190.09071
2012-05-20 00:00:00,231.76872
2012-05-20 01:00:00,218.64645
2012-05-20 02:00:00,218.64645
2012-05-20 03:00:00,181.34529
2012-05-20 04:00:00,117.50589
2012-05-20 05:00:00,102.67622
2012-05-20 06:00:00,126.38782
2012-05-20 07:00:00,125.28199
2012-05-20 08:00:00,199.63234
2012-05-20 09:00:00,407.99344
2012-05-20 10:00:00,422.91492
2012-05-20 11:00:00,414.60672
2012-05-20 12:00:00,429.9815
2012-05-20 13:00:00,426.65073
2012-05-20 14:00:00,439.66006
2012-05-20 15:00:00,422.3732
2012-05-20 16:00:00,419.36682
2012-05-20 17:00:00,399.07748
2012-05-20 18:00:00,349.7546
2012-05-20 19:00:00,258.84525
2012-05-20 20:00:00,258.84525
2012-05-20 21:00:00,191.35149
2012-05-20 22:00:00,163.97685
2012-05-20 23:00:00,152.60495
2012-05-21 00:00:00,143.41518
2012-05-21 01:00:00,145.05345
2012-05-21 02:00:00,130.07562
2012-05-21 03:00:00,133.80246
2012-05-21 04:00:00,138.00511
2012-05-21 05:00:00,138.00511
2012-05-21 06:00:00,138.00511
2012-05-21 07:00:00,138.00511
2012-05-21 08:00:00,136.77571
2012-05-21 09:00:00,135.95793
2012-05-21 10:00:00,143.00629
2012-05-21 11:00:00,146.51735
2012-05-21 12:00:00,148.97342
2012-05-21 13:00:00,153.17606
2012-05-21 14:00:00,151.53777
2012-05-21 15:00:00,189.07655
2012-05-21 16:00:00,193.52324
2012-05-21 17:00:00,212.61835
2012-05-21 18:00:00,178.28854
2012-05-21 19:00:00,196.27385
2012-05-21 20:00:00,191.46758
2012-05-21 21:00:00,181.67424
2012-05-21 22:00:00,178.71016
2012-05-21 23:00:00,183.4818
2012-05-22 00:00:00,139.36383
2012-05-22 01:00:00,140.28992
2012-05-22 02:00:00,139.47215
2012-05-22 03:00:00,139.47215
2012-05-22 04:00:00,130.11697
2012-05-22 05:00:00,135.1374
2012-05-22 06:00:00,132.68135
2012-05-22 07:00:00,132.68135
2012-05-22 08:00:00,129.29645
2012-05-22 09:00:00,144.87904
2012-05-22 10:00:00,151.31873
2012-05-22 11:00:00,148.0705
2012-05-22 12:00:00,160.56422
2012-05-22 13:00:00,174.62672
2012-05-22 14:00:00,182.41026
2012-05-22 15:00:00,255.37962
2012-05-22 16:00:00,251.78612
2012-05-22 17:00:00,235.4869
2012-05-22 18:00:00,252.96074
2012-05-22 19:00:00,206.27702
2012-05-22 20:00:00,189.40149
2012-05-22 21:00:00,158.6621
2012-05-22 22:00:00,169.03197
2012-05-22 23:00:00,170.14178
2012-05-23 00:00:00,158.6621
2012-05-23 01:00:00,142.31468
2012-05-23 02:00:00,146.51735
2012-05-23 03:00:00,148.30681
2012-05-23 04:00:00,146.13087
2012-05-23 05:00:00,136.77571
2012-05-23 06:00:00,124.27603
2012-05-23 07:00:00,132.40178
2012-05-23 08:00:00,132.40178
2012-05-23 09:00:00,153.4774
2012-05-23 10:00:00,155.33272
2012-05-23 11:00:00,170.505
2012-05-23 12:00:00,200.39555
2012-05-23 13:00:00,192.25278
2012-05-23 14:00:00,227.47447
2012-05-23 15:00:00,231.9812
2012-05-23 16:00:00,260.31583
2012-05-23 17:00:00,197.49141
2012-05-23 18:00:00,197.49141
2012-05-23 19:00:00,151.92738
2012-05-23 20:00:00,149.88023
2012-05-23 21:00:00,147.4214
2012-05-23 22:00:00,151.92738
2012-05-23 23:00:00,141.49416
2012-05-24 00:00:00,140.2675
2012-05-24 01:00:00,134.21149
2012-05-24 02:00:00,131.75267
2012-05-24 03:00:00,138.82304
2012-05-24 04:00:00,140.46133
2012-05-24 05:00:00,140.46133
2012-05-24 06:00:00,140.46133
2012-05-24 07:00:00,140.67639
2012-05-24 08:00:00,172.36137
2012-05-24 09:00:00,174.58842
2012-05-24 10:00:00,202.42699
2012-05-24 11:00:00,212.09967
2012-05-24 12:00:00,262.90912
2012-05-24 13:00:00,292.4592
2012-05-24 14:00:00,318.07584
2012-05-24 15:00:00,328.4155
2012-05-24 16:00:00,346.08353
2012-05-24 17:00:00,338.78986
2012-05-24 18:00:00,335.93387
2012-05-24 19:00:00,274.77957
2012-05-24 20:00:00,214.84538
2012-05-24 21:00:00,175.59654
2012-05-24 22:00:00,167.02812
2012-05-24 23:00:00,169.24776
2012-05-25 00:00:00,146.9042
2012-05-25 01:00:00,145.67755
2012-05-25 02:00:00,147.4214
2012-05-25 03:00:00,144.22995
2012-05-25 04:00:00,141.36226
2012-05-25 05:00:00,143.82106
2012-05-25 06:00:00,144.22995
2012-05-25 07:00:00,145.86826
2012-05-25 08:00:00,148.52333
2012-05-25 09:00:00,149.3411
2012-05-25 10:00:00,182.57857
2012-05-25 11:00:00,180.3515
2012-05-25 12:00:00,254.9029
2012-05-25 13:00:00,281.4816
2012-05-25 14:00:00,284.62778
2012-05-25 15:00:00,307.9992
2012-05-25 16:00:00,331.81442
2012-05-25 17:00:00,318.17004
2012-05-25 18:00:00,307.9992
2012-05-25 19:00:00,297.36356
2012-05-25 20:00:00,243.99968
2012-05-25 21:00:00,242.82112
2012-05-25 22:00:00,183.68437
2012-05-25 23:00:00,179.94652
2012-05-26 00:00:00,129.41937
2012-05-26 01:00:00,128.59885
2012-05-26 02:00:00,121.89876
2012-05-26 03:00:00,116.78763
2012-05-26 04:00:00,117.60539
2012-05-26 05:00:00,129.34259
2012-05-26 06:00:00,119.24368
2012-05-26 07:00:00,122.62858
2012-05-26 08:00:00,142.2842
2012-05-26 09:00:00,131.35982
2012-05-26 10:00:00,164.18341
2012-05-26 11:00:00,202.1923
2012-05-26 12:00:00,285.06485
2012-05-26 13:00:00,303.51428
2012-05-26 14:00:00,304.69284
2012-05-26 15:00:00,307.046
2012-05-26 16:00:00,387.04816
2012-05-26 17:00:00,398.76666
2012-05-26 18:00:00,381.0669
2012-05-26 19:00:00,281.95004
2012-05-26 20:00:00,346.57742
2012-05-26 21:00:00,290.88297
2012-05-26 22:00:00,204.54549
2012-05-26 23:00:00,204.54549
2012-05-27 00:00:00,210.13275
2012-05-27 01:00:00,169.73592
2012-05-27 02:00:00,164.34007
2012-05-27 03:00:00,159.89339
2012-05-27 04:00:00,125.30283
2012-05-27 05:00:00,125.30283
2012-05-27 06:00:00,124.48506
2012-05-27 07:00:00,118.42592
2012-05-27 08:00:00,131.35982
2012-05-27 09:00:00,143.40543
2012-05-27 10:00:00,184.9175
2012-05-27 11:00:00,269.69006
2012-05-27 12:00:00,286.2394
2012-05-27 13:00:00,350.20547
2012-05-27 14:00:00,352.55862
2012-05-27 15:00:00,403.06006
2012-05-27 16:00:00,403.06006
2012-05-27 17:00:00,422.76205
2012-05-27 18:00:00,354.32446
2012-05-27 19:00:00,350.20547
2012-05-27 20:00:00,348.5176
2012-05-27 21:00:00,206.12848
2012-05-27 22:00:00,128.3844
2012-05-27 23:00:00,132.06987
2012-05-28 00:00:00,127.242546
2012-05-28 01:00:00,152.29181
2012-05-28 02:00:00,119.09577
2012-05-28 03:00:00,151.8662
2012-05-28 04:00:00,127.804184
2012-05-28 05:00:00,127.804184
2012-05-28 06:00:00,151.8662
2012-05-28 07:00:00,133.72026
2012-05-28 08:00:00,190.0611
2012-05-28 09:00:00,271.75504
2012-05-28 10:00:00,271.75504
2012-05-28 11:00:00,264.8188
2012-05-28 12:00:00,321.02646
2012-05-28 13:00:00,364.077
2012-05-28 14:00:00,364.077
2012-05-28 15:00:00,420.35873
2012-05-28 16:00:00,421.53723
2012-05-28 17:00:00,420.35873
2012-05-28 18:00:00,385.86926
2012-05-28 19:00:00,407.10236
2012-05-28 20:00:00,347.12656
2012-05-28 21:00:00,305.7064
2012-05-28 22:00:00,255.88585
2012-05-28 23:00:00,219.30608
2012-05-29 00:00:00,194.61674
2012-05-29 01:00:00,194.61674
2012-05-29 02:00:00,169.39206
2012-05-29 03:00:00,191.4719
2012-05-29 04:00:00,179.94652
2012-05-29 05:00:00,179.94652
2012-05-29 06:00:00,179.94652
2012-05-29 07:00:00,179.94652
2012-05-29 08:00:00,208.31604
2012-05-29 09:00:00,235.29753
2012-05-29 10:00:00,252.43819
2012-05-29 11:00:00,318.75732
2012-05-29 12:00:00,371.63113
2012-05-29 13:00:00,400.39386
2012-05-29 14:00:00,410.73352
2012-05-29 15:00:00,402.75354
2012-05-29 16:00:00,438.97708
2012-05-29 17:00:00,415.33908
2012-05-29 18:00:00,433.1735
2012-05-29 19:00:00,378.41238
2012-05-29 20:00:00,277.3752
2012-05-29 21:00:00,152.44656
2012-05-29 22:00:00,143.82106
2012-05-29 23:00:00,138.39223
2012-05-30 00:00:00,152.72597
2012-05-30 01:00:00,155.18205
2012-05-30 02:00:00,140.85103
2012-05-30 03:00:00,149.25038
2012-05-30 04:00:00,145.04774
2012-05-30 05:00:00,162.78383
2012-05-30 06:00:00,152.42854
2012-05-30 07:00:00,163.21654
2012-05-30 08:00:00,172.24626
2012-05-30 09:00:00,193.57207
2012-05-30 10:00:00,200.24579
2012-05-30 11:00:00,219.13109
2012-05-30 12:00:00,229.79703
2012-05-30 13:00:00,232.15666
2012-05-30 14:00:00,291.40887
2012-05-30 15:00:00,284.44446
2012-05-30 16:00:00,294.81882
2012-05-30 17:00:00,276.86996
2012-05-30 18:00:00,302.75388
2012-05-30 19:00:00,292.4592
2012-05-30 20:00:00,177.86447
2012-05-30 21:00:00,258.00653
2012-05-30 22:00:00,197.38365
2012-05-30 23:00:00,210.92508
2012-05-31 00:00:00,191.46758
2012-05-31 01:00:00,188.13814
2012-05-31 02:00:00,199.09756
2012-05-31 03:00:00,181.67424
2012-05-31 04:00:00,175.00049
2012-05-31 05:00:00,193.89699
2012-05-31 06:00:00,172.57121
2012-05-31 07:00:00,203.35944
2012-05-31 08:00:00,245.59158
2012-05-31 09:00:00,311.94992
2012-05-31 10:00:00,376.1401
2012-05-31 11:00:00,347.14404
2012-05-31 12:00:00,316.05557
2012-05-31 13:00:00,302.49005
2012-05-31 14:00:00,332.0401
2012-05-31 15:00:00,366.7253
2012-05-31 16:00:00,361.55545
2012-05-31 17:00:00,321.70047
2012-05-31 18:00:00,327.13678
2012-05-31 19:00:00,308.0756
2012-05-31 20:00:00,288.9456
2012-05-31 21:00:00,288.9456
2012-05-31 22:00:00,278.53656
2012-05-31 23:00:00,285.71866
2012-06-20 00:00:00,194.61674
2012-06-20 01:00:00,184.79816
2012-06-20 02:00:00,161.80057
2012-06-20 03:00:00,159.5735
2012-06-20 04:00:00,156.49452
2012-06-20 05:00:00,156.49452
2012-06-20 06:00:00,148.11444
2012-06-20 07:00:00,151.06255
2012-06-20 08:00:00,192.07219
2012-06-20 09:00:00,207.80647
2012-06-20 10:00:00,312.33316
2012-06-20 11:00:00,341.0967
2012-06-20 12:00:00,338.01923
2012-06-20 13:00:00,319.55112
2012-06-20 14:00:00,360.2266
2012-06-20 15:00:00,301.75067
2012-06-20 16:00:00,338.0089
2012-06-20 17:00:00,300.17758
2012-06-20 18:00:00,300.17758
2012-06-20 19:00:00,382.4
2012-06-20 20:00:00,364.7974
2012-06-20 21:00:00,308.57764
2012-06-20 22:00:00,306.59903
2012-06-20 23:00:00,285.10867
2012-06-21 00:00:00,238.63158
2012-06-21 01:00:00,192.73824
2012-06-21 02:00:00,190.51863
2012-06-21 03:00:00,198.52016
2012-06-21 04:00:00,165.89098
2012-06-21 05:00:00,167.00078
2012-06-21 06:00:00,170.01271
2012-06-21 07:00:00,170.01271
2012-06-21 08:00:00,221.82402
2012-06-21 09:00:00,318.11667
2012-06-21 10:00:00,311.71988
2012-06-21 11:00:00,335.98346
2012-06-21 12:00:00,371.16327
2012-06-21 13:00:00,317.45743
2012-06-21 14:00:00,350.7521
2012-06-21 15:00:00,369.8422
2012-06-21 16:00:00,354.63626
2012-06-21 17:00:00,305.29593
2012-06-21 18:00:00,352.51047
2012-06-21 19:00:00,367.7163
2012-06-21 20:00:00,345.3685
2012-06-21 21:00:00,327.1529
2012-06-21 22:00:00,301.7129
2012-06-21 23:00:00,284.6181
2012-06-22 00:00:00,255.73204
2012-06-22 01:00:00,233.59529
2012-06-22 02:00:00,190.87077
2012-06-22 03:00:00,190.87077
2012-06-22 04:00:00,250.87584
2012-06-22 05:00:00,265.53445
2012-06-22 06:00:00,243.4756
2012-06-22 07:00:00,288.12033
2012-06-22 08:00:00,286.51627
2012-06-22 09:00:00,314.63794
2012-06-22 10:00:00,377.33408
2012-06-22 11:00:00,318.64493
2012-06-22 12:00:00,319.96954
2012-06-22 13:00:00,367.7163
2012-06-22 14:00:00,367.7163
2012-06-22 15:00:00,419.15317
2012-06-22 16:00:00,383.73022
2012-06-22 17:00:00,353.89633
2012-06-22 18:00:00,335.13776
2012-06-22 19:00:00,359.24313
2012-06-22 20:00:00,359.24313
2012-06-22 21:00:00,238.35976
2012-06-22 22:00:00,200.49963
2012-06-22 23:00:00,179.73637
2012-06-23 00:00:00,109.65956
2012-06-23 01:00:00,143.18054
2012-06-23 02:00:00,128.23112
2012-06-23 03:00:00,120.45503
2012-06-23 04:00:00,126.01151
2012-06-23 05:00:00,128.23112
2012-06-23 06:00:00,116.3333
2012-06-23 07:00:00,121.88977
2012-06-23 08:00:00,210.02818
2012-06-23 09:00:00,288.42523
2012-06-23 10:00:00,344.11966
2012-06-23 11:00:00,400.99268
2012-06-23 12:00:00,419.74612
2012-06-23 13:00:00,438.1407
2012-06-23 14:00:00,447.44644
2012-06-23 15:00:00,481.83853
2012-06-23 16:00:00,477.8508
2012-06-23 17:00:00,468.47992
2012-06-23 18:00:00,480.88205
2012-06-23 19:00:00,447.40494
2012-06-23 20:00:00,435.6807
2012-06-23 21:00:00,412.22513
2012-06-23 22:00:00,392.25122
2012-06-23 23:00:00,349.68875
2012-06-24 00:00:00,336.0555
2012-06-24 01:00:00,324.83768
2012-06-24 02:00:00,351.18228
2012-06-24 03:00:00,225.32864
2012-06-24 04:00:00,228.08102
2012-06-24 05:00:00,171.29199
2012-06-24 06:00:00,204.72304
2012-06-24 07:00:00,174.69423
2012-06-24 08:00:00,301.06293
2012-06-24 09:00:00,338.25717
2012-06-24 10:00:00,363.58032
2012-06-24 11:00:00,400.75916
2012-06-24 12:00:00,441.3984
2012-06-24 13:00:00,457.92538
2012-06-24 14:00:00,473.5612
2012-06-24 15:00:00,459.8379
2012-06-24 16:00:00,461.159
2012-06-24 17:00:00,456.3977
2012-06-24 18:00:00,454.66772
2012-06-24 19:00:00,455.34555
2012-06-24 20:00:00,425.07367
2012-06-24 21:00:00,360.67307
2012-06-24 22:00:00,345.46127
2012-06-24 23:00:00,321.56424
2012-06-25 00:00:00,280.69757
2012-06-25 01:00:00,240.78029
2012-06-25 02:00:00,212.5692
2012-06-25 03:00:00,209.39299
2012-06-25 04:00:00,174.91571
2012-06-25 05:00:00,180.88065
2012-06-25 06:00:00,160.10265
2012-06-25 07:00:00,185.32732
2012-06-25 08:00:00,196.79953
2012-06-25 09:00:00,239.60173
2012-06-25 10:00:00,296.16983
2012-06-25 11:00:00,373.95956
2012-06-25 12:00:00,367.84
2012-06-25 13:00:00,337.12607
2012-06-25 14:00:00,345.10672
2012-06-25 15:00:00,418.57214
2012-06-25 16:00:00,407.8498
2012-06-25 17:00:00,366.60052
2012-06-25 18:00:00,393.5335
2012-06-25 19:00:00,386.80557
2012-06-25 20:00:00,415.86743
2012-06-25 21:00:00,385.79507
2012-06-25 22:00:00,407.73398
2012-06-25 23:00:00,384.71567
2012-06-26 00:00:00,387.74695
2012-06-26 01:00:00,402.5439
2012-06-26 02:00:00,310.82626
2012-06-26 03:00:00,283.07016
2012-06-26 04:00:00,282.61246
2012-06-26 05:00:00,244.07643
2012-06-26 06:00:00,223.42326
2012-06-26 07:00:00,223.6829
2012-06-26 08:00:00,261.65604
2012-06-26 09:00:00,294.69037
2012-06-26 10:00:00,376.95142
2012-06-26 11:00:00,402.3504
2012-06-26 12:00:00,412.35776
2012-06-26 13:00:00,409.1611
2012-06-26 14:00:00,409.1611
2012-06-26 15:00:00,395.7317
2012-06-26 16:00:00,367.7427
2012-06-26 17:00:00,409.49442
2012-06-26 18:00:00,403.17502
2012-06-26 19:00:00,365.9962
2012-06-26 20:00:00,375.59454
2012-06-26 21:00:00,344.29892
2012-06-26 22:00:00,358.62424
2012-06-26 23:00:00,314.96823
2012-06-27 00:00:00,331.49524
2012-06-27 01:00:00,321.51553
2012-06-27 02:00:00,267.6185
2012-06-27 03:00:00,270.6916
2012-06-27 04:00:00,353.43414
2012-06-27 05:00:00,354.56955
2012-06-27 06:00:00,298.8159
2012-06-27 07:00:00,369.7216
2012-06-27 08:00:00,363.94046
2012-06-27 09:00:00,370.8889
2012-06-27 10:00:00,350.65274
2012-06-27 11:00:00,387.13275
2012-06-27 12:00:00,383.43777
2012-06-27 13:00:00,400.84537
2012-06-27 14:00:00,398.70322
2012-06-27 15:00:00,385.45663
2012-06-27 16:00:00,373.32855
2012-06-27 17:00:00,391.66855
2012-06-27 18:00:00,400.84537
2012-06-27 19:00:00,393.8824
2012-06-27 20:00:00,349.7473
2012-06-27 21:00:00,321.49606
2012-06-27 22:00:00,302.63022
2012-06-27 23:00:00,296.82352
2012-06-28 00:00:00,279.23022
2012-06-28 01:00:00,240.77846
2012-06-28 02:00:00,275.1054
2012-06-28 03:00:00,275.1054
2012-06-28 04:00:00,227.28162
2012-06-28 05:00:00,264.5034
2012-06-28 06:00:00,264.5034
2012-06-28 07:00:00,227.28162
2012-06-28 08:00:00,287.4799
2012-06-28 09:00:00,290.60358
2012-06-28 10:00:00,312.3076
2012-06-28 11:00:00,354.1163
2012-06-28 12:00:00,389.95984
2012-06-28 13:00:00,380.83304
2012-06-28 14:00:00,406.94434
2012-06-28 15:00:00,406.94434
2012-06-28 16:00:00,376.6663
2012-06-28 17:00:00,379.04694
2012-06-28 18:00:00,378.01523
2012-06-28 19:00:00,389.79507
2012-06-28 20:00:00,354.37457
2012-06-28 21:00:00,306.5095
2012-06-28 22:00:00,301.93558
2012-06-28 23:00:00,295.7806
2012-06-29 00:00:00,295.7806
2012-06-29 01:00:00,296.916
2012-06-29 02:00:00,292.7709
2012-06-29 03:00:00,292.7709
2012-06-29 04:00:00,238.42711
2012-06-29 05:00:00,257.41205
2012-06-29 06:00:00,269.96002
2012-06-29 07:00:00,257.41205
2012-06-29 08:00:00,293.35892
2012-06-29 09:00:00,296.16983
2012-06-29 10:00:00,395.76837
2012-06-29 11:00:00,407.02863
2012-06-29 12:00:00,410.91275
2012-06-29 13:00:00,378.8217
2012-06-29 14:00:00,399.2606
2012-06-29 15:00:00,337.27737
2012-06-29 16:00:00,337.27737
2012-06-29 17:00:00,397.9118
2012-06-29 18:00:00,333.51624
2012-06-29 19:00:00,363.45847
2012-06-29 20:00:00,394.05588
2012-06-29 21:00:00,356.8667
2012-06-29 22:00:00,356.41678
2012-06-29 23:00:00,356.41678
2012-06-30 00:00:00,115.099846
2012-06-30 01:00:00,118.14079
2012-06-30 02:00:00,106.39119
2012-06-30 03:00:00,106.39119
2012-06-30 04:00:00,94.92512
2012-06-30 05:00:00,106.69452
2012-06-30 06:00:00,106.69452
2012-06-30 07:00:00,106.69452
2012-06-30 08:00:00,106.69452
2012-06-30 09:00:00,106.69452
2012-06-30 10:00:00,470.72644
2012-06-30 11:00:00,470.72644
2012-06-30 12:00:00,470.72644
2012-06-30 13:00:00,470.72644
2012-06-30 14:00:00,470.72644
2012-06-30 15:00:00,470.72644
2012-06-30 16:00:00,450.53214
2012-06-30 17:00:00,432.9112
2012-06-30 18:00:00,393.82333
2012-06-30 19:00:00,443.82925
2012-06-30 20:00:00,402.66934
2012-06-30 21:00:00,402.66934
2012-06-30 22:00:00,337.59998
2012-06-30 23:00:00,334.65955
2012-07-20 00:00:00,141.69925
2012-07-20 01:00:00,134.52058
2012-07-20 02:00:00,137.49658
2012-07-20 03:00:00,137.90546
2012-07-20 04:00:00,140.54991
2012-07-20 05:00:00,138.72325
2012-07-20 06:00:00,140.54991
2012-07-20 07:00:00,142.76952
2012-07-20 08:00:00,168.49043
2012-07-20 09:00:00,187.04138
2012-07-20 10:00:00,189.26845
2012-07-20 11:00:00,221.79482
2012-07-20 12:00:00,172.61217
2012-07-20 13:00:00,168.1655
2012-07-20 14:00:00,179.69089
2012-07-20 15:00:00,185.57234
2012-07-20 16:00:00,180.72067
2012-07-20 17:00:00,159.4464
2012-07-20 18:00:00,184.60138
2012-07-20 19:00:00,157.74666
2012-07-20 20:00:00,169.65195
2012-07-20 21:00:00,158.74138
2012-07-20 22:00:00,144.60904
2012-07-20 23:00:00,151.28278
2012-07-21 00:00:00,132.56268
2012-07-21 01:00:00,126.2139
2012-07-21 02:00:00,109.04484
2012-07-21 03:00:00,107.85562
2012-07-21 04:00:00,103.74184
2012-07-21 05:00:00,102.92132
2012-07-21 06:00:00,102.92132
2012-07-21 07:00:00,98.718666
2012-07-21 08:00:00,109.93143
2012-07-21 09:00:00,105.48474
2012-07-21 10:00:00,102.92132
2012-07-21 11:00:00,118.06711
2012-07-21 12:00:00,119.969246
2012-07-21 13:00:00,115.52257
2012-07-21 14:00:00,103.65296
2012-07-21 15:00:00,107.85562
2012-07-21 16:00:00,106.217316
2012-07-21 17:00:00,105.39954
2012-07-21 18:00:00,102.01468
2012-07-21 19:00:00,101.196915
2012-07-21 20:00:00,105.39954
2012-07-21 21:00:00,101.1969
2012-07-21 22:00:00,99.5586
2012-07-21 23:00:00,96.6909
2012-07-22 00:00:00,99.5586
2012-07-22 01:00:00,101.1969
2012-07-22 02:00:00,99.5586
2012-07-22 03:00:00,99.5586
2012-07-22 04:00:00,92.48825
2012-07-22 05:00:00,92.48825
2012-07-22 06:00:00,113.99113
2012-07-22 07:00:00,108.15696
2012-07-22 08:00:00,129.15236
2012-07-22 09:00:00,196.21834
2012-07-22 10:00:00,156.38997
2012-07-22 11:00:00,156.38997
2012-07-22 12:00:00,211.18213
2012-07-22 13:00:00,249.04007
2012-07-22 14:00:00,259.4112
2012-07-22 15:00:00,259.4112
2012-07-22 16:00:00,274.78604
2012-07-22 17:00:00,279.49234
2012-07-22 18:00:00,277.1392
2012-07-22 19:00:00,236.27806
2012-07-22 20:00:00,195.44518
2012-07-22 21:00:00,161.23418
2012-07-22 22:00:00,196.61977
2012-07-22 23:00:00,152.48633
2012-07-23 00:00:00,133.29391
2012-07-23 01:00:00,138.64778
2012-07-23 02:00:00,131.91318
2012-07-23 03:00:00,131.91318
2012-07-23 04:00:00,133.13986
2012-07-23 05:00:00,133.13986
2012-07-23 06:00:00,146.49484
2012-07-23 07:00:00,169.2204
2012-07-23 08:00:00,190.51863
2012-07-23 09:00:00,218.69492
2012-07-23 10:00:00,262.56564
2012-07-23 11:00:00,328.79706
2012-07-23 12:00:00,328.79706
2012-07-23 13:00:00,312.27005
2012-07-23 14:00:00,315.1638
2012-07-23 15:00:00,318.11667
2012-07-23 16:00:00,310.6259
2012-07-23 17:00:00,310.6259
2012-07-23 18:00:00,311.46158
2012-07-23 19:00:00,341.07584
2012-07-23 20:00:00,290.7777
2012-07-23 21:00:00,301.1174
2012-07-23 22:00:00,289.43787
2012-07-23 23:00:00,251.68355
2012-07-24 00:00:00,196.61894
2012-07-24 01:00:00,175.32814
2012-07-24 02:00:00,154.55014
2012-07-24 03:00:00,154.55014
2012-07-24 04:00:00,148.99367
2012-07-24 05:00:00,150.10349
2012-07-24 06:00:00,152.32309
2012-07-24 07:00:00,198.846
2012-07-24 08:00:00,242.74663
2012-07-24 09:00:00,278.46664
2012-07-24 10:00:00,359.39194
2012-07-24 11:00:00,386.67297
2012-07-24 12:00:00,348.43463
2012-07-24 13:00:00,378.3957
2012-07-24 14:00:00,357.74384
2012-07-24 15:00:00,364.7833
2012-07-24 16:00:00,354.3749
2012-07-24 17:00:00,366.99442
2012-07-24 18:00:00,314.36337
2012-07-24 19:00:00,290.7777
2012-07-24 20:00:00,267.05832
2012-07-24 21:00:00,269.41147
2012-07-24 22:00:00,270.5861
2012-07-24 23:00:00,320.22168
2012-07-25 00:00:00,303.6965
2012-07-25 01:00:00,286.45236
2012-07-25 02:00:00,250.9199
2012-07-25 03:00:00,210.05884
2012-07-25 04:00:00,201.8503
2012-07-25 05:00:00,201.11644
2012-07-25 06:00:00,201.24602
2012-07-25 07:00:00,322.33777
2012-07-25 08:00:00,338.74948
2012-07-25 09:00:00,365.2222
2012-07-25 10:00:00,279.5559
2012-07-25 11:00:00,291.28018
2012-07-25 12:00:00,291.28018
2012-07-25 13:00:00,343.66492
2012-07-25 14:00:00,342.35056
2012-07-25 15:00:00,323.01306
2012-07-25 16:00:00,350.62793
2012-07-25 17:00:00,300.41043
2012-07-25 18:00:00,347.11185
2012-07-25 19:00:00,328.45908
2012-07-25 20:00:00,317.87015
2012-07-25 21:00:00,300.72086
2012-07-25 22:00:00,272.80368
2012-07-25 23:00:00,279.38315
2012-07-26 00:00:00,208.88028
2012-07-26 01:00:00,210.05884
2012-07-26 02:00:00,201.2462
2012-07-26 03:00:00,199.02658
2012-07-26 04:00:00,183.10027
2012-07-26 05:00:00,183.10027
2012-07-26 06:00:00,174.91571
2012-07-26 07:00:00,205.51227
2012-07-26 08:00:00,209.63399
2012-07-26 09:00:00,221.90387
2012-07-26 10:00:00,243.92519
2012-07-26 11:00:00,320.18097
2012-07-26 12:00:00,349.65134
2012-07-26 13:00:00,373.24423
2012-07-26 14:00:00,379.98547
2012-07-26 15:00:00,406.4581
2012-07-26 16:00:00,438.77505
2012-07-26 17:00:00,432.34372
2012-07-26 18:00:00,422.54785
2012-07-26 19:00:00,401.29
2012-07-26 20:00:00,359.94592
2012-07-26 21:00:00,439.0897
2012-07-26 22:00:00,439.0897
2012-07-26 23:00:00,225.0187
2012-07-27 00:00:00,216.13411
2012-07-27 01:00:00,223.84412
2012-07-27 02:00:00,182.91965
2012-07-27 03:00:00,198.84598
2012-07-27 04:00:00,172.9165
2012-07-27 05:00:00,159.21724
2012-07-27 06:00:00,172.9165
2012-07-27 07:00:00,227.37184
2012-07-27 08:00:00,261.86218
2012-07-27 09:00:00,359.6135
2012-07-27 10:00:00,282.31906
2012-07-27 11:00:00,382.30615
2012-07-27 12:00:00,391.1872
2012-07-27 13:00:00,366.76193
2012-07-27 14:00:00,377.73532
2012-07-27 15:00:00,360.7878
2012-07-27 16:00:00,346.0479
2012-07-27 17:00:00,377.3148
2012-07-27 18:00:00,327.98862
2012-07-27 19:00:00,327.1529
2012-07-27 20:00:00,281.34268
2012-07-27 21:00:00,281.34268
2012-07-27 22:00:00,289.59238
2012-07-27 23:00:00,233.58177
2012-07-28 00:00:00,297.16556
2012-07-28 01:00:00,233.3376
2012-07-28 02:00:00,229.80591
2012-07-28 03:00:00,229.80591
2012-07-28 04:00:00,164.76192
2012-07-28 05:00:00,152.48633
2012-07-28 06:00:00,214.29698
2012-07-28 07:00:00,235.09952
2012-07-28 08:00:00,277.1392
2012-07-28 09:00:00,356.0477
2012-07-28 10:00:00,421.73557
2012-07-28 11:00:00,437.30783
2012-07-28 12:00:00,437.15375
2012-07-28 13:00:00,462.36682
2012-07-28 14:00:00,453.45102
2012-07-28 15:00:00,474.90668
2012-07-28 16:00:00,444.08215
2012-07-28 17:00:00,420.0044
2012-07-28 18:00:00,449.3003
2012-07-28 19:00:00,129.29669
2012-07-28 20:00:00,136.15501
2012-07-28 21:00:00,139.85114
2012-07-28 22:00:00,139.85114
2012-07-28 23:00:00,126.151855
2012-07-29 00:00:00,111.35928
2012-07-29 01:00:00,127.26167
2012-07-29 02:00:00,159.26389
2012-07-29 03:00:00,194.65343
2012-07-29 04:00:00,178.12822
2012-07-29 05:00:00,133.01656
2012-07-29 06:00:00,152.64297
2012-07-29 07:00:00,195.82803
2012-07-29 08:00:00,250.86115
2012-07-29 09:00:00,290.77838
2012-07-29 10:00:00,292.91162
2012-07-29 11:00:00,360.67307
2012-07-29 12:00:00,364.79202
2012-07-29 13:00:00,418.93805
2012-07-29 14:00:00,412.6042
2012-07-29 15:00:00,403.21912
2012-07-29 16:00:00,403.21912
2012-07-29 17:00:00,418.42502
2012-07-29 18:00:00,450.23965
2012-07-29 19:00:00,358.3199
2012-07-29 20:00:00,274.78604
2012-07-29 21:00:00,235.09952
2012-07-29 22:00:00,214.29698
2012-07-29 23:00:00,210.178
2012-07-30 00:00:00,193.28952
2012-07-30 01:00:00,186.61578
2012-07-30 02:00:00,176.79718
2012-07-30 03:00:00,142.31993
2012-07-30 04:00:00,142.31993
2012-07-30 05:00:00,150.10349
2012-07-30 06:00:00,154.55014
2012-07-30 07:00:00,179.59026
2012-07-30 08:00:00,208.3396
2012-07-30 09:00:00,233.95303
2012-07-30 10:00:00,266.29663
2012-07-30 11:00:00,311.2105
2012-07-30 12:00:00,293.61722
2012-07-30 13:00:00,318.64493
2012-07-30 14:00:00,335.17197
2012-07-30 15:00:00,343.43546
2012-07-30 16:00:00,353.80984
2012-07-30 17:00:00,353.14212
2012-07-30 18:00:00,343.3774
2012-07-30 19:00:00,318.90323
2012-07-30 20:00:00,228.5504
2012-07-30 21:00:00,227.37184
2012-07-30 22:00:00,207.4144
2012-07-30 23:00:00,201.06561
2012-07-31 00:00:00,173.10109
2012-07-31 01:00:00,152.32309
2012-07-31 02:00:00,152.3231
2012-07-31 03:00:00,148.99368
2012-07-31 04:00:00,148.99367
2012-07-31 05:00:00,154.55014
2012-07-31 06:00:00,129.93419
2012-07-31 07:00:00,168.81541
2012-07-31 08:00:00,182.91966
2012-07-31 09:00:00,223.84412
2012-07-31 10:00:00,223.97987
2012-07-31 11:00:00,247.39398
2012-07-31 12:00:00,275.13223
2012-07-31 13:00:00,349.20505
2012-07-31 14:00:00,349.20505
2012-07-31 15:00:00,280.40335
2012-07-31 16:00:00,314.63794
2012-07-31 17:00:00,324.9326
2012-07-31 18:00:00,337.59793
2012-07-31 19:00:00,289.6804
2012-07-31 20:00:00,220.91417
2012-07-31 21:00:00,177.54778
2012-07-31 22:00:00,195.6937
2012-07-31 23:00:00,158.67188
2012-08-20 00:00:00,129.79597
2012-08-20 01:00:00,130.12093
2012-08-20 02:00:00,130.12093
2012-08-20 03:00:00,118.59561
2012-08-20 04:00:00,128.68617
2012-08-20 05:00:00,125.98659
2012-08-20 06:00:00,149.09833
2012-08-20 07:00:00,155.53343
2012-08-20 08:00:00,175.25237
2012-08-20 09:00:00,196.79231
2012-08-20 10:00:00,197.18199
2012-08-20 11:00:00,209.73053
2012-08-20 12:00:00,248.08247
2012-08-20 13:00:00,272.80368
2012-08-20 14:00:00,292.80527
2012-08-20 15:00:00,317.58194
2012-08-20 16:00:00,317.58194
2012-08-20 17:00:00,287.7344
2012-08-20 18:00:00,164.42677
2012-08-20 19:00:00,159.9801
2012-08-20 20:00:00,151.28278
2012-08-20 21:00:00,121.78392
2012-08-20 22:00:00,125.98659
2012-08-20 23:00:00,125.98659
2012-08-21 00:00:00,128.68617
2012-08-21 01:00:00,132.0156
2012-08-21 02:00:00,122.778854
2012-08-21 03:00:00,105.383545
2012-08-21 04:00:00,105.383545
2012-08-21 05:00:00,113.425766
2012-08-21 06:00:00,113.834656
2012-08-21 07:00:00,141.0564
2012-08-21 08:00:00,143.27602
2012-08-21 09:00:00,183.06651
2012-08-21 10:00:00,241.59323
2012-08-21 11:00:00,245.14742
2012-08-21 12:00:00,263.542
2012-08-21 13:00:00,272.41397
2012-08-21 14:00:00,306.56192
2012-08-21 15:00:00,281.75757
2012-08-21 16:00:00,281.75757
2012-08-21 17:00:00,334.9405
2012-08-21 18:00:00,309.3323
2012-08-21 19:00:00,188.97815
2012-08-21 20:00:00,165.7307
2012-08-21 21:00:00,165.7307
2012-08-21 22:00:00,147.87242
2012-08-21 23:00:00,127.19397
2012-08-22 00:00:00,133.82103
2012-08-22 01:00:00,141.40854
2012-08-22 02:00:00,141.40854
2012-08-22 03:00:00,141.40854
2012-08-22 04:00:00,119.24471
2012-08-22 05:00:00,134.78845
2012-08-22 06:00:00,161.07208
2012-08-22 07:00:00,141.40854
2012-08-22 08:00:00,169.92831
2012-08-22 09:00:00,216.79305
2012-08-22 10:00:00,253.28725
2012-08-22 11:00:00,262.6309
2012-08-22 12:00:00,251.4598
2012-08-22 13:00:00,289.6982
2012-08-22 14:00:00,296.84012
2012-08-22 15:00:00,297.94788
2012-08-22 16:00:00,343.707
2012-08-22 17:00:00,343.707
2012-08-22 18:00:00,250.90395
2012-08-22 19:00:00,179.73637
2012-08-22 20:00:00,177.70442
2012-08-22 21:00:00,165.7307
2012-08-22 22:00:00,165.7307
2012-08-22 23:00:00,132.50139
2012-08-23 00:00:00,147.87242
2012-08-23 01:00:00,127.19397
2012-08-23 02:00:00,127.19397
2012-08-23 03:00:00,132.71121
2012-08-23 04:00:00,127.19397
2012-08-23 05:00:00,127.19397
2012-08-23 06:00:00,122.38939
2012-08-23 07:00:00,136.83295
2012-08-23 08:00:00,180.12605
2012-08-23 09:00:00,206.34468
2012-08-23 10:00:00,264.79813
2012-08-23 11:00:00,285.57336
2012-08-23 12:00:00,281.5442
2012-08-23 13:00:00,315.95047
2012-08-23 14:00:00,329.71515
2012-08-23 15:00:00,304.9108
2012-08-23 16:00:00,306.22522
2012-08-23 17:00:00,329.8942
2012-08-23 18:00:00,320.58496
2012-08-23 19:00:00,279.29538
2012-08-23 20:00:00,257.41205
2012-08-23 21:00:00,264.38922
2012-08-23 22:00:00,259.96915
2012-08-23 23:00:00,201.40619
2012-08-24 00:00:00,201.40619
2012-08-24 01:00:00,179.45648
2012-08-24 02:00:00,187.68037
2012-08-24 03:00:00,165.7307
2012-08-24 04:00:00,179.45648
2012-08-24 05:00:00,147.87242
2012-08-24 06:00:00,131.39664
2012-08-24 07:00:00,151.99416
2012-08-24 08:00:00,179.73637
2012-08-24 09:00:00,255.12056
2012-08-24 10:00:00,278.06308
2012-08-24 11:00:00,306.99222
2012-08-24 12:00:00,310.0093
2012-08-24 13:00:00,328.0257
2012-08-24 14:00:00,303.80307
2012-08-24 15:00:00,315.24188
2012-08-24 16:00:00,315.24188
2012-08-24 17:00:00,330.73703
2012-08-24 18:00:00,282.3035
2012-08-24 19:00:00,300.57675
2012-08-24 20:00:00,237.66548
2012-08-24 21:00:00,269.96002
2012-08-24 22:00:00,245.77696
2012-08-24 23:00:00,206.45442
2012-08-25 00:00:00,283.65512
2012-08-25 01:00:00,208.10495
2012-08-25 02:00:00,156.60408
2012-08-25 03:00:00,189.35982
2012-08-25 04:00:00,193.00826
2012-08-25 05:00:00,156.76472
2012-08-25 06:00:00,141.38258
2012-08-25 07:00:00,143.60219
2012-08-25 08:00:00,168.82684
2012-08-25 09:00:00,209.2665
2012-08-25 10:00:00,250.68672
2012-08-25 11:00:00,288.8421
2012-08-25 12:00:00,345.86887
2012-08-25 13:00:00,364.1951
2012-08-25 14:00:00,226.77698
2012-08-25 15:00:00,168.99493
2012-08-25 16:00:00,172.16371
2012-08-25 17:00:00,174.39076
2012-08-25 18:00:00,200.95114
2012-08-25 19:00:00,151.38573
2012-08-25 20:00:00,130.33563
2012-08-25 21:00:00,129.87572
2012-08-25 22:00:00,129.87572
2012-08-25 23:00:00,126.2139
2012-08-26 00:00:00,112.11696
2012-08-26 01:00:00,107.67027
2012-08-26 02:00:00,114.01907
2012-08-26 03:00:00,116.23868
2012-08-26 04:00:00,111.79201
2012-08-26 05:00:00,107.67027
2012-08-26 06:00:00,110.04689
2012-08-26 07:00:00,107.67027
2012-08-26 08:00:00,161.37967
2012-08-26 09:00:00,159.1526
2012-08-26 10:00:00,285.96448
2012-08-26 11:00:00,284.78592
2012-08-26 12:00:00,216.49022
2012-08-26 13:00:00,172.54756
2012-08-26 14:00:00,105.05623
2012-08-26 15:00:00,122.58746
2012-08-26 16:00:00,122.58746
2012-08-26 17:00:00,109.89732
2012-08-26 18:00:00,108.850006
2012-08-26 19:00:00,110.89717
2012-08-26 20:00:00,106.69452
2012-08-26 21:00:00,119.66272
2012-08-26 22:00:00,100.35397
2012-08-26 23:00:00,109.8694
2012-08-27 00:00:00,127.19397
2012-08-27 01:00:00,123.593636
2012-08-27 02:00:00,124.82031
2012-08-27 03:00:00,123.59366
2012-08-27 04:00:00,127.19397
2012-08-27 05:00:00,121.13483
2012-08-27 06:00:00,121.13483
2012-08-27 07:00:00,142.31993
2012-08-27 08:00:00,148.99367
2012-08-27 09:00:00,150.10349
2012-08-27 10:00:00,206.4375
2012-08-27 11:00:00,268.2329
2012-08-27 12:00:00,237.87141
2012-08-27 13:00:00,295.2308
2012-08-27 14:00:00,297.9931
2012-08-27 15:00:00,354.3749
2012-08-27 16:00:00,338.83066
2012-08-27 17:00:00,337.11542
2012-08-27 18:00:00,335.27225
2012-08-27 19:00:00,243.92519
2012-08-27 20:00:00,242.74663
2012-08-27 21:00:00,210.88417
2012-08-27 22:00:00,173.66707
2012-08-27 23:00:00,171.44746
2012-08-28 00:00:00,178.11374
2012-08-28 01:00:00,150.14922
2012-08-28 02:00:00,171.03502
2012-08-28 03:00:00,134.52058
2012-08-28 04:00:00,152.32309
2012-08-28 05:00:00,153.1154
2012-08-28 06:00:00,137.90546
2012-08-28 07:00:00,154.2252
2012-08-28 08:00:00,150.41731
2012-08-28 09:00:00,189.26843
2012-08-28 10:00:00,291.79105
2012-08-28 11:00:00,333.0271
2012-08-28 12:00:00,353.80984
2012-08-28 13:00:00,369.27432
2012-08-28 14:00:00,389.15677
2012-08-28 15:00:00,383.30377
2012-08-28 16:00:00,388.72873
2012-08-28 17:00:00,400.7378
2012-08-28 18:00:00,352.24866
2012-08-28 19:00:00,311.19986
2012-08-28 20:00:00,290.56216
2012-08-28 21:00:00,286.43735
2012-08-28 22:00:00,245.14742
2012-08-28 23:00:00,235.8382
2012-08-29 00:00:00,187.68037
2012-08-29 01:00:00,184.21716
2012-08-29 02:00:00,165.11098
2012-08-29 03:00:00,162.89136
2012-08-29 04:00:00,165.32082
2012-08-29 05:00:00,164.05852
2012-08-29 06:00:00,164.05852
2012-08-29 07:00:00,200.79202
2012-08-29 08:00:00,239.75934
2012-08-29 09:00:00,305.99518
2012-08-29 10:00:00,307.08917
2012-08-29 11:00:00,263.542
2012-08-29 12:00:00,279.81424
2012-08-29 13:00:00,272.88565
2012-08-29 14:00:00,304.61856
2012-08-29 15:00:00,333.52005
2012-08-29 16:00:00,318.93643
2012-08-29 17:00:00,350.6693
2012-08-29 18:00:00,318.34177
2012-08-29 19:00:00,298.8533
2012-08-29 20:00:00,235.8382
2012-08-29 21:00:00,269.7076
2012-08-29 22:00:00,240.77846
2012-08-29 23:00:00,233.63652
2012-08-30 00:00:00,183.06651
2012-08-30 01:00:00,201.11583
2012-08-30 02:00:00,161.07208
2012-08-30 03:00:00,161.07208
2012-08-30 04:00:00,161.07208
2012-08-30 05:00:00,161.07208
2012-08-30 06:00:00,130.12093
2012-08-30 07:00:00,165.7307
2012-08-30 08:00:00,212.9406
2012-08-30 09:00:00,235.62483
2012-08-30 10:00:00,247.34908
2012-08-30 11:00:00,304.61856
2012-08-30 12:00:00,305.0898
2012-08-30 13:00:00,289.6982
2012-08-30 14:00:00,297.94788
2012-08-30 15:00:00,320.5884
2012-08-30 16:00:00,327.73032
2012-08-30 17:00:00,362.65195
2012-08-30 18:00:00,326.12326
2012-08-30 19:00:00,297.94788
2012-08-30 20:00:00,288.12033
2012-08-30 21:00:00,250.50499
2012-08-30 22:00:00,200.09712
2012-08-30 23:00:00,194.39932
2012-08-31 00:00:00,164.36871
2012-08-31 01:00:00,164.36871
2012-08-31 02:00:00,134.52058
2012-08-31 03:00:00,133.7028
2012-08-31 04:00:00,129.11366
2012-08-31 05:00:00,129.93419
2012-08-31 06:00:00,134.13684
2012-08-31 07:00:00,132.08968
2012-08-31 08:00:00,195.81017
2012-08-31 09:00:00,221.82402
2012-08-31 10:00:00,264.89386
2012-08-31 11:00:00,396.72354
2012-08-31 12:00:00,389.08264
2012-08-31 13:00:00,409.58325
2012-08-31 14:00:00,387.58264
2012-08-31 15:00:00,408.70612
2012-08-31 16:00:00,396.30396
2012-08-31 17:00:00,357.42233
2012-08-31 18:00:00,370.50922
2012-08-31 19:00:00,310.36758
2012-08-31 20:00:00,310.36758
2012-08-31 21:00:00,304.26355
2012-08-31 22:00:00,304.26355
2012-08-31 23:00:00,264.2601
2012-09-20 00:00:00,169.79298
2012-09-20 01:00:00,122.22508
2012-09-20 02:00:00,122.861206
2012-09-20 03:00:00,111.24746
2012-09-20 04:00:00,106.78608
2012-09-20 05:00:00,106.78608
2012-09-20 06:00:00,111.24746
2012-09-20 07:00:00,95.11723
2012-09-20 08:00:00,148.51285
2012-09-20 09:00:00,197.11555
2012-09-20 10:00:00,249.01556
2012-09-20 11:00:00,273.0281
2012-09-20 12:00:00,310.20694
2012-09-20 13:00:00,304.79504
2012-09-20 14:00:00,314.18015
2012-09-20 15:00:00,311.14883
2012-09-20 16:00:00,305.93045
2012-09-20 17:00:00,315.31552
2012-09-20 18:00:00,269.37793
2012-09-20 19:00:00,202.35822
2012-09-20 20:00:00,179.9741
2012-09-20 21:00:00,180.23376
2012-09-20 22:00:00,136.22507
2012-09-20 23:00:00,157.89485
2012-09-21 00:00:00,157.44038
2012-09-21 01:00:00,135.44597
2012-09-21 02:00:00,135.44597
2012-09-21 03:00:00,113.11422
2012-09-21 04:00:00,116.939476
2012-09-21 05:00:00,103.38556
2012-09-21 06:00:00,113.11422
2012-09-21 07:00:00,118.86136
2012-09-21 08:00:00,136.35466
2012-09-21 09:00:00,167.29689
2012-09-21 10:00:00,223.61385
2012-09-21 11:00:00,269.78815
2012-09-21 12:00:00,281.2944
2012-09-21 13:00:00,290.60358
2012-09-21 14:00:00,315.10498
2012-09-21 15:00:00,307.13058
2012-09-21 16:00:00,298.85324
2012-09-21 17:00:00,279.84085
2012-09-21 18:00:00,237.01004
2012-09-21 19:00:00,204.0699
2012-09-21 20:00:00,186.05293
2012-09-21 21:00:00,167.54042
2012-09-21 22:00:00,164.05852
2012-09-21 23:00:00,173.10435
2012-09-22 00:00:00,146.92566
2012-09-22 01:00:00,109.14657
2012-09-22 02:00:00,89.10595
2012-09-22 03:00:00,99.88997
2012-09-22 04:00:00,99.88997
2012-09-22 05:00:00,103.22683
2012-09-22 06:00:00,100.99978
2012-09-22 07:00:00,119.50897
2012-09-22 08:00:00,148.03546
2012-09-22 09:00:00,180.48138
2012-09-22 10:00:00,224.25868
2012-09-22 11:00:00,297.81525
2012-09-22 12:00:00,339.2636
2012-09-22 13:00:00,371.82498
2012-09-22 14:00:00,403.34583
2012-09-22 15:00:00,392.11823
2012-09-22 16:00:00,370.65036
2012-09-22 17:00:00,370.65036
2012-09-22 18:00:00,338.67633
2012-09-22 19:00:00,295.10352
2012-09-22 20:00:00,325.13232
2012-09-22 21:00:00,275.03705
2012-09-22 22:00:00,274.38412
2012-09-22 23:00:00,330.14383
2012-09-23 00:00:00,470.42807
2012-09-23 01:00:00,280.20004
2012-09-23 02:00:00,303.3862
2012-09-23 03:00:00,222.5389
2012-09-23 04:00:00,216.7466
2012-09-23 05:00:00,199.54036
2012-09-23 06:00:00,181.92462
2012-09-23 07:00:00,199.41077
2012-09-23 08:00:00,221.98926
2012-09-23 09:00:00,265.3079
2012-09-23 10:00:00,339.16986
2012-09-23 11:00:00,343.029
2012-09-23 12:00:00,371.50916
2012-09-23 13:00:00,462.4057
2012-09-23 14:00:00,469.77512
2012-09-23 15:00:00,490.8359
2012-09-23 16:00:00,505.47488
2012-09-23 17:00:00,429.27515
2012-09-23 18:00:00,404.7291
2012-09-23 19:00:00,353.92953
2012-09-23 20:00:00,353.92953
2012-09-23 21:00:00,314.45865
2012-09-23 22:00:00,311.1795
2012-09-23 23:00:00,221.88974
2012-09-24 00:00:00,206.21642
2012-09-24 01:00:00,188.62094
2012-09-24 02:00:00,219.68259
2012-09-24 03:00:00,206.08678
2012-09-24 04:00:00,183.87747
2012-09-24 05:00:00,205.3727
2012-09-24 06:00:00,222.70856
2012-09-24 07:00:00,188.62094
2012-09-24 08:00:00,250.1605
2012-09-24 09:00:00,267.82098
2012-09-24 10:00:00,299.5714
2012-09-24 11:00:00,364.038
2012-09-24 12:00:00,397.72845
2012-09-24 13:00:00,432.4829
2012-09-24 14:00:00,351.79135
2012-09-24 15:00:00,349.8479
2012-09-24 16:00:00,399.43118
2012-09-24 17:00:00,329.19836
2012-09-24 18:00:00,353.621
2012-09-24 19:00:00,338.38074
2012-09-24 20:00:00,267.45557
2012-09-24 21:00:00,267.23672
2012-09-24 22:00:00,267.6264
2012-09-24 23:00:00,205.95674
2012-09-25 00:00:00,188.75096
2012-09-25 01:00:00,162.33728
2012-09-25 02:00:00,139.66983
2012-09-25 03:00:00,161.81825
2012-09-25 04:00:00,162.01266
2012-09-25 05:00:00,141.57817
2012-09-25 06:00:00,141.05716
2012-09-25 07:00:00,140.92712
2012-09-25 08:00:00,193.53917
2012-09-25 09:00:00,255.40337
2012-09-25 10:00:00,285.20758
2012-09-25 11:00:00,394.1885
2012-09-25 12:00:00,396.75906
2012-09-25 13:00:00,375.9279
2012-09-25 14:00:00,412.6213
2012-09-25 15:00:00,419.7632
2012-09-25 16:00:00,404.34396
2012-09-25 17:00:00,400.21915
2012-09-25 18:00:00,381.96213
2012-09-25 19:00:00,366.1888
2012-09-25 20:00:00,314.5318
2012-09-25 21:00:00,314.5318
2012-09-25 22:00:00,314.98947
2012-09-25 23:00:00,313.6133
2012-09-26 00:00:00,230.19899
2012-09-26 01:00:00,230.329
2012-09-26 02:00:00,243.86
2012-09-26 03:00:00,243.86
2012-09-26 04:00:00,186.33994
2012-09-26 05:00:00,186.21034
2012-09-26 06:00:00,181.46645
2012-09-26 07:00:00,163.87099
2012-09-26 08:00:00,186.53476
2012-09-26 09:00:00,254.71767
2012-09-26 10:00:00,209.30037
2012-09-26 11:00:00,281.05328
2012-09-26 12:00:00,296.34213
2012-09-26 13:00:00,332.06396
2012-09-26 14:00:00,382.3327
2012-09-26 15:00:00,386.45752
2012-09-26 16:00:00,389.4746
2012-09-26 17:00:00,386.45752
2012-09-26 18:00:00,365.80576
2012-09-26 19:00:00,335.82437
2012-09-26 20:00:00,233.37624
2012-09-26 21:00:00,253.51128
2012-09-26 22:00:00,258.35675
2012-09-26 23:00:00,194.46977
2012-09-27 00:00:00,180.03029
2012-09-27 01:00:00,180.03029
2012-09-27 02:00:00,180.0303
2012-09-27 03:00:00,179.64066
2012-09-27 04:00:00,106.92917
2012-09-27 05:00:00,146.55563
2012-09-27 06:00:00,125.10223
2012-09-27 07:00:00,179.64061
2012-09-27 08:00:00,221.78319
2012-09-27 09:00:00,259.47067
2012-09-27 10:00:00,392.47906
2012-09-27 11:00:00,362.46207
2012-09-27 12:00:00,358.2954
2012-09-27 13:00:00,321.11655
2012-09-27 14:00:00,355.23013
2012-09-27 15:00:00,330.42578
2012-09-27 16:00:00,347.2297
2012-09-27 17:00:00,247.5565
2012-09-27 18:00:00,247.2321
2012-09-27 19:00:00,255.34517
2012-09-27 20:00:00,242.61824
2012-09-27 21:00:00,184.57787
2012-09-27 22:00:00,184.57787
2012-09-27 23:00:00,183.9938
2012-09-28 00:00:00,150.9088
2012-09-28 01:00:00,154.79051
2012-09-28 02:00:00,151.49286
2012-09-28 03:00:00,165.47937
2012-09-28 04:00:00,152.0796
2012-09-28 05:00:00,128.9275
2012-09-28 06:00:00,122.64427
2012-09-28 07:00:00,126.46953
2012-09-28 08:00:00,151.55916
2012-09-28 09:00:00,170.00838
2012-09-28 10:00:00,196.4216
2012-09-28 11:00:00,246.25836
2012-09-28 12:00:00,369.5005
2012-09-28 13:00:00,385.037
2012-09-28 14:00:00,369.5005
2012-09-28 15:00:00,356.75717
2012-09-28 16:00:00,374.7991
2012-09-28 17:00:00,344.41287
2012-09-28 18:00:00,376.08035
2012-09-28 19:00:00,379.16733
2012-09-28 20:00:00,355.53284
2012-09-28 21:00:00,354.6174
2012-09-28 22:00:00,297.9094
2012-09-28 23:00:00,273.48343
2012-09-29 00:00:00,220.60014
2012-09-29 01:00:00,220.60014
2012-09-29 02:00:00,258.95212
2012-09-29 03:00:00,226.9376
2012-09-29 04:00:00,215.76381
2012-09-29 05:00:00,191.21735
2012-09-29 06:00:00,191.47697
2012-09-29 07:00:00,169.65733
2012-09-29 08:00:00,169.93721
2012-09-29 09:00:00,191.21735
2012-09-29 10:00:00,251.54742
2012-09-29 11:00:00,294.31644
2012-09-29 12:00:00,445.15488
2012-09-29 13:00:00,445.15488
2012-09-29 14:00:00,452.0099
2012-09-29 15:00:00,428.11285
2012-09-29 16:00:00,446.53104
2012-09-29 17:00:00,464.73114
2012-09-29 18:00:00,344.86285
2012-09-29 19:00:00,250.3758
2012-09-29 20:00:00,249.4604
2012-09-29 21:00:00,251.29428
2012-09-29 22:00:00,190.82811
2012-09-29 23:00:00,208.91805
2012-09-30 00:00:00,211.67046
2012-09-30 01:00:00,211.67046
2012-09-30 02:00:00,185.75981
2012-09-30 03:00:00,164.15504
2012-09-30 04:00:00,164.15504
2012-09-30 05:00:00,137.48174
2012-09-30 06:00:00,137.8714
2012-09-30 07:00:00,122.65595
2012-09-30 08:00:00,168.87845
2012-09-30 09:00:00,195.48672
2012-09-30 10:00:00,357.6649
2012-09-30 11:00:00,429.0283
2012-09-30 12:00:00,445.15488
2012-09-30 13:00:00,446.53104
2012-09-30 14:00:00,446.53104
2012-09-30 15:00:00,485.88116
2012-09-30 16:00:00,477.63144
2012-09-30 17:00:00,493.4066
2012-09-30 18:00:00,214.31554
2012-09-30 19:00:00,179.40372
2012-09-30 20:00:00,179.40372
2012-09-30 21:00:00,168.70387
2012-09-30 22:00:00,146.7542
2012-09-30 23:00:00,147.14384
2012-10-20 00:00:00,105.25346
2012-10-20 01:00:00,142.67966
2012-10-20 02:00:00,118.19455
2012-10-20 03:00:00,115.00045
2012-10-20 04:00:00,137.48174
2012-10-20 05:00:00,105.29509
2012-10-20 06:00:00,137.15709
2012-10-20 07:00:00,105.29509
2012-10-20 08:00:00,164.34944
2012-10-20 09:00:00,208.29355
2012-10-20 10:00:00,275.1913
2012-10-20 11:00:00,284.32556
2012-10-20 12:00:00,347.61215
2012-10-20 13:00:00,369.67526
2012-10-20 14:00:00,386.9564
2012-10-20 15:00:00,374.71924
2012-10-20 16:00:00,362.14838
2012-10-20 17:00:00,403.81064
2012-10-20 18:00:00,375.9927
2012-10-20 19:00:00,319.06436
2012-10-20 20:00:00,364.10605
2012-10-20 21:00:00,276.66928
2012-10-20 22:00:00,236.64955
2012-10-20 23:00:00,193.49855
2012-10-21 00:00:00,216.20708
2012-10-21 01:00:00,194.47227
2012-10-21 02:00:00,172.26295
2012-10-21 03:00:00,149.94408
2012-10-21 04:00:00,113.14499
2012-10-21 05:00:00,149.94408
2012-10-21 06:00:00,171.54886
2012-10-21 07:00:00,171.54886
2012-10-21 08:00:00,154.49294
2012-10-21 09:00:00,216.48697
2012-10-21 10:00:00,290.12338
2012-10-21 11:00:00,332.95425
2012-10-21 12:00:00,384.66916
2012-10-21 13:00:00,414.72
2012-10-21 14:00:00,432.48523
2012-10-21 15:00:00,428.3567
2012-10-21 16:00:00,403.81064
2012-10-21 17:00:00,375.07724
2012-10-21 18:00:00,376.91116
2012-10-21 19:00:00,342.0429
2012-10-21 20:00:00,313.3714
2012-10-21 21:00:00,211.54848
2012-10-21 22:00:00,210.83438
2012-10-21 23:00:00,215.96262
2012-10-22 00:00:00,195.82036
2012-10-22 01:00:00,159.78308
2012-10-22 02:00:00,157.86119
2012-10-22 03:00:00,195.82036
2012-10-22 04:00:00,173.82591
2012-10-22 05:00:00,140.48201
2012-10-22 06:00:00,133.00273
2012-10-22 07:00:00,174.21559
2012-10-22 08:00:00,183.42302
2012-10-22 09:00:00,205.76237
2012-10-22 10:00:00,249.31682
2012-10-22 11:00:00,355.78824
2012-10-22 12:00:00,317.29514
2012-10-22 13:00:00,397.03415
2012-10-22 14:00:00,404.84656
2012-10-22 15:00:00,394.0029
2012-10-22 16:00:00,387.51154
2012-10-22 17:00:00,370.98456
2012-10-22 18:00:00,220.08287
2012-10-22 19:00:00,267.45557
2012-10-22 20:00:00,232.43546
2012-10-22 21:00:00,193.08516
2012-10-22 22:00:00,129.92282
2012-10-22 23:00:00,131.19507
2012-10-23 00:00:00,112.38161
2012-10-23 01:00:00,145.41139
2012-10-23 02:00:00,111.77305
2012-10-23 03:00:00,141.59166
2012-10-23 04:00:00,140.94206
2012-10-23 05:00:00,143.50003
2012-10-23 06:00:00,126.13919
2012-10-23 07:00:00,156.67067
2012-10-23 08:00:00,180.48257
2012-10-23 09:00:00,189.81981
2012-10-23 10:00:00,236.96425
2012-10-23 11:00:00,297.47366
2012-10-23 12:00:00,353.20535
2012-10-23 13:00:00,330.13104
2012-10-23 14:00:00,364.6055
2012-10-23 15:00:00,381.1325
2012-10-23 16:00:00,336.81174
2012-10-23 17:00:00,319.14935
2012-10-23 18:00:00,319.2468
2012-10-23 19:00:00,309.7242
2012-10-23 20:00:00,229.48488
2012-10-23 21:00:00,206.9064
2012-10-23 22:00:00,207.36086
2012-10-23 23:00:00,181.07726
2012-10-24 00:00:00,181.01244
2012-10-24 01:00:00,202.29256
2012-10-24 02:00:00,202.29256
2012-10-24 03:00:00,154.3594
2012-10-24 04:00:00,154.3594
2012-10-24 05:00:00,139.4634
2012-10-24 06:00:00,133.11694
2012-10-24 07:00:00,119.37342
2012-10-24 08:00:00,148.01985
2012-10-24 09:00:00,172.7438
2012-10-24 10:00:00,194.34859
2012-10-24 11:00:00,228.90083
2012-10-24 12:00:00,274.2694
2012-10-24 13:00:00,285.99927
2012-10-24 14:00:00,411.67404
2012-10-24 15:00:00,349.80853
2012-10-24 16:00:00,371.47812
2012-10-24 17:00:00,302.6638
2012-10-24 18:00:00,309.80573
2012-10-24 19:00:00,333.5096
2012-10-24 20:00:00,280.75867
2012-10-24 21:00:00,280.30096
2012-10-24 22:00:00,268.18387
2012-10-24 23:00:00,225.6805
2012-10-25 00:00:00,268.0543
2012-10-25 01:00:00,211.56499
2012-10-25 02:00:00,163.28694
2012-10-25 03:00:00,133.19368
2012-10-25 04:00:00,134.46593
2012-10-25 05:00:00,131.91718
2012-10-25 06:00:00,130.64491
2012-10-25 07:00:00,130.64491
2012-10-25 08:00:00,147.0645
2012-10-25 09:00:00,147.19408
2012-10-25 10:00:00,151.59308
2012-10-25 11:00:00,151.46347
2012-10-25 12:00:00,177.7471
2012-10-25 13:00:00,177.29265
2012-10-25 14:00:00,208.65106
2012-10-25 15:00:00,247.98132
2012-10-25 16:00:00,226.11691
2012-10-25 17:00:00,226.11691
2012-10-25 18:00:00,142.35152
2012-10-25 19:00:00,138.12686
2012-10-25 20:00:00,133.19368
2012-10-25 21:00:00,133.19368
2012-10-25 22:00:00,151.39867
2012-10-25 23:00:00,151.59306
2012-10-26 00:00:00,177.01276
2012-10-26 01:00:00,135.10204
2012-10-26 02:00:00,134.46593
2012-10-26 03:00:00,131.91718
2012-10-26 04:00:00,131.91718
2012-10-26 05:00:00,134.46593
2012-10-26 06:00:00,135.10204
2012-10-26 07:00:00,134.46593
2012-10-26 08:00:00,135.11555
2012-10-26 09:00:00,135.11555
2012-10-26 10:00:00,136.3878
2012-10-26 11:00:00,178.00673
2012-10-26 12:00:00,204.46472
2012-10-26 13:00:00,225.87488
2012-10-26 14:00:00,268.18387
2012-10-26 15:00:00,280.30096
2012-10-26 16:00:00,204.33511
2012-10-26 17:00:00,186.80423
2012-10-26 18:00:00,177.87671
2012-10-26 19:00:00,151.7231
2012-10-26 20:00:00,151.7231
2012-10-26 21:00:00,177.5968
2012-10-26 22:00:00,146.93445
2012-10-26 23:00:00,133.33868
2012-10-27 00:00:00,92.79571
2012-10-27 01:00:00,106.60243
2012-10-27 02:00:00,104.05367
2012-10-27 03:00:00,91.51919
2012-10-27 04:00:00,105.32591
2012-10-27 05:00:00,122.59792
2012-10-27 06:00:00,122.59792
2012-10-27 07:00:00,101.91582
2012-10-27 08:00:00,130.80156
2012-10-27 09:00:00,130.80156
2012-10-27 10:00:00,157.58463
2012-10-27 11:00:00,201.20409
2012-10-27 12:00:00,348.45615
2012-10-27 13:00:00,428.11285
2012-10-27 14:00:00,404.21588
2012-10-27 15:00:00,237.08026
2012-10-27 16:00:00,214.92989
2012-10-27 17:00:00,214.92989
2012-10-27 18:00:00,214.92989
2012-10-27 19:00:00,170.72615
2012-10-27 20:00:00,170.72615
2012-10-27 21:00:00,170.72615
2012-10-27 22:00:00,170.85576
2012-10-27 23:00:00,188.77606
2012-10-28 00:00:00,202.11223
2012-10-28 01:00:00,166.3272
2012-10-28 02:00:00,183.72781
2012-10-28 03:00:00,205.52766
2012-10-28 04:00:00,205.65724
2012-10-28 05:00:00,205.39758
2012-10-28 06:00:00,222.86346
2012-10-28 07:00:00,222.73343
2012-10-28 08:00:00,223.83675
2012-10-28 09:00:00,240.58853
2012-10-28 10:00:00,257.22305
2012-10-28 11:00:00,269.96323
2012-10-28 12:00:00,218.96329
2012-10-28 13:00:00,218.63884
2012-10-28 14:00:00,223.3827
2012-10-28 15:00:00,206.24129
2012-10-28 16:00:00,197.88782
2012-10-28 17:00:00,150.14928
2012-10-28 18:00:00,81.23809
2012-10-28 19:00:00,86.971725
2012-10-28 20:00:00,82.51034
2012-10-28 21:00:00,102.60954
2012-10-28 22:00:00,105.15828
2012-10-28 23:00:00,86.971725
2012-10-29 00:00:00,129.82765
2012-10-30 13:00:00,113.15718
2012-10-30 14:00:00,113.15718
2012-10-30 15:00:00,106.948105
2012-10-30 16:00:00,106.948105
2012-10-30 17:00:00,108.22032
2012-10-30 18:00:00,117.603004
2012-10-30 19:00:00,207.54488
2012-10-30 20:00:00,111.95481
2012-10-30 21:00:00,110.662704
2012-10-30 22:00:00,106.25422
2012-10-30 23:00:00,106.25422
2012-10-31 00:00:00,126.927414
2012-10-31 01:00:00,127.56354
2012-10-31 02:00:00,120.06096
2012-10-31 03:00:00,126.927414
2012-10-31 04:00:00,95.6901
2012-10-31 05:00:00,120.06096
2012-10-31 06:00:00,104.9777
2012-10-31 07:00:00,103.79625
2012-10-31 08:00:00,113.73352
2012-10-31 09:00:00,123.615074
2012-10-31 10:00:00,128.41637
2012-10-31 11:00:00,170.35367
2012-10-31 12:00:00,213.99991
2012-10-31 13:00:00,253.41542
2012-10-31 14:00:00,267.14127
2012-10-31 15:00:00,235.81998
2012-10-31 16:00:00,249.80542
2012-10-31 17:00:00,227.5961
2012-10-31 18:00:00,227.5961
2012-10-31 19:00:00,262.39737
2012-10-31 20:00:00,262.39737
2012-10-31 21:00:00,262.39737
2012-10-31 22:00:00,195.24382
2012-10-31 23:00:00,201.80603
2012-11-20 00:00:00,143.55212
2012-11-20 01:00:00,158.25133
2012-11-20 02:00:00,143.00255
2012-11-20 03:00:00,157.8422
2012-11-20 04:00:00,165.56505
2012-11-20 05:00:00,165.30544
2012-11-20 06:00:00,149.69925
2012-11-20 07:00:00,129.1958
2012-11-20 08:00:00,137.169
2012-11-20 09:00:00,169.78285
2012-11-20 10:00:00,192.6
2012-11-20 11:00:00,192.87993
2012-11-20 12:00:00,192.49025
2012-11-20 13:00:00,236.15446
2012-11-20 14:00:00,236.6089
2012-11-20 15:00:00,254.22466
2012-11-20 16:00:00,214.5497
2012-11-20 17:00:00,171.25465
2012-11-20 18:00:00,192.6
2012-11-20 19:00:00,173.5898
2012-11-20 20:00:00,158.11401
2012-11-20 21:00:00,155.97612
2012-11-20 22:00:00,155.97612
2012-11-20 23:00:00,115.00575
2012-11-21 00:00:00,126.94641
2012-11-21 01:00:00,115.00575
2012-11-21 02:00:00,89.522484
2012-11-21 03:00:00,89.522484
2012-11-21 04:00:00,89.522484
2012-11-21 05:00:00,89.522484
2012-11-21 06:00:00,96.27549
2012-11-21 07:00:00,96.62854
2012-11-21 08:00:00,125.64168
2012-11-21 09:00:00,129.1958
2012-11-21 10:00:00,186.54793
2012-11-21 11:00:00,248.67155
2012-11-21 12:00:00,304.90582
2012-11-21 13:00:00,351.7814
2012-11-21 14:00:00,362.621
2012-11-21 15:00:00,326.57755
2012-11-21 16:00:00,343.92667
2012-11-21 17:00:00,291.88156
2012-11-21 18:00:00,319.66553
2012-11-21 19:00:00,274.35068
2012-11-21 20:00:00,179.92113
2012-11-21 21:00:00,238.55539
2012-11-21 22:00:00,238.23077
2012-11-21 23:00:00,181.60942
2012-11-22 00:00:00,140.58003
2012-11-22 01:00:00,137.4812
2012-11-22 02:00:00,101.96295
2012-11-22 03:00:00,100.3729
2012-11-22 04:00:00,81.73186
2012-11-22 05:00:00,100.3729
2012-11-22 06:00:00,115.811874
2012-11-22 07:00:00,91.98358
2012-11-22 08:00:00,93.50644
2012-11-22 09:00:00,148.78578
2012-11-22 10:00:00,188.9229
2012-11-22 11:00:00,314.7418
2012-11-22 12:00:00,377.17484
2012-11-22 13:00:00,411.93558
2012-11-22 14:00:00,418.8986
2012-11-22 15:00:00,418.8986
2012-11-22 16:00:00,404.93097
2012-11-22 17:00:00,377.17484
2012-11-22 18:00:00,289.73804
2012-11-22 19:00:00,124.69594
2012-11-22 20:00:00,136.328
2012-11-22 21:00:00,166.9084
2012-11-22 22:00:00,168.66147
2012-11-22 23:00:00,135.23183
2012-11-23 00:00:00,164.62697
2012-11-23 01:00:00,111.83493
2012-11-23 02:00:00,126.21458
2012-11-23 03:00:00,149.15115
2012-11-23 04:00:00,118.09917
2012-11-23 05:00:00,124.92651
2012-11-23 06:00:00,124.92651
2012-11-23 07:00:00,124.92651
2012-11-23 08:00:00,91.968796
2012-11-23 09:00:00,121.9061
2012-11-23 10:00:00,173.37941
2012-11-23 11:00:00,248.67155
2012-11-23 12:00:00,326.96893
2012-11-23 13:00:00,337.87527
2012-11-23 14:00:00,376.37497
2012-11-23 15:00:00,326.78336
2012-11-23 16:00:00,337.8558
2012-11-23 17:00:00,338.93137
2012-11-23 18:00:00,300.0221
2012-11-23 19:00:00,289.15594
2012-11-23 20:00:00,314.6743
2012-11-23 21:00:00,275.81937
2012-11-23 22:00:00,358.54327
2012-11-23 23:00:00,309.11987
2012-11-24 00:00:00,314.83038
2012-11-24 01:00:00,212.56636
2012-11-24 02:00:00,221.4289
2012-11-24 03:00:00,209.18654
2012-11-24 04:00:00,191.35966
2012-11-24 05:00:00,197.64175
2012-11-24 06:00:00,179.78647
2012-11-24 07:00:00,211.36757
2012-11-24 08:00:00,192.14839
2012-11-24 09:00:00,205.08545
2012-11-24 10:00:00,198.23566
2012-11-24 11:00:00,222.65273
2012-11-24 12:00:00,225.62836
2012-11-24 13:00:00,249.985
2012-11-24 14:00:00,260.41858
2012-11-24 15:00:00,235.92464
2012-11-24 16:00:00,215.77675
2012-11-24 17:00:00,197.90137
2012-11-24 18:00:00,210.90326
2012-11-24 19:00:00,204.07347
2012-11-24 20:00:00,179.78647
2012-11-24 21:00:00,186.19814
2012-11-24 22:00:00,186.45775
2012-11-24 23:00:00,186.19814
2012-11-25 00:00:00,168.79729
2012-11-25 01:00:00,188.34087
2012-11-25 02:00:00,175.49702
2012-11-25 03:00:00,207.8117
2012-11-25 04:00:00,207.8117
2012-11-25 05:00:00,188.9352
2012-11-25 06:00:00,195.43217
2012-11-25 07:00:00,178.09634
2012-11-25 08:00:00,171.72897
2012-11-25 09:00:00,182.71812
2012-11-25 10:00:00,169.12193
2012-11-25 11:00:00,224.47101
2012-11-25 12:00:00,224.47101
2012-11-25 13:00:00,224.2114
2012-11-25 14:00:00,229.53915
2012-11-25 15:00:00,215.81334
2012-11-25 16:00:00,228.68562
2012-11-25 17:00:00,215.09944
2012-11-25 18:00:00,197.48372
2012-11-25 19:00:00,230.08601
2012-11-25 20:00:00,149.70459
2012-11-25 21:00:00,199.74832
2012-11-25 22:00:00,149.70459
2012-11-25 23:00:00,114.00298
2012-11-26 00:00:00,149.85075
2012-11-26 01:00:00,150.20381
2012-11-26 02:00:00,150.20381
2012-11-26 03:00:00,150.20381
2012-11-26 04:00:00,149.85075
2012-11-26 05:00:00,124.33583
2012-11-26 06:00:00,149.85075
2012-11-26 07:00:00,160.82002
2012-11-26 08:00:00,160.82002
2012-11-26 09:00:00,187.59511
2012-11-26 10:00:00,233.61691
2012-11-26 11:00:00,309.84702
2012-11-26 12:00:00,328.71408
2012-11-26 13:00:00,328.71408
2012-11-26 14:00:00,299.7849
2012-11-26 15:00:00,324.58926
2012-11-26 16:00:00,313.8898
2012-11-26 17:00:00,306.92685
2012-11-26 18:00:00,225.7116
2012-11-26 19:00:00,220.89494
2012-11-26 20:00:00,238.23077
2012-11-26 21:00:00,238.23077
2012-11-26 22:00:00,181.6094
2012-11-26 23:00:00,169.47426
2012-11-27 00:00:00,170.11038
2012-11-27 01:00:00,157.35889
2012-11-27 02:00:00,150.52495
2012-11-27 03:00:00,171.16562
2012-11-27 04:00:00,125.76155
2012-11-27 05:00:00,110.6783
2012-11-27 06:00:00,118.78444
2012-11-27 07:00:00,133.8677
2012-11-27 08:00:00,134.51306
2012-11-27 09:00:00,127.54027
2012-11-27 10:00:00,133.24081
2012-11-27 11:00:00,99.44123
2012-11-27 12:00:00,93.73091
2012-11-27 13:00:00,105.02621
2012-11-27 14:00:00,95.00742
2012-11-27 15:00:00,118.163895
2012-11-27 16:00:00,118.163895
2012-11-27 17:00:00,114.33864
2012-11-27 18:00:00,76.179344
2012-11-27 19:00:00,111.566025
2012-11-27 20:00:00,93.71628
2012-11-27 21:00:00,77.44235
2012-11-27 22:00:00,93.69148
2012-11-27 23:00:00,100.00488
2012-11-28 00:00:00,116.269585
2012-11-28 01:00:00,123.136055
2012-11-28 02:00:00,123.136055
2012-11-28 03:00:00,136.68999
2012-11-28 04:00:00,137.96649
2012-11-28 05:00:00,146.07265
2012-11-28 06:00:00,150.2439
2012-11-28 07:00:00,183.60313
2012-11-28 08:00:00,134.71461
2012-11-28 09:00:00,191.82701
2012-11-28 10:00:00,222.65619
2012-11-28 11:00:00,238.1089
2012-11-28 12:00:00,243.14041
2012-11-28 13:00:00,255.85425
2012-11-28 14:00:00,262.83392
2012-11-28 15:00:00,297.6356
2012-11-28 16:00:00,323.09964
2012-11-28 17:00:00,308.34927
2012-11-28 18:00:00,283.83432
2012-11-28 19:00:00,277.1145
2012-11-28 20:00:00,283.74112
2012-11-28 21:00:00,259.45407
2012-11-28 22:00:00,222.03513
2012-11-28 23:00:00,211.04596
2012-11-29 00:00:00,171.56606
2012-11-29 01:00:00,152.22626
2012-11-29 02:00:00,161.60892
2012-11-29 04:00:00,117.246056
2012-11-29 05:00:00,150.20381
2012-11-29 06:00:00,149.85075
2012-11-29 07:00:00,160.45552
2012-11-29 08:00:00,130.55693
2012-11-29 09:00:00,174.37395
2012-11-29 10:00:00,155.20747
2012-11-29 11:00:00,282.31265
2012-11-29 12:00:00,269.05115
2012-11-29 13:00:00,339.73672
2012-11-29 14:00:00,256.30893
2012-11-29 15:00:00,249.76721
2012-11-29 16:00:00,269.3108
2012-11-29 17:00:00,268.85614
2012-11-29 18:00:00,220.77306
2012-11-29 19:00:00,196.48561
2012-11-29 20:00:00,203.1126
2012-11-29 21:00:00,145.81982
2012-11-29 22:00:00,139.76848
2012-11-29 23:00:00,175.47008
2012-11-30 00:00:00,125.43198
2012-11-30 01:00:00,132.2892
2012-11-30 02:00:00,137.22859
2012-11-30 03:00:00,137.22859
2012-11-30 04:00:00,137.54865
2012-11-30 05:00:00,127.64998
2012-11-30 06:00:00,115.34791
2012-11-30 07:00:00,127.29692
2012-11-30 08:00:00,126.035965
2012-11-30 09:00:00,118.73529
2012-11-30 10:00:00,180.3188
2012-11-30 11:00:00,228.25381
2012-11-30 12:00:00,274.2309
2012-11-30 13:00:00,305.60736
2012-11-30 14:00:00,305.34772
2012-11-30 15:00:00,326.1548
2012-11-30 16:00:00,278.74966
2012-11-30 17:00:00,225.84117
2012-11-30 18:00:00,199.94908
2012-11-30 19:00:00,165.7231
2012-11-30 20:00:00,165.7231
2012-11-30 21:00:00,130.0215
2012-11-30 22:00:00,139.40419
2012-11-30 23:00:00,143.82825
2012-12-20 00:00:00,175.39217
2012-12-20 01:00:00,165.7231
2012-12-20 02:00:00,165.7231
2012-12-20 03:00:00,157.38217
2012-12-20 04:00:00,157.38217
2012-12-20 05:00:00,156.74605
2012-12-20 06:00:00,180.3188
2012-12-20 07:00:00,166.76485
2012-12-20 08:00:00,166.76485
2012-12-20 09:00:00,166.76485
2012-12-20 10:00:00,173.93565
2012-12-20 11:00:00,197.94409
2012-12-20 12:00:00,226.43549
2012-12-20 13:00:00,209.22928
2012-12-20 14:00:00,226.56511
2012-12-20 15:00:00,204.5707
2012-12-20 16:00:00,208.93306
2012-12-20 17:00:00,165.56505
2012-12-20 18:00:00,148.427
2012-12-20 19:00:00,154.12758
2012-12-20 20:00:00,149.95206
2012-12-20 21:00:00,149.95206
2012-12-20 22:00:00,118.86118
2012-12-20 23:00:00,144.83418
2012-12-21 00:00:00,116.168945
2012-12-21 01:00:00,124.03781
2012-12-21 02:00:00,122.74466
2012-12-21 03:00:00,122.74466
2012-12-21 04:00:00,118.15303
2012-12-21 05:00:00,105.1124
2012-12-21 06:00:00,136.88368
2012-12-21 07:00:00,115.72649
2012-12-21 08:00:00,117.70954
2012-12-21 09:00:00,158.06854
2012-12-21 10:00:00,158.5025
2012-12-21 11:00:00,159.28735
2012-12-21 12:00:00,163.06023
2012-12-21 13:00:00,167.50691
2012-12-21 14:00:00,166.49338
2012-12-21 15:00:00,148.92097
2012-12-21 16:00:00,152.69385
2012-12-21 17:00:00,102.88339
2012-12-21 18:00:00,102.062874
2012-12-21 19:00:00,121.77024
2012-12-21 20:00:00,131.06459
2012-12-21 21:00:00,131.80443
2012-12-21 22:00:00,114.69153
2012-12-21 23:00:00,115.253525
2012-12-22 00:00:00,111.29043
2012-12-22 01:00:00,101.28726
2012-12-22 02:00:00,106.84375
2012-12-22 03:00:00,90.32784
2012-12-22 04:00:00,81.63464
2012-12-22 05:00:00,89.78365
2012-12-22 06:00:00,100.743065
2012-12-22 07:00:00,100.743065
2012-12-22 08:00:00,113.51003
2012-12-22 09:00:00,87.56404
2012-12-22 10:00:00,84.374504
2012-12-22 11:00:00,114.33452
2012-12-22 12:00:00,84.838875
2012-12-22 13:00:00,150.99
2012-12-22 14:00:00,152.09981
2012-12-22 15:00:00,108.68887
2012-12-22 16:00:00,134.62367
2012-12-22 17:00:00,109.88785
2012-12-22 18:00:00,102.39707
2012-12-22 19:00:00,79.78223
2012-12-22 20:00:00,75.40682
2012-12-22 21:00:00,69.450714
2012-12-22 22:00:00,69.450714
2012-12-22 23:00:00,67.46765
2012-12-23 00:00:00,73.917435
2012-12-23 01:00:00,71.93437
2012-12-23 02:00:00,61.239815
2012-12-23 03:00:00,60.419296
2012-12-23 04:00:00,64.88602
2012-12-23 05:00:00,62.06124
2012-12-23 06:00:00,38.336983
2012-12-23 07:00:00,38.336983
2012-12-23 08:00:00,32.26445
2012-12-23 09:00:00,51.143837
2012-12-23 10:00:00,52.950813
2012-12-23 11:00:00,71.28527
2012-12-23 12:00:00,109.18302
2012-12-23 13:00:00,127.765335
2012-12-23 14:00:00,183.73679
2012-12-23 15:00:00,166.68443
2012-12-23 16:00:00,169.03758
2012-12-23 17:00:00,99.8226
2012-12-23 18:00:00,100.41564
2012-12-23 19:00:00,100.46802
2012-12-23 20:00:00,58.748283
2012-12-23 21:00:00,52.441635
2012-12-23 22:00:00,60.844116
2012-12-23 23:00:00,58.92478
2012-12-24 00:00:00,69.344955
2012-12-24 01:00:00,69.344955
2012-12-24 02:00:00,63.438705
2012-12-24 03:00:00,63.438705
2012-12-24 05:00:00,51.741493
2012-12-24 06:00:00,63.438705
2012-12-24 07:00:00,66.176155
2012-12-24 08:00:00,69.344955
2012-12-24 09:00:00,82.70304
2012-12-24 10:00:00,86.19061
2012-12-24 11:00:00,94.85904
2012-12-24 12:00:00,103.63385
2012-12-24 13:00:00,71.69725
2012-12-24 14:00:00,68.95979
2012-12-24 15:00:00,64.66698
2012-12-24 16:00:00,64.66698
2012-12-24 17:00:00,63.410347
2012-12-24 18:00:00,66.22235
2012-12-24 19:00:00,60.09384
2012-12-24 20:00:00,64.87164
2012-12-24 21:00:00,66.950554
2012-12-24 22:00:00,66.34105
2012-12-24 23:00:00,71.11884
2012-12-25 00:00:00,42.566254
2012-12-25 01:00:00,40.153816
2012-12-25 02:00:00,40.153816
2012-12-25 04:00:00,40.52591
2012-12-25 05:00:00,32.54074
2012-12-25 06:00:00,32.54074
2012-12-25 07:00:00,31.079464
2012-12-25 08:00:00,44.6942
2012-12-25 09:00:00,44.904854
2012-12-25 10:00:00,48.99077
2012-12-25 11:00:00,56.12375
2012-12-25 12:00:00,60.413986
2012-12-25 13:00:00,143.13255
2012-12-25 14:00:00,143.71812
2012-12-25 15:00:00,116.24861
2012-12-25 16:00:00,120.37033
2012-12-25 17:00:00,89.38845
2012-12-25 18:00:00,79.33833
2012-12-25 19:00:00,78.52056
2012-12-25 20:00:00,80.15885
2012-12-25 21:00:00,73.40981
2012-12-25 22:00:00,67.48125
2012-12-25 23:00:00,69.63805
2012-12-26 00:00:00,97.138626
2012-12-26 01:00:00,92.01276
2012-12-26 02:00:00,92.01276
2012-12-26 03:00:00,82.6576
2012-12-26 04:00:00,74.16471
2012-12-26 05:00:00,76.7928
2012-12-26 06:00:00,75.1545
2012-12-26 07:00:00,57.35865
2012-12-26 08:00:00,57.35865
2012-12-26 09:00:00,57.35865
2012-12-26 10:00:00,56.53813
2012-12-26 11:00:00,60.57151
2012-12-26 12:00:00,61.652016
2012-12-26 13:00:00,61.652016
2012-12-26 14:00:00,55.97316
2012-12-26 15:00:00,73.28674
2012-12-26 16:00:00,73.28674
2012-12-26 17:00:00,66.58667
2012-12-26 18:00:00,70.83103
2012-12-26 19:00:00,80.54608
2012-12-26 20:00:00,80.89121
2012-12-26 21:00:00,78.735374
2012-12-26 22:00:00,63.16282
2012-12-26 23:00:00,71.64845
2012-12-27 00:00:00,71.64845
2012-12-27 01:00:00,63.16282
2012-12-27 02:00:00,65.66024
2012-12-27 03:00:00,60.464317
2012-12-27 04:00:00,62.856277
2012-12-27 05:00:00,68.49613
2012-12-27 06:00:00,81.66781
2012-12-27 07:00:00,75.24521
2012-12-27 08:00:00,89.44838
2012-12-27 09:00:00,98.24152
2012-12-27 10:00:00,108.9388
2012-12-27 11:00:00,111.566895
2012-12-27 12:00:00,131.17676
2012-12-27 13:00:00,131.17676
2012-12-27 14:00:00,107.731415
2012-12-27 15:00:00,105.684235
2012-12-27 16:00:00,106.59332
2012-12-27 17:00:00,106.59332
2012-12-27 18:00:00,91.43245
2012-12-27 19:00:00,87.57457
2012-12-27 20:00:00,85.24634
2012-12-27 21:00:00,91.43245
2012-12-27 22:00:00,91.77722
2012-12-27 23:00:00,91.43245
2012-12-28 00:00:00,89.44899
2012-12-28 01:00:00,85.59149
2012-12-28 02:00:00,87.22979
2012-12-28 03:00:00,89.44899
2012-12-28 04:00:00,88.28644
2012-12-28 05:00:00,87.87755
2012-12-28 06:00:00,78.17354
2012-12-28 07:00:00,75.372696
2012-12-28 08:00:00,88.62848
2012-12-28 09:00:00,91.77722
2012-12-28 10:00:00,101.30608
2012-12-28 11:00:00,110.837685
2012-12-28 12:00:00,117.61157
2012-12-28 13:00:00,117.61157
2012-12-28 14:00:00,117.61157
2012-12-28 15:00:00,114.40184
2012-12-28 16:00:00,113.40891
2012-12-28 17:00:00,84.42581
2012-12-28 18:00:00,84.42581
2012-12-28 19:00:00,84.21075
2012-12-28 20:00:00,82.70304
2012-12-28 21:00:00,77.46168
2012-12-28 22:00:00,76.710754
2012-12-28 23:00:00,82.29416
2012-12-29 00:00:00,57.53576
2012-12-29 01:00:00,50.875603
2012-12-29 02:00:00,57.53576
2012-12-29 03:00:00,55.254555
2012-12-29 04:00:00,50.875603
2012-12-29 05:00:00,50.875603
2012-12-29 06:00:00,58.33853
2012-12-29 07:00:00,59.156303
2012-12-29 08:00:00,55.790886
2012-12-29 09:00:00,55.790894
2012-12-29 10:00:00,54.005135
2012-12-29 11:00:00,40.89347
2012-12-29 12:00:00,42.078728
2012-12-29 13:00:00,42.078728
2012-12-29 14:00:00,45.400703
2012-12-29 15:00:00,49.779655
2012-12-29 16:00:00,58.421074
2012-12-29 17:00:00,46.818428
2012-12-29 18:00:00,66.46054
2012-12-29 19:00:00,82.35162
2012-12-29 20:00:00,96.58931
2012-12-29 21:00:00,89.55389
2012-12-29 22:00:00,79.3351
2012-12-29 23:00:00,66.63763
2012-12-30 00:00:00,71.61937
2012-12-30 01:00:00,82.09979
2012-12-30 02:00:00,78.88693
2012-12-30 03:00:00,82.09979
2012-12-30 04:00:00,77.72439
2012-12-30 05:00:00,87.756645
2012-12-30 06:00:00,80.68385
2012-12-30 07:00:00,70.84879
2012-12-30 08:00:00,77.7106
2012-12-30 09:00:00,76.13604
2012-12-30 10:00:00,119.50999
2012-12-30 11:00:00,108.962616
2012-12-30 12:00:00,115.006546
2012-12-30 13:00:00,84.838875
2012-12-30 14:00:00,143.95305
2012-12-30 15:00:00,120.33446
2012-12-30 16:00:00,125.31789
2012-12-30 17:00:00,102.29634
2012-12-30 18:00:00,87.82466
2012-12-30 19:00:00,84.84894
2012-12-30 20:00:00,74.674225
2012-12-30 21:00:00,61.239815
2012-12-30 22:00:00,57.118263
2012-12-30 23:00:00,62.405502
2012-12-31 00:00:00,74.94788
2012-12-31 01:00:00,74.94788
2012-12-31 02:00:00,64.25648
2012-12-31 03:00:00,63.090797
2012-12-31 04:00:00,51.87963
2012-12-31 05:00:00,59.015106
2012-12-31 06:00:00,58.673073
2012-12-31 07:00:00,58.325172
2012-12-31 08:00:00,50.528915
2012-12-31 09:00:00,67.59272
2012-12-31 10:00:00,67.7614
2012-12-31 11:00:00,84.859856
2012-12-31 12:00:00,94.26087
2012-12-31 13:00:00,112.72591
2012-12-31 14:00:00,122.00727
2012-12-31 15:00:00,117.016426
2012-12-31 16:00:00,109.076965
2012-12-31 17:00:00,107.16037
2012-12-31 18:00:00,107.9113
2012-12-31 19:00:00,94.85904
2012-12-31 20:00:00,94.85904
2012-12-31 21:00:00,90.65637
2012-12-31 22:00:00,94.77519
2012-12-31 23:00:00,84.72507
