datetime,count
2011-01-20 00:00:00,79.83141
2011-01-20 01:00:00,111.95469
2011-01-20 02:00:00,111.95469
2011-01-20 03:00:00,111.93575
2011-01-20 04:00:00,111.93575
2011-01-20 05:00:00,101.6936
2011-01-20 06:00:00,98.96214
2011-01-20 07:00:00,106.67592
2011-01-20 08:00:00,97.66036
2011-01-20 09:00:00,97.81559
2011-01-20 10:00:00,92.86048
2011-01-20 11:00:00,109.70288
2011-01-20 12:00:00,133.8632
2011-01-20 13:00:00,122.45706
2011-01-20 14:00:00,118.17146
2011-01-20 15:00:00,113.97306
2011-01-20 16:00:00,120.46476
2011-01-20 17:00:00,127.34051
2011-01-20 18:00:00,108.5775
2011-01-20 19:00:00,91.56868
2011-01-20 20:00:00,92.238174
2011-01-20 21:00:00,96.54341
2011-01-20 22:00:00,92.51469
2011-01-20 23:00:00,83.70685
2011-01-21 00:00:00,95.510025
2011-01-21 01:00:00,95.510025
2011-01-21 02:00:00,97.62673
2011-01-21 03:00:00,86.18036
2011-01-21 04:00:00,70.78854
2011-01-21 05:00:00,73.675804
2011-01-21 06:00:00,103.53879
2011-01-21 07:00:00,92.776886
2011-01-21 08:00:00,81.67569
2011-01-21 09:00:00,78.11022
2011-01-21 10:00:00,52.160255
2011-01-21 11:00:00,67.40266
2011-01-21 12:00:00,70.8857
2011-01-21 13:00:00,71.10086
2011-01-21 14:00:00,75.27385
2011-01-21 15:00:00,68.27035
2011-01-21 16:00:00,87.93762
2011-01-21 17:00:00,73.93909
2011-01-21 18:00:00,82.61756
2011-01-21 19:00:00,65.97028
2011-01-21 20:00:00,30.363474
2011-01-21 21:00:00,74.854095
2011-01-21 22:00:00,43.83262
2011-01-21 23:00:00,58.944206
2011-01-22 00:00:00,64.553406
2011-01-22 01:00:00,46.351044
2011-01-22 02:00:00,79.59167
2011-01-22 03:00:00,78.186714
2011-01-22 04:00:00,66.64116
2011-01-22 06:00:00,73.96354
2011-01-22 07:00:00,63.756508
2011-01-22 08:00:00,62.214584
2011-01-22 09:00:00,70.72439
2011-01-22 10:00:00,82.662964
2011-01-22 11:00:00,89.64473
2011-01-22 12:00:00,93.470566
2011-01-22 13:00:00,96.93895
2011-01-22 14:00:00,97.765945
2011-01-22 15:00:00,106.876434
2011-01-22 16:00:00,128.33717
2011-01-22 17:00:00,113.18713
2011-01-22 18:00:00,88.877754
2011-01-22 19:00:00,90.2314
2011-01-22 20:00:00,70.35609
2011-01-22 21:00:00,79.78673
2011-01-22 22:00:00,72.60907
2011-01-22 23:00:00,50.465347
2011-01-23 00:00:00,50.465347
2011-01-23 01:00:00,50.465347
2011-01-23 02:00:00,40.39689
2011-01-23 03:00:00,40.39689
2011-01-23 05:00:00,59.33264
2011-01-23 06:00:00,59.33264
2011-01-23 07:00:00,55.126152
2011-01-23 08:00:00,44.129425
2011-01-23 09:00:00,60.16983
2011-01-23 10:00:00,78.33867
2011-01-23 11:00:00,85.09403
2011-01-23 12:00:00,76.36965
2011-01-23 13:00:00,89.27919
2011-01-23 14:00:00,116.79022
2011-01-23 15:00:00,116.79022
2011-01-23 16:00:00,126.75264
2011-01-23 17:00:00,103.07974
2011-01-23 18:00:00,115.413155
2011-01-23 19:00:00,109.37352
2011-01-23 20:00:00,90.820984
2011-01-23 21:00:00,90.06643
2011-01-23 22:00:00,84.249535
2011-01-23 23:00:00,75.17347
2011-01-24 00:00:00,92.60992
2011-01-24 01:00:00,93.009636
2011-01-24 03:00:00,80.57584
2011-01-24 04:00:00,89.097946
2011-01-24 05:00:00,89.097946
2011-01-24 06:00:00,90.64116
2011-01-24 07:00:00,95.805534
2011-01-24 08:00:00,96.99418
2011-01-24 09:00:00,112.053696
2011-01-24 10:00:00,109.663055
2011-01-24 11:00:00,103.081314
2011-01-24 12:00:00,88.50147
2011-01-24 13:00:00,83.759315
2011-01-24 14:00:00,85.47929
2011-01-24 15:00:00,107.80859
2011-01-24 16:00:00,93.20895
2011-01-24 17:00:00,92.3388
2011-01-24 18:00:00,87.13482
2011-01-24 19:00:00,96.566216
2011-01-24 20:00:00,87.13482
2011-01-24 21:00:00,82.68147
2011-01-24 22:00:00,90.209
2011-01-24 23:00:00,91.51362
2011-01-25 00:00:00,82.330315
2011-01-25 01:00:00,85.02373
2011-01-25 02:00:00,74.80278
2011-01-25 04:00:00,67.06491
2011-01-25 05:00:00,64.3715
2011-01-25 06:00:00,69.78241
2011-01-25 07:00:00,67.08906
2011-01-25 08:00:00,79.02639
2011-01-25 09:00:00,101.44601
2011-01-25 10:00:00,110.522835
2011-01-25 11:00:00,111.522705
2011-01-25 12:00:00,124.06264
2011-01-25 13:00:00,121.32499
2011-01-25 14:00:00,142.35255
2011-01-25 15:00:00,132.20432
2011-01-25 16:00:00,132.20432
2011-01-25 17:00:00,136.50964
2011-01-25 18:00:00,130.26988
2011-01-25 19:00:00,106.91834
2011-01-25 20:00:00,93.60197
2011-01-25 21:00:00,93.60197
2011-01-25 22:00:00,94.14483
2011-01-25 23:00:00,103.01213
2011-01-26 00:00:00,94.92046
2011-01-26 01:00:00,103.809
2011-01-26 02:00:00,101.435776
2011-01-26 05:00:00,72.51415
2011-01-26 06:00:00,72.51415
2011-01-26 07:00:00,75.98549
2011-01-26 08:00:00,75.98549
2011-01-26 09:00:00,75.98549
2011-01-26 10:00:00,66.540665
2011-01-26 11:00:00,65.012596
2011-01-26 12:00:00,65.012596
2011-01-26 13:00:00,65.012596
2011-01-26 14:00:00,65.38927
2011-01-26 15:00:00,59.324127
2011-01-26 16:00:00,73.8799
2011-01-26 17:00:00,62.657837
2011-01-27 16:00:00,108.4062
2011-01-27 17:00:00,109.3693
2011-01-27 18:00:00,84.86498
2011-01-27 19:00:00,84.86498
2011-01-27 20:00:00,74.41985
2011-01-27 21:00:00,74.41985
2011-01-27 22:00:00,74.41985
2011-01-27 23:00:00,64.01193
2011-01-28 00:00:00,82.93258
2011-01-28 01:00:00,82.93258
2011-01-28 02:00:00,83.31051
2011-01-28 03:00:00,84.66411
2011-01-28 05:00:00,74.21894
2011-01-28 06:00:00,72.50134
2011-01-28 07:00:00,62.05668
2011-01-28 08:00:00,62.05668
2011-01-28 09:00:00,73.64143
2011-01-28 10:00:00,73.82974
2011-01-28 11:00:00,63.030518
2011-01-28 12:00:00,63.030518
2011-01-28 13:00:00,63.030518
2011-01-28 14:00:00,91.41692
2011-01-28 15:00:00,70.57558
2011-01-28 16:00:00,73.682335
2011-01-28 17:00:00,79.51425
2011-01-28 18:00:00,78.17448
2011-01-28 19:00:00,88.38152
2011-01-28 20:00:00,94.75554
2011-01-28 21:00:00,85.66399
2011-01-28 22:00:00,89.28994
2011-01-28 23:00:00,101.6936
2011-01-29 00:00:00,65.29167
2011-01-29 01:00:00,67.41884
2011-01-29 02:00:00,67.04219
2011-01-29 03:00:00,63.932884
2011-01-29 04:00:00,50.3935
2011-01-29 06:00:00,58.48391
2011-01-29 07:00:00,65.82102
2011-01-29 08:00:00,75.47799
2011-01-29 09:00:00,70.45842
2011-01-29 10:00:00,71.8003
2011-01-29 11:00:00,70.08263
2011-01-29 12:00:00,79.17416
2011-01-29 13:00:00,89.79423
2011-01-29 14:00:00,81.702545
2011-01-29 15:00:00,58.35147
2011-01-29 16:00:00,75.93075
2011-01-29 17:00:00,80.16606
2011-01-29 18:00:00,58.950577
2011-01-29 19:00:00,67.218765
2011-01-29 20:00:00,47.317238
2011-01-29 21:00:00,47.317238
2011-01-29 22:00:00,35.343163
2011-01-29 23:00:00,35.343163
2011-01-30 00:00:00,33.42328
2011-01-30 01:00:00,35.681816
2011-01-30 02:00:00,38.413216
2011-01-30 03:00:00,15.62612
2011-01-30 04:00:00,15.62612
2011-01-30 05:00:00,26.425322
2011-01-30 07:00:00,26.425322
2011-01-30 08:00:00,35.29265
2011-01-30 09:00:00,47.280487
2011-01-30 10:00:00,49.998093
2011-01-30 11:00:00,54.29348
2011-01-30 12:00:00,99.901
2011-01-30 13:00:00,81.19054
2011-01-30 14:00:00,83.09655
2011-01-30 15:00:00,94.503555
2011-01-30 16:00:00,94.503555
2011-01-30 17:00:00,90.65874
2011-01-30 18:00:00,70.948395
2011-01-30 19:00:00,71.32504
2011-01-30 20:00:00,81.15542
2011-01-30 21:00:00,69.370575
2011-01-30 22:00:00,67.652885
2011-01-30 23:00:00,74.3909
2011-01-31 00:00:00,102.84713
2011-01-31 01:00:00,93.16782
2011-01-31 02:00:00,94.521484
2011-01-31 03:00:00,94.521484
2011-01-31 04:00:00,97.787384
2011-01-31 05:00:00,86.002495
2011-01-31 06:00:00,74.02928
2011-01-31 07:00:00,84.62496
2011-01-31 08:00:00,81.7583
2011-01-31 09:00:00,78.828896
2011-01-31 10:00:00,98.71965
2011-01-31 11:00:00,98.71965
2011-01-31 12:00:00,112.78764
2011-01-31 13:00:00,106.78083
2011-01-31 14:00:00,111.06996
2011-01-31 15:00:00,102.16757
2011-01-31 16:00:00,100.69142
2011-01-31 17:00:00,98.71965
2011-01-31 18:00:00,92.21245
2011-01-31 19:00:00,113.118904
2011-01-31 20:00:00,95.818054
2011-01-31 21:00:00,112.51187
2011-01-31 22:00:00,101.79096
2011-01-31 23:00:00,95.99706
2011-02-20 00:00:00,135.13771
2011-02-20 01:00:00,110.25378
2011-02-20 02:00:00,92.17538
2011-02-20 03:00:00,76.205284
2011-02-20 04:00:00,76.205284
2011-02-20 06:00:00,88.03243
2011-02-20 07:00:00,78.5777
2011-02-20 08:00:00,85.72015
2011-02-20 09:00:00,92.66984
2011-02-20 10:00:00,133.38979
2011-02-20 11:00:00,188.32367
2011-02-20 12:00:00,175.1274
2011-02-20 13:00:00,176.02573
2011-02-20 14:00:00,242.591
2011-02-20 15:00:00,236.14008
2011-02-20 16:00:00,226.96355
2011-02-20 17:00:00,207.71417
2011-02-20 18:00:00,191.78766
2011-02-20 19:00:00,191.78766
2011-02-20 20:00:00,134.73859
2011-02-20 21:00:00,110.730446
2011-02-20 22:00:00,101.07872
2011-02-20 23:00:00,93.52995
2011-02-21 00:00:00,143.71469
2011-02-21 01:00:00,143.71469
2011-02-21 02:00:00,143.71469
2011-02-21 03:00:00,143.34706
2011-02-21 04:00:00,128.04352
2011-02-21 05:00:00,177.96626
2011-02-21 06:00:00,244.18726
2011-02-21 07:00:00,247.31094
2011-02-21 08:00:00,71.602554
2011-02-21 09:00:00,73.35808
2011-02-21 10:00:00,79.23652
2011-02-21 11:00:00,97.2066
2011-02-21 12:00:00,82.35875
2011-02-21 13:00:00,62.84964
2011-02-21 14:00:00,65.57764
2011-02-21 15:00:00,45.93885
2011-02-21 16:00:00,40.65197
2011-02-21 17:00:00,58.96956
2011-02-21 18:00:00,34.82789
2011-02-21 19:00:00,34.82789
2011-02-21 20:00:00,46.797623
2011-02-21 21:00:00,30.047178
2011-02-21 22:00:00,33.33551
2011-02-21 23:00:00,33.33551
2011-02-22 06:00:00,62.005478
2011-02-22 07:00:00,62.005478
2011-02-22 08:00:00,61.627556
2011-02-22 09:00:00,71.50726
2011-02-22 10:00:00,76.17536
2011-02-22 11:00:00,90.19982
2011-02-22 12:00:00,100.480774
2011-02-22 13:00:00,108.029564
2011-02-22 14:00:00,108.4062
2011-02-22 15:00:00,112.842636
2011-02-22 16:00:00,114.20055
2011-02-22 17:00:00,107.10429
2011-02-22 18:00:00,119.99362
2011-02-22 19:00:00,90.48356
2011-02-22 20:00:00,103.23775
2011-02-22 21:00:00,97.378975
2011-02-22 22:00:00,90.91561
2011-02-22 23:00:00,90.91561
2011-02-23 00:00:00,101.01952
2011-02-23 01:00:00,108.908195
2011-02-23 02:00:00,101.73606
2011-02-23 03:00:00,100.01966
2011-02-23 05:00:00,101.3594
2011-02-23 06:00:00,101.3594
2011-02-23 07:00:00,95.56506
2011-02-23 08:00:00,96.566216
2011-02-23 09:00:00,109.90299
2011-02-23 10:00:00,132.67468
2011-02-23 11:00:00,128.45256
2011-02-23 12:00:00,136.35194
2011-02-23 13:00:00,167.26485
2011-02-23 14:00:00,174.29572
2011-02-23 15:00:00,184.32367
2011-02-23 16:00:00,162.7717
2011-02-23 17:00:00,184.32367
2011-02-23 18:00:00,176.86542
2011-02-23 19:00:00,134.93938
2011-02-23 20:00:00,103.03335
2011-02-23 21:00:00,125.78166
2011-02-23 22:00:00,125.78166
2011-02-23 23:00:00,111.289185
2011-02-24 00:00:00,111.289185
2011-02-24 01:00:00,103.57542
2011-02-24 02:00:00,92.57873
2011-02-24 03:00:00,91.035515
2011-02-24 05:00:00,83.32178
2011-02-24 06:00:00,81.98202
2011-02-24 07:00:00,77.353775
2011-02-24 08:00:00,86.26615
2011-02-24 09:00:00,86.254364
2011-02-24 10:00:00,97.97149
2011-02-24 11:00:00,74.706024
2011-02-24 12:00:00,94.80239
2011-02-24 13:00:00,107.05646
2011-02-24 14:00:00,133.24341
2011-02-24 15:00:00,114.50751
2011-02-24 16:00:00,95.45653
2011-02-24 17:00:00,111.76521
2011-02-24 18:00:00,83.84295
2011-02-24 19:00:00,83.07581
2011-02-24 20:00:00,74.96309
2011-02-24 21:00:00,83.84295
2011-02-24 22:00:00,94.25219
2011-02-24 23:00:00,72.64243
2011-02-25 00:00:00,84.990486
2011-02-25 01:00:00,65.32399
2011-02-25 02:00:00,65.32399
2011-02-25 03:00:00,75.335785
2011-02-25 05:00:00,75.335785
2011-02-25 06:00:00,86.74619
2011-02-25 07:00:00,74.40375
2011-02-25 08:00:00,87.93439
2011-02-25 09:00:00,83.8304
2011-02-25 10:00:00,101.21391
2011-02-25 11:00:00,105.697105
2011-02-25 12:00:00,148.69537
2011-02-25 13:00:00,148.69537
2011-02-25 14:00:00,176.6973
2011-02-25 15:00:00,128.04369
2011-02-25 16:00:00,95.91384
2011-02-25 17:00:00,46.160553
2011-02-25 18:00:00,96.28028
2011-02-25 19:00:00,73.95483
2011-02-25 20:00:00,63.263298
2011-02-25 21:00:00,82.34269
2011-02-25 22:00:00,68.62322
2011-02-25 23:00:00,86.98202
2011-02-26 00:00:00,86.55504
2011-02-26 01:00:00,85.76766
2011-02-26 02:00:00,71.462715
2011-02-26 03:00:00,80.54899
2011-02-26 04:00:00,85.340096
2011-02-26 05:00:00,77.24922
2011-02-26 06:00:00,77.43462
2011-02-26 07:00:00,76.4728
2011-02-26 08:00:00,89.033356
2011-02-26 09:00:00,93.70041
2011-02-26 10:00:00,111.664986
2011-02-26 11:00:00,111.47374
2011-02-26 12:00:00,133.77982
2011-02-26 13:00:00,163.84286
2011-02-26 14:00:00,188.263
2011-02-26 15:00:00,181.55563
2011-02-26 16:00:00,150.89232
2011-02-26 17:00:00,161.30481
2011-02-26 18:00:00,125.40525
2011-02-26 19:00:00,105.32564
2011-02-26 20:00:00,92.37641
2011-02-26 21:00:00,74.797134
2011-02-26 22:00:00,58.99302
2011-02-26 23:00:00,57.65325
2011-02-27 00:00:00,36.40886
2011-02-27 01:00:00,37.38456
2011-02-27 02:00:00,38.724403
2011-02-27 03:00:00,40.26758
2011-02-27 04:00:00,33.89862
2011-02-27 06:00:00,38.51188
2011-02-27 07:00:00,33.89862
2011-02-27 08:00:00,41.229454
2011-02-27 09:00:00,42.985123
2011-02-27 10:00:00,53.80771
2011-02-27 11:00:00,90.92231
2011-02-27 12:00:00,112.35079
2011-02-27 13:00:00,124.73507
2011-02-27 14:00:00,152.25166
2011-02-27 15:00:00,191.40329
2011-02-27 16:00:00,207.72115
2011-02-27 17:00:00,119.99572
2011-02-27 18:00:00,113.67035
2011-02-27 19:00:00,112.91576
2011-02-27 20:00:00,112.35079
2011-02-27 21:00:00,98.220276
2011-02-27 22:00:00,106.333046
2011-02-27 23:00:00,100.167564
2011-02-28 00:00:00,122.43896
2011-02-28 01:00:00,87.9157
2011-02-28 03:00:00,82.86337
2011-02-28 05:00:00,78.84083
2011-02-28 06:00:00,73.438965
2011-02-28 07:00:00,80.78475
2011-02-28 08:00:00,74.20858
2011-02-28 09:00:00,101.42606
2011-02-28 10:00:00,89.77841
2011-02-28 11:00:00,139.74756
2011-02-28 12:00:00,139.74756
2011-02-28 13:00:00,105.34211
2011-02-28 14:00:00,91.57953
2011-02-28 15:00:00,91.57953
2011-02-28 16:00:00,89.50419
2011-02-28 17:00:00,88.862015
2011-02-28 18:00:00,104.96417
2011-02-28 19:00:00,50.551025
2011-02-28 20:00:00,50.551025
2011-02-28 21:00:00,98.45147
2011-02-28 22:00:00,79.61842
2011-02-28 23:00:00,88.46597
2011-03-20 00:00:00,134.21112
2011-03-20 01:00:00,98.33749
2011-03-20 02:00:00,97.962204
2011-03-20 03:00:00,88.68188
2011-03-20 04:00:00,85.587685
2011-03-20 05:00:00,79.038765
2011-03-20 06:00:00,79.41668
2011-03-20 07:00:00,74.590965
2011-03-20 08:00:00,87.55068
2011-03-20 09:00:00,98.16948
2011-03-20 10:00:00,123.07244
2011-03-20 11:00:00,155.32487
2011-03-20 12:00:00,158.46477
2011-03-20 13:00:00,173.48354
2011-03-20 14:00:00,197.02171
2011-03-20 15:00:00,230.64705
2011-03-20 16:00:00,194.91562
2011-03-20 17:00:00,231.74594
2011-03-20 18:00:00,202.06505
2011-03-20 19:00:00,170.47409
2011-03-20 20:00:00,150.89232
2011-03-20 21:00:00,113.65073
2011-03-20 22:00:00,113.27314
2011-03-20 23:00:00,84.35522
2011-03-21 00:00:00,79.07983
2011-03-21 01:00:00,93.38841
2011-03-21 02:00:00,105.12569
2011-03-21 03:00:00,105.12569
2011-03-21 05:00:00,94.5689
2011-03-21 06:00:00,110.67375
2011-03-21 07:00:00,82.10793
2011-03-21 08:00:00,90.863144
2011-03-21 09:00:00,104.43733
2011-03-21 10:00:00,103.46253
2011-03-21 11:00:00,121.36465
2011-03-21 12:00:00,131.69846
2011-03-21 13:00:00,154.56503
2011-03-21 14:00:00,167.2385
2011-03-21 15:00:00,193.40591
2011-03-21 16:00:00,167.97247
2011-03-21 17:00:00,167.60487
2011-03-21 18:00:00,144.49072
2011-03-21 19:00:00,206.5264
2011-03-21 20:00:00,175.68826
2011-03-21 21:00:00,98.56751
2011-03-21 22:00:00,108.20184
2011-03-21 23:00:00,106.50442
2011-03-22 00:00:00,107.823975
2011-03-22 01:00:00,83.1075
2011-03-22 02:00:00,94.53037
2011-03-22 03:00:00,114.74085
2011-03-22 04:00:00,120.12211
2011-03-22 05:00:00,109.31292
2011-03-22 06:00:00,101.9548
2011-03-22 07:00:00,125.90648
2011-03-22 08:00:00,134.88504
2011-03-22 09:00:00,136.9039
2011-03-22 10:00:00,169.59483
2011-03-22 11:00:00,185.38887
2011-03-22 12:00:00,210.63792
2011-03-22 13:00:00,236.159
2011-03-22 14:00:00,250.6773
2011-03-22 15:00:00,249.39246
2011-03-22 16:00:00,230.24356
2011-03-22 17:00:00,230.24356
2011-03-22 18:00:00,216.74863
2011-03-22 19:00:00,169.04404
2011-03-22 20:00:00,170.32884
2011-03-22 21:00:00,160.86931
2011-03-22 22:00:00,134.33421
2011-03-22 23:00:00,134.33421
2011-03-23 00:00:00,117.83597
2011-03-23 01:00:00,118.112434
2011-03-23 02:00:00,118.112434
2011-03-23 03:00:00,113.31509
2011-03-23 05:00:00,103.83445
2011-03-23 06:00:00,96.34486
2011-03-23 07:00:00,83.98036
2011-03-23 08:00:00,94.967094
2011-03-23 09:00:00,102.869965
2011-03-23 10:00:00,105.97928
2011-03-23 11:00:00,97.68464
2011-03-23 12:00:00,95.96825
2011-03-23 13:00:00,105.797386
2011-03-23 14:00:00,101.379166
2011-03-23 15:00:00,115.42774
2011-03-23 16:00:00,127.41564
2011-03-23 17:00:00,127.41564
2011-03-23 18:00:00,121.88415
2011-03-23 19:00:00,121.88415
2011-03-23 20:00:00,41.80432
2011-03-23 21:00:00,82.40608
2011-03-23 22:00:00,85.333984
2011-03-23 23:00:00,98.84843
2011-03-24 00:00:00,83.98036
2011-03-24 01:00:00,70.46359
2011-03-24 02:00:00,70.84029
2011-03-24 03:00:00,67.35423
2011-03-24 04:00:00,67.35423
2011-03-24 05:00:00,78.531364
2011-03-24 06:00:00,78.531364
2011-03-24 07:00:00,73.88199
2011-03-24 08:00:00,70.62225
2011-03-24 09:00:00,75.81385
2011-03-24 10:00:00,72.93219
2011-03-24 11:00:00,98.61047
2011-03-24 12:00:00,101.39924
2011-03-24 13:00:00,119.463524
2011-03-24 14:00:00,117.70786
2011-03-24 15:00:00,117.10248
2011-03-24 16:00:00,120.09467
2011-03-24 17:00:00,116.74602
2011-03-24 18:00:00,102.11774
2011-03-24 19:00:00,93.0773
2011-03-24 20:00:00,114.91586
2011-03-24 21:00:00,110.1435
2011-03-24 22:00:00,109.38895
2011-03-24 23:00:00,104.93987
2011-03-25 00:00:00,112.6536
2011-03-25 01:00:00,95.03761
2011-03-25 02:00:00,93.69787
2011-03-25 03:00:00,96.39124
2011-03-25 04:00:00,85.946075
2011-03-25 05:00:00,84.60631
2011-03-25 06:00:00,83.25264
2011-03-25 07:00:00,91.779434
2011-03-25 08:00:00,104.44958
2011-03-25 09:00:00,100.36314
2011-03-25 10:00:00,133.54027
2011-03-25 11:00:00,142.71046
2011-03-25 12:00:00,164.09912
2011-03-25 13:00:00,179.56389
2011-03-25 14:00:00,222.365
2011-03-25 15:00:00,196.91553
2011-03-25 16:00:00,203.32336
2011-03-25 17:00:00,181.58891
2011-03-25 18:00:00,168.80984
2011-03-25 19:00:00,180.21805
2011-03-25 20:00:00,168.09473
2011-03-25 21:00:00,168.46231
2011-03-25 22:00:00,160.4584
2011-03-25 23:00:00,151.3653
2011-03-26 00:00:00,181.69055
2011-03-26 01:00:00,181.12085
2011-03-26 02:00:00,118.10067
2011-03-26 03:00:00,100.157715
2011-03-26 04:00:00,118.10066
2011-03-26 05:00:00,93.98673
2011-03-26 06:00:00,85.08436
2011-03-26 07:00:00,93.98673
2011-03-26 08:00:00,108.85713
2011-03-26 09:00:00,131.5563
2011-03-26 10:00:00,147.87413
2011-03-26 11:00:00,177.12299
2011-03-26 12:00:00,206.47314
2011-03-26 13:00:00,233.75853
2011-03-26 14:00:00,259.9455
2011-03-26 15:00:00,262.5237
2011-03-26 16:00:00,288.9907
2011-03-26 17:00:00,271.94022
2011-03-26 18:00:00,276.47702
2011-03-26 19:00:00,161.93286
2011-03-26 20:00:00,161.93286
2011-03-26 21:00:00,153.0105
2011-03-26 22:00:00,179.21115
2011-03-26 23:00:00,155.22354
2011-03-27 00:00:00,165.99039
2011-03-27 01:00:00,106.76021
2011-03-27 02:00:00,110.37604
2011-03-27 03:00:00,84.32975
2011-03-27 04:00:00,75.23825
2011-03-27 06:00:00,53.615967
2011-03-27 07:00:00,51.899544
2011-03-27 08:00:00,66.595184
2011-03-27 09:00:00,91.886925
2011-03-27 10:00:00,99.77845
2011-03-27 11:00:00,114.64887
2011-03-27 12:00:00,157.45483
2011-03-27 13:00:00,193.51546
2011-03-27 14:00:00,213.59503
2011-03-27 15:00:00,221.25906
2011-03-27 16:00:00,191.33722
2011-03-27 17:00:00,242.94724
2011-03-27 18:00:00,224.8681
2011-03-27 19:00:00,234.05806
2011-03-27 20:00:00,190.17749
2011-03-27 21:00:00,147.87413
2011-03-27 22:00:00,147.87413
2011-03-27 23:00:00,134.8942
2011-03-28 00:00:00,119.744125
2011-03-28 01:00:00,119.06889
2011-03-28 02:00:00,124.927704
2011-03-28 03:00:00,124.927704
2011-03-28 05:00:00,114.32552
2011-03-28 06:00:00,133.89615
2011-03-28 07:00:00,138.83505
2011-03-28 08:00:00,144.8809
2011-03-28 09:00:00,160.03313
2011-03-28 10:00:00,179.22307
2011-03-28 11:00:00,178.33046
2011-03-28 12:00:00,167.87039
2011-03-28 13:00:00,220.45432
2011-03-28 14:00:00,236.47087
2011-03-28 15:00:00,226.11995
2011-03-28 16:00:00,244.38449
2011-03-28 17:00:00,229.33104
2011-03-28 18:00:00,223.82617
2011-03-28 19:00:00,223.73364
2011-03-28 20:00:00,222.87698
2011-03-28 21:00:00,227.78381
2011-03-28 22:00:00,229.07884
2011-03-28 23:00:00,202.41685
2011-03-29 00:00:00,176.87735
2011-03-29 01:00:00,164.97542
2011-03-29 02:00:00,164.97542
2011-03-29 03:00:00,164.97542
2011-03-29 04:00:00,123.34782
2011-03-29 05:00:00,140.53662
2011-03-29 06:00:00,123.44278
2011-03-29 07:00:00,121.230965
2011-03-29 08:00:00,147.00188
2011-03-29 09:00:00,176.43222
2011-03-29 10:00:00,212.46208
2011-03-29 11:00:00,201.92236
2011-03-29 12:00:00,236.35278
2011-03-29 13:00:00,230.59128
2011-03-29 14:00:00,249.21443
2011-03-29 15:00:00,260.08084
2011-03-29 16:00:00,244.96419
2011-03-29 17:00:00,236.23111
2011-03-29 18:00:00,226.57722
2011-03-29 19:00:00,243.81328
2011-03-29 20:00:00,226.57722
2011-03-29 21:00:00,151.98311
2011-03-29 22:00:00,147.16006
2011-03-29 23:00:00,142.21265
2011-03-30 00:00:00,142.99998
2011-03-30 01:00:00,158.35999
2011-03-30 02:00:00,142.99998
2011-03-30 03:00:00,154.3582
2011-03-30 04:00:00,142.99998
2011-03-30 05:00:00,120.813156
2011-03-30 06:00:00,129.54732
2011-03-30 07:00:00,152.74942
2011-03-30 08:00:00,132.89294
2011-03-30 09:00:00,148.30632
2011-03-30 10:00:00,152.43744
2011-03-30 11:00:00,152.80386
2011-03-30 12:00:00,154.64926
2011-03-30 13:00:00,163.92561
2011-03-30 14:00:00,161.87749
2011-03-30 15:00:00,100.56922
2011-03-30 16:00:00,97.031815
2011-03-30 17:00:00,85.26634
2011-03-30 18:00:00,75.81385
2011-03-30 19:00:00,75.81385
2011-03-30 20:00:00,78.690125
2011-03-30 21:00:00,71.36486
2011-03-30 22:00:00,79.85545
2011-03-30 23:00:00,78.5018
2011-03-31 00:00:00,79.85545
2011-03-31 01:00:00,79.47756
2011-03-31 02:00:00,79.47756
2011-03-31 03:00:00,79.85545
2011-03-31 04:00:00,80.232124
2011-03-31 05:00:00,79.85545
2011-03-31 06:00:00,78.690125
2011-03-31 07:00:00,80.232124
2011-03-31 08:00:00,60.565567
2011-03-31 09:00:00,82.94963
2011-03-31 10:00:00,82.94963
2011-03-31 11:00:00,87.02077
2011-03-31 12:00:00,87.02077
2011-03-31 13:00:00,100.34844
2011-03-31 14:00:00,100.34841
2011-03-31 15:00:00,98.22133
2011-03-31 16:00:00,90.89595
2011-03-31 17:00:00,90.89595
2011-03-31 18:00:00,91.48117
2011-03-31 19:00:00,91.48117
2011-03-31 20:00:00,86.05895
2011-03-31 21:00:00,77.77685
2011-03-31 22:00:00,87.77535
2011-03-31 23:00:00,73.12737
2011-04-20 00:00:00,104.35182
2011-04-20 01:00:00,92.741905
2011-04-20 02:00:00,92.741905
2011-04-20 03:00:00,90.66656
2011-04-20 04:00:00,80.01322
2011-04-20 05:00:00,90.400955
2011-04-20 06:00:00,92.741905
2011-04-20 07:00:00,93.39793
2011-04-20 08:00:00,190.35306
2011-04-20 09:00:00,237.54004
2011-04-20 10:00:00,161.82878
2011-04-20 11:00:00,161.82878
2011-04-20 12:00:00,313.2353
2011-04-20 13:00:00,313.2353
2011-04-20 14:00:00,360.38962
2011-04-20 15:00:00,356.9103
2011-04-20 16:00:00,356.9103
2011-04-20 17:00:00,357.95615
2011-04-20 18:00:00,352.00632
2011-04-20 19:00:00,333.46463
2011-04-20 20:00:00,299.4729
2011-04-20 21:00:00,334.24094
2011-04-20 22:00:00,308.8036
2011-04-20 23:00:00,313.99448
2011-04-21 00:00:00,272.23993
2011-04-21 01:00:00,244.7013
2011-04-21 02:00:00,251.41133
2011-04-21 03:00:00,193.37003
2011-04-21 04:00:00,171.43053
2011-04-21 05:00:00,163.41576
2011-04-21 06:00:00,138.37192
2011-04-21 07:00:00,193.94954
2011-04-21 08:00:00,172.55966
2011-04-21 09:00:00,191.74747
2011-04-21 10:00:00,208.09111
2011-04-21 11:00:00,228.94974
2011-04-21 12:00:00,243.87148
2011-04-21 13:00:00,281.85504
2011-04-21 14:00:00,281.40607
2011-04-21 15:00:00,284.8926
2011-04-21 16:00:00,295.87918
2011-04-21 17:00:00,273.85855
2011-04-21 18:00:00,287.7862
2011-04-21 19:00:00,288.18787
2011-04-21 20:00:00,248.00304
2011-04-21 21:00:00,192.83876
2011-04-21 22:00:00,213.7786
2011-04-21 23:00:00,200.86024
2011-04-22 00:00:00,130.11745
2011-04-22 01:00:00,132.64139
2011-04-22 02:00:00,133.19223
2011-04-22 03:00:00,133.19223
2011-04-22 04:00:00,124.48621
2011-04-22 05:00:00,127.80966
2011-04-22 06:00:00,124.48623
2011-04-22 07:00:00,122.2933
2011-04-22 08:00:00,121.9257
2011-04-22 09:00:00,93.82889
2011-04-22 10:00:00,129.99632
2011-04-22 11:00:00,119.26786
2011-04-22 12:00:00,122.76761
2011-04-22 13:00:00,106.5519
2011-04-22 14:00:00,105.21222
2011-04-22 15:00:00,106.5519
2011-04-22 16:00:00,105.797386
2011-04-22 17:00:00,92.84766
2011-04-22 18:00:00,92.84766
2011-04-22 19:00:00,92.84766
2011-04-22 20:00:00,102.1041
2011-04-22 21:00:00,91.469864
2011-04-22 22:00:00,80.29272
2011-04-22 23:00:00,95.541046
2011-04-23 00:00:00,47.808746
2011-04-23 01:00:00,47.808746
2011-04-23 02:00:00,58.015823
2011-04-23 03:00:00,57.450874
2011-04-23 04:00:00,61.14406
2011-04-23 05:00:00,61.14406
2011-04-23 06:00:00,50.149673
2011-04-23 07:00:00,59.016937
2011-04-23 08:00:00,51.90413
2011-04-23 09:00:00,70.755066
2011-04-23 10:00:00,84.51757
2011-04-23 11:00:00,89.96655
2011-04-23 12:00:00,99.44536
2011-04-23 13:00:00,99.06871
2011-04-23 14:00:00,116.37536
2011-04-23 15:00:00,173.38916
2011-04-23 16:00:00,150.23843
2011-04-23 17:00:00,160.16336
2011-04-23 18:00:00,112.50953
2011-04-23 19:00:00,103.19689
2011-04-23 20:00:00,101.25498
2011-04-23 21:00:00,112.06415
2011-04-23 22:00:00,122.13136
2011-04-23 23:00:00,100.12376
2011-04-24 00:00:00,96.99336
2011-04-24 01:00:00,86.17027
2011-04-24 02:00:00,86.17027
2011-04-24 03:00:00,75.59425
2011-04-24 04:00:00,75.59425
2011-04-24 05:00:00,75.59425
2011-04-24 06:00:00,74.07261
2011-04-24 07:00:00,74.07261
2011-04-24 08:00:00,80.02313
2011-04-24 09:00:00,95.105225
2011-04-24 10:00:00,116.95861
2011-04-24 11:00:00,194.37892
2011-04-24 12:00:00,230.52441
2011-04-24 13:00:00,292.50623
2011-04-24 14:00:00,316.3595
2011-04-24 15:00:00,246.93956
2011-04-24 16:00:00,357.67984
2011-04-24 17:00:00,230.75546
2011-04-24 18:00:00,165.22679
2011-04-24 19:00:00,126.38037
2011-04-24 20:00:00,126.38037
2011-04-24 21:00:00,99.73453
2011-04-24 22:00:00,90.47806
2011-04-24 23:00:00,89.53516
2011-04-25 00:00:00,112.773926
2011-04-25 01:00:00,98.90326
2011-04-25 02:00:00,98.90326
2011-04-25 03:00:00,102.495995
2011-04-25 04:00:00,103.90663
2011-04-25 05:00:00,95.72627
2011-04-25 06:00:00,101.175224
2011-04-25 07:00:00,105.0391
2011-04-25 08:00:00,120.32203
2011-04-25 09:00:00,133.86142
2011-04-25 10:00:00,166.34555
2011-04-25 11:00:00,166.34555
2011-04-25 12:00:00,176.08725
2011-04-25 13:00:00,236.22653
2011-04-25 14:00:00,293.2917
2011-04-25 15:00:00,305.63913
2011-04-25 16:00:00,286.40067
2011-04-25 17:00:00,285.66663
2011-04-25 18:00:00,264.64426
2011-04-25 19:00:00,255.73553
2011-04-25 20:00:00,237.54004
2011-04-25 21:00:00,187.78337
2011-04-25 22:00:00,162.14719
2011-04-25 23:00:00,140.74463
2011-04-26 00:00:00,188.15097
2011-04-26 01:00:00,167.54095
2011-04-26 02:00:00,130.86572
2011-04-26 03:00:00,119.868195
2011-04-26 04:00:00,129.92157
2011-04-26 05:00:00,119.4903
2011-04-26 06:00:00,121.831184
2011-04-26 07:00:00,133.21921
2011-04-26 08:00:00,133.21922
2011-04-26 09:00:00,177.00052
2011-04-26 10:00:00,203.16794
2011-04-26 11:00:00,229.72256
2011-04-26 12:00:00,256.25647
2011-04-26 13:00:00,314.85507
2011-04-26 14:00:00,276.9319
2011-04-26 15:00:00,255.52248
2011-04-26 16:00:00,269.1236
2011-04-26 17:00:00,246.99962
2011-04-26 18:00:00,230.45659
2011-04-26 19:00:00,177.73448
2011-04-26 20:00:00,177.00052
2011-04-26 21:00:00,148.2879
2011-04-26 22:00:00,143.48328
2011-04-26 23:00:00,143.86115
2011-04-27 00:00:00,134.99387
2011-04-27 01:00:00,135.37048
2011-04-27 02:00:00,124.939255
2011-04-27 03:00:00,134.18445
2011-04-27 04:00:00,112.57467
2011-04-27 05:00:00,121.81865
2011-04-27 06:00:00,112.95135
2011-04-27 07:00:00,134.18445
2011-04-27 08:00:00,134.75067
2011-04-27 09:00:00,120.818726
2011-04-27 10:00:00,146.94618
2011-04-27 11:00:00,148.8692
2011-04-27 12:00:00,160.15521
2011-04-27 13:00:00,149.09941
2011-04-27 14:00:00,188.73723
2011-04-27 15:00:00,239.52899
2011-04-27 16:00:00,216.18958
2011-04-27 17:00:00,134.44766
2011-04-27 18:00:00,134.44766
2011-04-27 19:00:00,148.2879
2011-04-27 20:00:00,139.66933
2011-04-27 21:00:00,128.6579
2011-04-27 22:00:00,138.09145
2011-04-27 23:00:00,134.12924
2011-04-28 00:00:00,151.97932
2011-04-28 01:00:00,126.401054
2011-04-28 02:00:00,120.30942
2011-04-28 03:00:00,150.15405
2011-04-28 04:00:00,120.54227
2011-04-28 05:00:00,126.401054
2011-04-28 06:00:00,151.07126
2011-04-28 07:00:00,150.88806
2011-04-28 08:00:00,159.43036
2011-04-28 09:00:00,128.54619
2011-04-28 10:00:00,137.5252
2011-04-28 11:00:00,146.94618
2011-04-28 12:00:00,150.96819
2011-04-28 13:00:00,144.01677
2011-04-28 14:00:00,138.66818
2011-04-28 15:00:00,202.80154
2011-04-28 16:00:00,147.90994
2011-04-28 17:00:00,294.63666
2011-04-28 18:00:00,294.63666
2011-04-28 19:00:00,305.97034
2011-04-28 20:00:00,279.13107
2011-04-28 21:00:00,245.31177
2011-04-28 22:00:00,249.99023
2011-04-28 23:00:00,243.42035
2011-04-29 00:00:00,271.9023
2011-04-29 01:00:00,219.88503
2011-04-29 02:00:00,145.26144
2011-04-29 03:00:00,151.24406
2011-04-29 04:00:00,191.5252
2011-04-29 05:00:00,209.16986
2011-04-29 06:00:00,236.89299
2011-04-29 07:00:00,257.5672
2011-04-29 08:00:00,280.62784
2011-04-29 09:00:00,280.99542
2011-04-29 10:00:00,284.55627
2011-04-29 11:00:00,304.05453
2011-04-29 12:00:00,297.78976
2011-04-29 13:00:00,297.973
2011-04-29 14:00:00,334.01053
2011-04-29 15:00:00,282.54654
2011-04-29 16:00:00,265.93542
2011-04-29 17:00:00,244.52722
2011-04-29 18:00:00,233.11903
2011-04-29 19:00:00,176.26698
2011-04-29 20:00:00,214.40268
2011-04-29 21:00:00,192.25922
2011-04-29 22:00:00,148.28079
2011-04-29 23:00:00,167.0264
2011-04-30 00:00:00,199.36935
2011-04-30 01:00:00,180.39035
2011-04-30 02:00:00,193.61615
2011-04-30 03:00:00,177.29834
2011-04-30 04:00:00,183.92235
2011-04-30 05:00:00,194.67236
2011-04-30 06:00:00,143.25574
2011-04-30 07:00:00,186.14954
2011-04-30 08:00:00,172.66565
2011-04-30 09:00:00,216.08057
2011-04-30 10:00:00,264.39148
2011-04-30 11:00:00,281.369
2011-04-30 12:00:00,290.27893
2011-04-30 13:00:00,310.95312
2011-04-30 14:00:00,310.03592
2011-04-30 15:00:00,318.55704
2011-04-30 16:00:00,335.55576
2011-04-30 17:00:00,285.53256
2011-04-30 18:00:00,275.8655
2011-04-30 19:00:00,275.8655
2011-04-30 20:00:00,117.360634
2011-04-30 21:00:00,117.360634
2011-04-30 22:00:00,109.270294
2011-04-30 23:00:00,109.270294
2011-05-20 00:00:00,97.24792
2011-05-20 01:00:00,86.85898
2011-05-20 02:00:00,85.27394
2011-05-20 03:00:00,84.14143
2011-05-20 04:00:00,94.53037
2011-05-20 05:00:00,94.71873
2011-05-20 06:00:00,106.692764
2011-05-20 07:00:00,129.86646
2011-05-20 08:00:00,147.13869
2011-05-20 09:00:00,149.9686
2011-05-20 10:00:00,175.68826
2011-05-20 11:00:00,201.58067
2011-05-20 12:00:00,240.30443
2011-05-20 13:00:00,238.47916
2011-05-20 14:00:00,260.94147
2011-05-20 15:00:00,239.57042
2011-05-20 16:00:00,251.75397
2011-05-20 17:00:00,204.12979
2011-05-20 18:00:00,241.39693
2011-05-20 19:00:00,162.25348
2011-05-20 20:00:00,165.55441
2011-05-20 21:00:00,157.34796
2011-05-20 22:00:00,139.42493
2011-05-20 23:00:00,140.31161
2011-05-21 00:00:00,104.74069
2011-05-21 01:00:00,111.13359
2011-05-21 02:00:00,112.454414
2011-05-21 03:00:00,91.57799
2011-05-21 04:00:00,79.96678
2011-05-21 05:00:00,79.59015
2011-05-21 06:00:00,94.67221
2011-05-21 07:00:00,114.01974
2011-05-21 08:00:00,155.42712
2011-05-21 09:00:00,199.81436
2011-05-21 10:00:00,198.58167
2011-05-21 11:00:00,267.06863
2011-05-21 12:00:00,235.02054
2011-05-21 13:00:00,266.31418
2011-05-21 14:00:00,285.56204
2011-05-21 15:00:00,360.7186
2011-05-21 16:00:00,384.9927
2011-05-21 17:00:00,355.18433
2011-05-21 18:00:00,343.42905
2011-05-21 19:00:00,328.18713
2011-05-21 20:00:00,175.43085
2011-05-21 21:00:00,198.58167
2011-05-21 22:00:00,143.27171
2011-05-21 23:00:00,111.18998
2011-05-22 00:00:00,91.25649
2011-05-22 01:00:00,78.89064
2011-05-22 02:00:00,78.51397
2011-05-22 03:00:00,66.526085
2011-05-22 04:00:00,65.205315
2011-05-22 05:00:00,66.526085
2011-05-22 06:00:00,78.51397
2011-05-22 07:00:00,90.50191
2011-05-22 08:00:00,125.82378
2011-05-22 09:00:00,146.3637
2011-05-22 10:00:00,184.71176
2011-05-22 11:00:00,298.76547
2011-05-22 12:00:00,334.28995
2011-05-22 13:00:00,295.81662
2011-05-22 14:00:00,202.42398
2011-05-22 15:00:00,245.22821
2011-05-22 16:00:00,230.1817
2011-05-22 17:00:00,285.8823
2011-05-22 18:00:00,240.3377
2011-05-22 19:00:00,233.71368
2011-05-22 20:00:00,191.33578
2011-05-22 21:00:00,136.02576
2011-05-22 22:00:00,106.75874
2011-05-22 23:00:00,112.90856
2011-05-23 00:00:00,129.56601
2011-05-23 01:00:00,120.32203
2011-05-23 02:00:00,138.81122
2011-05-23 03:00:00,126.837204
2011-05-23 04:00:00,115.894516
2011-05-23 05:00:00,115.894516
2011-05-23 06:00:00,106.63809
2011-05-23 07:00:00,119.93284
2011-05-23 08:00:00,124.807884
2011-05-23 09:00:00,125.185844
2011-05-23 10:00:00,180.37807
2011-05-23 11:00:00,212.07788
2011-05-23 12:00:00,212.07788
2011-05-23 13:00:00,284.3622
2011-05-23 14:00:00,262.42532
2011-05-23 15:00:00,261.50812
2011-05-23 16:00:00,259.67245
2011-05-23 17:00:00,223.29182
2011-05-23 18:00:00,200.22539
2011-05-23 19:00:00,192.90302
2011-05-23 20:00:00,138.34848
2011-05-23 21:00:00,129.09201
2011-05-23 22:00:00,116.55251
2011-05-23 23:00:00,136.3927
2011-05-24 00:00:00,120.216194
2011-05-24 01:00:00,119.83953
2011-05-24 02:00:00,120.216194
2011-05-24 03:00:00,122.664276
2011-05-24 04:00:00,123.67666
2011-05-24 05:00:00,124.55002
2011-05-24 06:00:00,123.79543
2011-05-24 07:00:00,151.82654
2011-05-24 08:00:00,147.24152
2011-05-24 09:00:00,172.78873
2011-05-24 10:00:00,255.15607
2011-05-24 11:00:00,305.63913
2011-05-24 12:00:00,349.11087
2011-05-24 13:00:00,334.79617
2011-05-24 14:00:00,342.61118
2011-05-24 15:00:00,295.4028
2011-05-24 16:00:00,195.49765
2011-05-24 17:00:00,239.00244
2011-05-24 18:00:00,208.33144
2011-05-24 19:00:00,162.8614
2011-05-24 20:00:00,157.45581
2011-05-24 21:00:00,146.45908
2011-05-24 22:00:00,145.63791
2011-05-24 23:00:00,174.3411
2011-05-25 00:00:00,145.6616
2011-05-25 01:00:00,149.633
2011-05-25 02:00:00,118.61206
2011-05-25 03:00:00,99.468216
2011-05-25 04:00:00,99.09157
2011-05-25 05:00:00,120.133736
2011-05-25 06:00:00,110.87724
2011-05-25 07:00:00,154.11456
2011-05-25 08:00:00,192.45453
2011-05-25 09:00:00,208.17186
2011-05-25 10:00:00,231.9903
2011-05-25 11:00:00,270.53723
2011-05-25 12:00:00,275.4684
2011-05-25 13:00:00,275.4684
2011-05-25 14:00:00,283.2834
2011-05-25 15:00:00,318.44357
2011-05-25 16:00:00,312.83615
2011-05-25 17:00:00,305.63913
2011-05-25 18:00:00,275.64703
2011-05-25 19:00:00,251.94548
2011-05-25 20:00:00,253.13725
2011-05-25 21:00:00,182.2718
2011-05-25 22:00:00,201.88312
2011-05-25 23:00:00,156.84601
2011-05-26 00:00:00,156.84601
2011-05-26 01:00:00,156.84601
2011-05-26 02:00:00,136.21613
2011-05-26 03:00:00,123.488365
2011-05-26 04:00:00,122.35586
2011-05-26 05:00:00,132.35559
2011-05-26 06:00:00,107.532005
2011-05-26 07:00:00,125.79649
2011-05-26 08:00:00,151.28693
2011-05-26 09:00:00,215.4533
2011-05-26 10:00:00,200.22539
2011-05-26 11:00:00,251.84584
2011-05-26 12:00:00,304.01974
2011-05-26 13:00:00,345.89017
2011-05-26 14:00:00,345.89017
2011-05-26 15:00:00,352.5755
2011-05-26 16:00:00,351.8819
2011-05-26 17:00:00,349.7814
2011-05-26 18:00:00,361.49075
2011-05-26 19:00:00,352.50793
2011-05-26 20:00:00,271.52805
2011-05-26 21:00:00,237.12537
2011-05-26 22:00:00,227.74179
2011-05-26 23:00:00,235.85896
2011-05-27 00:00:00,210.42545
2011-05-27 01:00:00,268.02194
2011-05-27 02:00:00,245.34839
2011-05-27 03:00:00,198.47803
2011-05-27 04:00:00,172.6047
2011-05-27 05:00:00,211.37262
2011-05-27 06:00:00,162.70193
2011-05-27 07:00:00,157.22389
2011-05-27 08:00:00,180.19489
2011-05-27 09:00:00,236.96057
2011-05-27 10:00:00,295.31058
2011-05-27 11:00:00,296.49524
2011-05-27 12:00:00,304.66995
2011-05-27 13:00:00,283.80225
2011-05-27 14:00:00,306.312
2011-05-27 15:00:00,338.01376
2011-05-27 16:00:00,305.77158
2011-05-27 17:00:00,286.1887
2011-05-27 18:00:00,259.67245
2011-05-27 19:00:00,137.95312
2011-05-27 20:00:00,164.61407
2011-05-27 21:00:00,133.48474
2011-05-27 22:00:00,143.68329
2011-05-27 23:00:00,123.43009
2011-05-28 00:00:00,96.32751
2011-05-28 01:00:00,97.08202
2011-05-28 02:00:00,85.09418
2011-05-28 03:00:00,94.728516
2011-05-28 04:00:00,95.105225
2011-05-28 05:00:00,94.728516
2011-05-28 06:00:00,105.55033
2011-05-28 07:00:00,108.26787
2011-05-28 08:00:00,120.05277
2011-05-28 09:00:00,158.9455
2011-05-28 10:00:00,233.58974
2011-05-28 11:00:00,233.58974
2011-05-28 12:00:00,295.5761
2011-05-28 13:00:00,266.89517
2011-05-28 14:00:00,298.64142
2011-05-28 15:00:00,318.2231
2011-05-28 16:00:00,337.0049
2011-05-28 17:00:00,328.64584
2011-05-28 18:00:00,273.49704
2011-05-28 19:00:00,226.96573
2011-05-28 20:00:00,233.58974
2011-05-28 21:00:00,172.01031
2011-05-28 22:00:00,125.34466
2011-05-28 23:00:00,110.868004
2011-05-29 00:00:00,111.245865
2011-05-29 01:00:00,100.04617
2011-05-29 02:00:00,99.29158
2011-05-29 03:00:00,99.29158
2011-05-29 04:00:00,96.385704
2011-05-29 05:00:00,83.86961
2011-05-29 06:00:00,109.290085
2011-05-29 07:00:00,110.0446
2011-05-29 08:00:00,109.66804
2011-05-29 09:00:00,98.69382
2011-05-29 10:00:00,124.938866
2011-05-29 11:00:00,125.69345
2011-05-29 12:00:00,197.0174
2011-05-29 13:00:00,227.90306
2011-05-29 14:00:00,237.59686
2011-05-29 15:00:00,240.8978
2011-05-29 16:00:00,237.59686
2011-05-29 17:00:00,237.59686
2011-05-29 18:00:00,205.85065
2011-05-29 19:00:00,199.22664
2011-05-29 20:00:00,139.64087
2011-05-29 21:00:00,120.14271
2011-05-29 22:00:00,103.57451
2011-05-29 23:00:00,103.95237
2011-05-30 00:00:00,85.22405
2011-05-30 01:00:00,84.46951
2011-05-30 02:00:00,85.22405
2011-05-30 03:00:00,85.22405
2011-05-30 04:00:00,82.12986
2011-05-30 05:00:00,90.24258
2011-05-30 06:00:00,92.7718
2011-05-30 07:00:00,91.63929
2011-05-30 08:00:00,105.49958
2011-05-30 09:00:00,178.35329
2011-05-30 10:00:00,341.53226
2011-05-30 11:00:00,310.60342
2011-05-30 12:00:00,368.96204
2011-05-30 13:00:00,369.66504
2011-05-30 14:00:00,362.31107
2011-05-30 15:00:00,422.94577
2011-05-30 16:00:00,426.1832
2011-05-30 17:00:00,411.23105
2011-05-30 18:00:00,395.62735
2011-05-30 19:00:00,240.05081
2011-05-30 20:00:00,262.68228
2011-05-30 21:00:00,220.00224
2011-05-30 22:00:00,194.88004
2011-05-30 23:00:00,116.10567
2011-05-31 00:00:00,157.29916
2011-05-31 01:00:00,137.04602
2011-05-31 02:00:00,131.83063
2011-05-31 03:00:00,125.30743
2011-05-31 04:00:00,141.47673
2011-05-31 05:00:00,141.47673
2011-05-31 06:00:00,152.47348
2011-05-31 07:00:00,233.50941
2011-05-31 08:00:00,281.1901
2011-05-31 09:00:00,295.11246
2011-05-31 10:00:00,300.128
2011-05-31 11:00:00,293.13406
2011-05-31 12:00:00,328.23593
2011-05-31 13:00:00,362.90543
2011-05-31 14:00:00,323.40906
2011-05-31 15:00:00,360.2997
2011-05-31 16:00:00,356.06833
2011-05-31 17:00:00,335.30197
2011-05-31 18:00:00,327.48706
2011-05-31 19:00:00,266.43387
2011-05-31 20:00:00,266.43387
2011-05-31 21:00:00,242.91528
2011-05-31 22:00:00,225.14714
2011-05-31 23:00:00,162.12492
2011-06-20 00:00:00,142.41966
2011-06-20 01:00:00,127.39455
2011-06-20 02:00:00,127.39455
2011-06-20 03:00:00,143.99666
2011-06-20 04:00:00,144.88335
2011-06-20 05:00:00,154.32736
2011-06-20 06:00:00,161.41791
2011-06-20 07:00:00,139.18784
2011-06-20 08:00:00,146.9016
2011-06-20 09:00:00,149.39496
2011-06-20 10:00:00,149.39496
2011-06-20 11:00:00,152.17392
2011-06-20 12:00:00,178.4819
2011-06-20 13:00:00,192.11186
2011-06-20 14:00:00,226.11188
2011-06-20 15:00:00,234.48978
2011-06-20 16:00:00,266.22455
2011-06-20 17:00:00,219.71893
2011-06-20 18:00:00,254.23767
2011-06-20 19:00:00,219.16139
2011-06-20 20:00:00,201.51672
2011-06-20 21:00:00,157.22392
2011-06-20 22:00:00,173.15633
2011-06-20 23:00:00,147.90994
2011-06-21 00:00:00,158.11667
2011-06-21 01:00:00,176.56224
2011-06-21 02:00:00,166.04321
2011-06-21 03:00:00,166.04321
2011-06-21 04:00:00,143.88187
2011-06-21 05:00:00,144.25851
2011-06-21 06:00:00,144.25851
2011-06-21 07:00:00,129.10208
2011-06-21 08:00:00,146.59937
2011-06-21 09:00:00,148.4852
2011-06-21 10:00:00,158.17572
2011-06-21 11:00:00,153.75754
2011-06-21 12:00:00,218.86348
2011-06-21 13:00:00,288.04276
2011-06-21 14:00:00,314.94424
2011-06-21 15:00:00,340.03226
2011-06-21 16:00:00,346.18912
2011-06-21 17:00:00,311.75302
2011-06-21 18:00:00,280.7937
2011-06-21 19:00:00,254.24033
2011-06-21 20:00:00,266.74628
2011-06-21 21:00:00,239.18903
2011-06-21 22:00:00,173.0014
2011-06-21 23:00:00,205.63763
2011-06-22 00:00:00,171.9089
2011-06-22 01:00:00,161.09338
2011-06-22 02:00:00,159.39594
2011-06-22 03:00:00,161.09338
2011-06-22 04:00:00,146.8565
2011-06-22 05:00:00,137.59999
2011-06-22 06:00:00,151.68219
2011-06-22 07:00:00,167.50462
2011-06-22 08:00:00,219.36136
2011-06-22 09:00:00,199.95099
2011-06-22 10:00:00,271.49844
2011-06-22 11:00:00,264.33344
2011-06-22 12:00:00,341.81296
2011-06-22 13:00:00,361.36942
2011-06-22 14:00:00,375.92407
2011-06-22 15:00:00,369.18433
2011-06-22 16:00:00,361.73398
2011-06-22 17:00:00,365.6788
2011-06-22 18:00:00,349.32748
2011-06-22 19:00:00,360.93887
2011-06-22 20:00:00,235.63034
2011-06-22 21:00:00,209.61813
2011-06-22 22:00:00,223.294
2011-06-22 23:00:00,223.66162
2011-06-23 00:00:00,213.17677
2011-06-23 01:00:00,245.81302
2011-06-23 02:00:00,245.81302
2011-06-23 03:00:00,244.98349
2011-06-23 04:00:00,197.71956
2011-06-23 05:00:00,232.58719
2011-06-23 06:00:00,232.58719
2011-06-23 07:00:00,244.07947
2011-06-23 08:00:00,268.5716
2011-06-23 09:00:00,267.8375
2011-06-23 10:00:00,290.84988
2011-06-23 11:00:00,296.24545
2011-06-23 12:00:00,298.80603
2011-06-23 13:00:00,313.48532
2011-06-23 14:00:00,298.98923
2011-06-23 15:00:00,355.56842
2011-06-23 16:00:00,302.18042
2011-06-23 17:00:00,262.04807
2011-06-23 18:00:00,264.97504
2011-06-23 19:00:00,264.241
2011-06-23 20:00:00,232.08932
2011-06-23 21:00:00,225.46536
2011-06-23 22:00:00,234.2294
2011-06-23 23:00:00,237.15631
2011-06-24 00:00:00,179.10535
2011-06-24 01:00:00,169.04742
2011-06-24 02:00:00,169.04742
2011-06-24 03:00:00,153.75754
2011-06-24 04:00:00,152.8147
2011-06-24 05:00:00,138.73242
2011-06-24 06:00:00,153.37964
2011-06-24 07:00:00,164.01297
2011-06-24 08:00:00,232.08932
2011-06-24 09:00:00,294.7955
2011-06-24 10:00:00,390.6556
2011-06-24 11:00:00,400.74026
2011-06-24 12:00:00,393.0859
2011-06-24 13:00:00,378.8395
2011-06-24 14:00:00,383.48532
2011-06-24 15:00:00,405.827
2011-06-24 16:00:00,403.3222
2011-06-24 17:00:00,376.60284
2011-06-24 18:00:00,385.3577
2011-06-24 19:00:00,361.87195
2011-06-24 20:00:00,332.07025
2011-06-24 21:00:00,314.36673
2011-06-24 22:00:00,279.26483
2011-06-24 23:00:00,302.61142
2011-06-25 00:00:00,367.37347
2011-06-25 01:00:00,338.09784
2011-06-25 02:00:00,350.02463
2011-06-25 03:00:00,293.37177
2011-06-25 04:00:00,293.37177
2011-06-25 05:00:00,244.36983
2011-06-25 06:00:00,299.9958
2011-06-25 07:00:00,313.2216
2011-06-25 08:00:00,378.83908
2011-06-25 09:00:00,397.64957
2011-06-25 10:00:00,395.29526
2011-06-25 11:00:00,328.68253
2011-06-25 12:00:00,425.65
2011-06-25 13:00:00,425.65
2011-06-25 14:00:00,406.74268
2011-06-25 15:00:00,315.87015
2011-06-25 16:00:00,424.08777
2011-06-25 17:00:00,414.87784
2011-06-25 18:00:00,397.64957
2011-06-25 19:00:00,387.74896
2011-06-25 20:00:00,377.11523
2011-06-25 21:00:00,341.2645
2011-06-25 22:00:00,373.9753
2011-06-25 23:00:00,351.30948
2011-06-26 00:00:00,255.38895
2011-06-26 01:00:00,299.65308
2011-06-26 02:00:00,267.90686
2011-06-26 03:00:00,212.54901
2011-06-26 04:00:00,209.24808
2011-06-26 05:00:00,189.39825
2011-06-26 06:00:00,189.39825
2011-06-26 07:00:00,214.61726
2011-06-26 08:00:00,267.2628
2011-06-26 09:00:00,295.46213
2011-06-26 10:00:00,348.75214
2011-06-26 11:00:00,372.61835
2011-06-26 12:00:00,401.7044
2011-06-26 13:00:00,334.2537
2011-06-26 14:00:00,393.88947
2011-06-26 15:00:00,334.2537
2011-06-26 16:00:00,407.0629
2011-06-26 17:00:00,389.5944
2011-06-26 18:00:00,395.45663
2011-06-26 19:00:00,370.73032
2011-06-26 20:00:00,357.63797
2011-06-26 21:00:00,332.6054
2011-06-26 22:00:00,280.30573
2011-06-26 23:00:00,309.66028
2011-06-27 00:00:00,208.62845
2011-06-27 01:00:00,166.60602
2011-06-27 02:00:00,176.19461
2011-06-27 03:00:00,176.19461
2011-06-27 04:00:00,154.44452
2011-06-27 05:00:00,157.17593
2011-06-27 06:00:00,168.0923
2011-06-27 07:00:00,210.08733
2011-06-27 08:00:00,202.04779
2011-06-27 09:00:00,267.26395
2011-06-27 10:00:00,302.36584
2011-06-27 11:00:00,253.34157
2011-06-27 12:00:00,267.26395
2011-06-27 13:00:00,310.3851
2011-06-27 14:00:00,282.06378
2011-06-27 15:00:00,270.40042
2011-06-27 16:00:00,302.0897
2011-06-27 17:00:00,309.87848
2011-06-27 18:00:00,279.13644
2011-06-27 19:00:00,297.5115
2011-06-27 20:00:00,258.5847
2011-06-27 21:00:00,209.4057
2011-06-27 22:00:00,185.88705
2011-06-27 23:00:00,185.88705
2011-06-28 00:00:00,176.79935
2011-06-28 01:00:00,166.67
2011-06-28 02:00:00,174.01114
2011-06-28 03:00:00,174.01114
2011-06-28 04:00:00,166.67
2011-06-28 05:00:00,159.39594
2011-06-28 06:00:00,153.75754
2011-06-28 07:00:00,158.95996
2011-06-28 08:00:00,186.22728
2011-06-28 09:00:00,203.91264
2011-06-28 10:00:00,348.38663
2011-06-28 11:00:00,317.2374
2011-06-28 12:00:00,378.89444
2011-06-28 13:00:00,324.9712
2011-06-28 14:00:00,390.66208
2011-06-28 15:00:00,338.60562
2011-06-28 16:00:00,401.66846
2011-06-28 17:00:00,364.8082
2011-06-28 18:00:00,362.3842
2011-06-28 19:00:00,321.84396
2011-06-28 20:00:00,235.1086
2011-06-28 21:00:00,289.51077
2011-06-28 22:00:00,252.01889
2011-06-28 23:00:00,251.8357
2011-06-29 00:00:00,201.4194
2011-06-29 01:00:00,202.25607
2011-06-29 02:00:00,154.51208
2011-06-29 03:00:00,161.8703
2011-06-29 04:00:00,153.00296
2011-06-29 05:00:00,149.30844
2011-06-29 06:00:00,239.3649
2011-06-29 07:00:00,321.68036
2011-06-29 08:00:00,348.8814
2011-06-29 09:00:00,368.97675
2011-06-29 10:00:00,375.04538
2011-06-29 11:00:00,369.30005
2011-06-29 12:00:00,375.12366
2011-06-29 13:00:00,382.72302
2011-06-29 14:00:00,362.277
2011-06-29 15:00:00,357.04605
2011-06-29 16:00:00,395.64096
2011-06-29 17:00:00,377.71176
2011-06-29 18:00:00,371.19073
2011-06-29 19:00:00,400.17896
2011-06-29 20:00:00,381.51733
2011-06-29 21:00:00,360.60226
2011-06-29 22:00:00,341.032
2011-06-29 23:00:00,326.834
2011-06-30 00:00:00,307.27762
2011-06-30 01:00:00,289.5741
2011-06-30 02:00:00,277.53085
2011-06-30 03:00:00,257.7374
2011-06-30 04:00:00,211.34258
2011-06-30 05:00:00,223.79387
2011-06-30 06:00:00,241.19313
2011-06-30 07:00:00,259.63724
2011-06-30 08:00:00,334.64896
2011-06-30 09:00:00,348.84695
2011-06-30 10:00:00,346.32315
2011-06-30 11:00:00,344.91733
2011-06-30 12:00:00,357.6334
2011-06-30 13:00:00,361.97772
2011-06-30 14:00:00,359.4778
2011-06-30 15:00:00,346.86163
2011-06-30 16:00:00,335.73578
2011-06-30 17:00:00,370.48984
2011-06-30 18:00:00,358.7819
2011-06-30 19:00:00,358.13736
2011-06-30 20:00:00,358.13736
2011-06-30 21:00:00,333.70413
2011-06-30 22:00:00,333.24316
2011-06-30 23:00:00,260.57693
2011-07-20 00:00:00,161.11172
2011-07-20 01:00:00,159.79086
2011-07-20 02:00:00,159.79086
2011-07-20 03:00:00,161.11172
2011-07-20 04:00:00,156.50795
2011-07-20 05:00:00,157.82872
2011-07-20 06:00:00,157.43948
2011-07-20 07:00:00,169.979
2011-07-20 08:00:00,189.78033
2011-07-20 09:00:00,246.07953
2011-07-20 10:00:00,213.31854
2011-07-20 11:00:00,304.1927
2011-07-20 12:00:00,285.54443
2011-07-20 13:00:00,357.31207
2011-07-20 14:00:00,376.88235
2011-07-20 15:00:00,365.87595
2011-07-20 16:00:00,304.8118
2011-07-20 17:00:00,352.7147
2011-07-20 18:00:00,360.5297
2011-07-20 19:00:00,326.14294
2011-07-20 20:00:00,292.39755
2011-07-20 21:00:00,319.2483
2011-07-20 22:00:00,297.05417
2011-07-20 23:00:00,263.87656
2011-07-21 00:00:00,260.94965
2011-07-21 01:00:00,212.38065
2011-07-21 02:00:00,212.38065
2011-07-21 03:00:00,221.11044
2011-07-21 04:00:00,176.89902
2011-07-21 05:00:00,176.89902
2011-07-21 06:00:00,176.89902
2011-07-21 07:00:00,192.5308
2011-07-21 08:00:00,245.51468
2011-07-21 09:00:00,287.62524
2011-07-21 10:00:00,319.3375
2011-07-21 11:00:00,372.60913
2011-07-21 12:00:00,408.64743
2011-07-21 13:00:00,400.8325
2011-07-21 14:00:00,432.78885
2011-07-21 15:00:00,402.75748
2011-07-21 16:00:00,424.77045
2011-07-21 17:00:00,431.00974
2011-07-21 18:00:00,413.2908
2011-07-21 19:00:00,362.8853
2011-07-21 20:00:00,333.01846
2011-07-21 21:00:00,309.7969
2011-07-21 22:00:00,319.39084
2011-07-21 23:00:00,306.3624
2011-07-22 00:00:00,325.06772
2011-07-22 01:00:00,262.0258
2011-07-22 02:00:00,238.52805
2011-07-22 03:00:00,254.00528
2011-07-22 04:00:00,236.225
2011-07-22 05:00:00,196.3923
2011-07-22 06:00:00,232.92404
2011-07-22 07:00:00,299.26834
2011-07-22 08:00:00,333.81003
2011-07-22 09:00:00,327.72507
2011-07-22 10:00:00,359.8668
2011-07-22 11:00:00,366.47952
2011-07-22 12:00:00,400.73325
2011-07-22 13:00:00,398.01498
2011-07-22 14:00:00,444.8845
2011-07-22 15:00:00,433.11685
2011-07-22 16:00:00,399.06168
2011-07-22 17:00:00,363.90662
2011-07-22 18:00:00,389.36
2011-07-22 19:00:00,361.5426
2011-07-22 20:00:00,304.8118
2011-07-22 21:00:00,318.25748
2011-07-22 22:00:00,336.98608
2011-07-22 23:00:00,331.63452
2011-07-23 00:00:00,306.51492
2011-07-23 01:00:00,369.8068
2011-07-23 02:00:00,320.62775
2011-07-23 03:00:00,287.3612
2011-07-23 04:00:00,276.9384
2011-07-23 05:00:00,305.59262
2011-07-23 06:00:00,374.4251
2011-07-23 07:00:00,360.40085
2011-07-23 08:00:00,439.6892
2011-07-23 09:00:00,416.29666
2011-07-23 10:00:00,452.5624
2011-07-23 11:00:00,456.34912
2011-07-23 12:00:00,444.95227
2011-07-23 13:00:00,461.19894
2011-07-23 14:00:00,404.44373
2011-07-23 15:00:00,422.06073
2011-07-23 16:00:00,455.3558
2011-07-23 17:00:00,455.3558
2011-07-23 18:00:00,471.6383
2011-07-23 19:00:00,375.78973
2011-07-23 20:00:00,386.1954
2011-07-23 21:00:00,386.1954
2011-07-23 22:00:00,365.84763
2011-07-23 23:00:00,336.4266
2011-07-24 00:00:00,336.4266
2011-07-24 01:00:00,290.66208
2011-07-24 02:00:00,315.30167
2011-07-24 03:00:00,315.30167
2011-07-24 04:00:00,290.66208
2011-07-24 05:00:00,287.3612
2011-07-24 06:00:00,331.2347
2011-07-24 07:00:00,350.4508
2011-07-24 08:00:00,403.98907
2011-07-24 09:00:00,405.274
2011-07-24 10:00:00,448.07202
2011-07-24 11:00:00,425.37778
2011-07-24 12:00:00,444.54715
2011-07-24 13:00:00,441.5009
2011-07-24 14:00:00,447.5212
2011-07-24 15:00:00,472.53708
2011-07-24 16:00:00,472.53708
2011-07-24 17:00:00,438.12582
2011-07-24 18:00:00,441.97427
2011-07-24 19:00:00,425.89716
2011-07-24 20:00:00,416.29666
2011-07-24 21:00:00,330.56943
2011-07-24 22:00:00,250.91656
2011-07-24 23:00:00,265.6448
2011-07-25 00:00:00,229.25159
2011-07-25 01:00:00,251.04034
2011-07-25 02:00:00,211.20767
2011-07-25 03:00:00,170.23282
2011-07-25 04:00:00,167.84341
2011-07-25 05:00:00,167.84341
2011-07-25 06:00:00,176.7107
2011-07-25 07:00:00,184.35947
2011-07-25 08:00:00,210.84845
2011-07-25 09:00:00,252.16426
2011-07-25 10:00:00,285.54443
2011-07-25 11:00:00,348.3386
2011-07-25 12:00:00,348.3386
2011-07-25 13:00:00,253.13866
2011-07-25 14:00:00,223.29407
2011-07-25 15:00:00,194.32953
2011-07-25 16:00:00,166.81688
2011-07-25 17:00:00,183.34483
2011-07-25 18:00:00,225.7276
2011-07-25 19:00:00,246.07953
2011-07-25 20:00:00,225.96317
2011-07-25 21:00:00,159.79086
2011-07-25 22:00:00,159.79086
2011-07-25 23:00:00,160.92334
2011-07-26 00:00:00,173.00143
2011-07-26 01:00:00,173.00143
2011-07-26 02:00:00,148.57224
2011-07-26 03:00:00,148.94891
2011-07-26 04:00:00,150.86954
2011-07-26 05:00:00,141.45
2011-07-26 06:00:00,159.62039
2011-07-26 07:00:00,280.9684
2011-07-26 08:00:00,325.48224
2011-07-26 09:00:00,369.04224
2011-07-26 10:00:00,366.82565
2011-07-26 11:00:00,332.0666
2011-07-26 12:00:00,327.88208
2011-07-26 13:00:00,387.25977
2011-07-26 14:00:00,380.80362
2011-07-26 15:00:00,383.4346
2011-07-26 16:00:00,402.01993
2011-07-26 17:00:00,413.85556
2011-07-26 18:00:00,420.81992
2011-07-26 19:00:00,399.84116
2011-07-26 20:00:00,376.37656
2011-07-26 21:00:00,356.82007
2011-07-26 22:00:00,315.18204
2011-07-26 23:00:00,302.79584
2011-07-27 00:00:00,330.37607
2011-07-27 01:00:00,349.00516
2011-07-27 02:00:00,357.0273
2011-07-27 03:00:00,305.93814
2011-07-27 04:00:00,328.8099
2011-07-27 05:00:00,322.4144
2011-07-27 06:00:00,321.68036
2011-07-27 07:00:00,350.87778
2011-07-27 08:00:00,367.23044
2011-07-27 09:00:00,375.12366
2011-07-27 10:00:00,327.8989
2011-07-27 11:00:00,330.2601
2011-07-27 12:00:00,375.21014
2011-07-27 13:00:00,389.35812
2011-07-27 14:00:00,361.9436
2011-07-27 15:00:00,362.28763
2011-07-27 16:00:00,344.43323
2011-07-27 17:00:00,354.20786
2011-07-27 18:00:00,340.9803
2011-07-27 19:00:00,339.4111
2011-07-27 20:00:00,358.26865
2011-07-27 21:00:00,315.3059
2011-07-27 22:00:00,284.5684
2011-07-27 23:00:00,317.87558
2011-07-28 00:00:00,307.90265
2011-07-28 01:00:00,275.6517
2011-07-28 02:00:00,298.95322
2011-07-28 03:00:00,262.8394
2011-07-28 04:00:00,275.66782
2011-07-28 05:00:00,258.5847
2011-07-28 06:00:00,224.38913
2011-07-28 07:00:00,254.63965
2011-07-28 08:00:00,288.04276
2011-07-28 09:00:00,331.20392
2011-07-28 10:00:00,366.58682
2011-07-28 11:00:00,380.73077
2011-07-28 12:00:00,377.50082
2011-07-28 13:00:00,393.85355
2011-07-28 14:00:00,379.8768
2011-07-28 15:00:00,373.66476
2011-07-28 16:00:00,370.461
2011-07-28 17:00:00,361.89713
2011-07-28 18:00:00,365.12698
2011-07-28 19:00:00,345.5445
2011-07-28 20:00:00,331.63452
2011-07-28 21:00:00,312.48703
2011-07-28 22:00:00,282.98654
2011-07-28 23:00:00,256.05264
2011-07-29 00:00:00,209.61813
2011-07-29 01:00:00,202.99417
2011-07-29 02:00:00,170.23282
2011-07-29 03:00:00,170.23282
2011-07-29 04:00:00,168.40839
2011-07-29 05:00:00,166.711
2011-07-29 06:00:00,175.57819
2011-07-29 07:00:00,211.20767
2011-07-29 08:00:00,208.22809
2011-07-29 09:00:00,393.85355
2011-07-29 10:00:00,418.65176
2011-07-29 11:00:00,425.05124
2011-07-29 12:00:00,400.52808
2011-07-29 13:00:00,353.83817
2011-07-29 14:00:00,387.95416
2011-07-29 15:00:00,392.4876
2011-07-29 16:00:00,412.93362
2011-07-29 17:00:00,399.30295
2011-07-29 18:00:00,424.20016
2011-07-29 19:00:00,406.98514
2011-07-29 20:00:00,416.73328
2011-07-29 21:00:00,360.15427
2011-07-29 22:00:00,363.99036
2011-07-29 23:00:00,319.14847
2011-07-30 00:00:00,360.47928
2011-07-30 01:00:00,324.73505
2011-07-30 02:00:00,331.74716
2011-07-30 03:00:00,298.49292
2011-07-30 04:00:00,266.7467
2011-07-30 05:00:00,267.08936
2011-07-30 06:00:00,270.39026
2011-07-30 07:00:00,296.7661
2011-07-30 08:00:00,358.7479
2011-07-30 09:00:00,442.37283
2011-07-30 10:00:00,459.58682
2011-07-30 11:00:00,441.8353
2011-07-30 12:00:00,425.83716
2011-07-30 13:00:00,395.97568
2011-07-30 14:00:00,399.522
2011-07-30 15:00:00,427.68365
2011-07-30 16:00:00,426.59985
2011-07-30 17:00:00,415.41943
2011-07-30 18:00:00,421.99673
2011-07-30 19:00:00,424.42474
2011-07-30 20:00:00,412.3605
2011-07-30 21:00:00,401.3088
2011-07-30 22:00:00,350.99503
2011-07-30 23:00:00,324.73502
2011-07-31 00:00:00,324.73505
2011-07-31 01:00:00,281.96613
2011-07-31 02:00:00,259.91373
2011-07-31 03:00:00,232.10481
2011-07-31 04:00:00,204.26111
2011-07-31 05:00:00,210.78836
2011-07-31 06:00:00,213.95493
2011-07-31 07:00:00,317.97784
2011-07-31 08:00:00,367.10327
2011-07-31 09:00:00,324.0342
2011-07-31 10:00:00,436.01172
2011-07-31 11:00:00,414.66403
2011-07-31 12:00:00,414.31546
2011-07-31 13:00:00,401.74158
2011-07-31 14:00:00,406.29022
2011-07-31 15:00:00,407.8171
2011-07-31 16:00:00,402.05856
2011-07-31 17:00:00,380.4026
2011-07-31 18:00:00,468.16623
2011-07-31 19:00:00,397.46295
2011-07-31 20:00:00,397.46295
2011-07-31 21:00:00,370.90833
2011-07-31 22:00:00,280.08408
2011-07-31 23:00:00,289.6663
2011-08-20 00:00:00,106.59116
2011-08-20 01:00:00,119.13059
2011-08-20 02:00:00,128.93867
2011-08-20 03:00:00,128.93867
2011-08-20 04:00:00,115.45844
2011-08-20 05:00:00,116.39922
2011-08-20 06:00:00,126.96395
2011-08-20 07:00:00,119.13059
2011-08-20 08:00:00,177.70361
2011-08-20 09:00:00,220.51477
2011-08-20 10:00:00,279.62982
2011-08-20 11:00:00,256.86526
2011-08-20 12:00:00,317.97784
2011-08-20 13:00:00,345.77145
2011-08-20 14:00:00,411.61163
2011-08-20 15:00:00,422.67313
2011-08-20 16:00:00,416.209
2011-08-20 17:00:00,411.61163
2011-08-20 18:00:00,358.1533
2011-08-20 19:00:00,305.09473
2011-08-20 20:00:00,311.71872
2011-08-20 21:00:00,253.86353
2011-08-20 22:00:00,229.57974
2011-08-20 23:00:00,198.2376
2011-08-21 00:00:00,211.46346
2011-08-21 01:00:00,171.72742
2011-08-21 02:00:00,165.10349
2011-08-21 03:00:00,131.89473
2011-08-21 04:00:00,145.61847
2011-08-21 05:00:00,116.98773
2011-08-21 06:00:00,116.79938
2011-08-21 07:00:00,162.14523
2011-08-21 08:00:00,185.45119
2011-08-21 09:00:00,231.81113
2011-08-21 10:00:00,248.08011
2011-08-21 11:00:00,363.6451
2011-08-21 12:00:00,393.70145
2011-08-21 13:00:00,383.86453
2011-08-21 14:00:00,242.32487
2011-08-21 15:00:00,166.04083
2011-08-21 16:00:00,185.94907
2011-08-21 17:00:00,179.32507
2011-08-21 18:00:00,205.77673
2011-08-21 19:00:00,260.46536
2011-08-21 20:00:00,192.05307
2011-08-21 21:00:00,192.05307
2011-08-21 22:00:00,196.94344
2011-08-21 23:00:00,204.86157
2011-08-22 00:00:00,172.5035
2011-08-22 01:00:00,163.81134
2011-08-22 02:00:00,265.57172
2011-08-22 03:00:00,267.67007
2011-08-22 04:00:00,264.26706
2011-08-22 05:00:00,257.7436
2011-08-22 06:00:00,274.6542
2011-08-22 07:00:00,275.02188
2011-08-22 08:00:00,275.02188
2011-08-22 09:00:00,313.52393
2011-08-22 10:00:00,348.8814
2011-08-22 11:00:00,382.4351
2011-08-22 12:00:00,397.37976
2011-08-22 13:00:00,381.70453
2011-08-22 14:00:00,379.92053
2011-08-22 15:00:00,366.28986
2011-08-22 16:00:00,379.92053
2011-08-22 17:00:00,360.36295
2011-08-22 18:00:00,357.25894
2011-08-22 19:00:00,359.18164
2011-08-22 20:00:00,345.7906
2011-08-22 21:00:00,337.49847
2011-08-22 22:00:00,364.81158
2011-08-22 23:00:00,343.21375
2011-08-23 00:00:00,319.87607
2011-08-23 01:00:00,289.2274
2011-08-23 02:00:00,267.45157
2011-08-23 03:00:00,268.5532
2011-08-23 04:00:00,240.91768
2011-08-23 05:00:00,241.28409
2011-08-23 06:00:00,223.63937
2011-08-23 07:00:00,306.94785
2011-08-23 08:00:00,253.13574
2011-08-23 09:00:00,272.91278
2011-08-23 10:00:00,301.09988
2011-08-23 11:00:00,334.84726
2011-08-23 12:00:00,320.20917
2011-08-23 13:00:00,334.7298
2011-08-23 14:00:00,332.46307
2011-08-23 15:00:00,362.01358
2011-08-23 16:00:00,343.02454
2011-08-23 17:00:00,362.01358
2011-08-23 18:00:00,356.17044
2011-08-23 19:00:00,322.2599
2011-08-23 20:00:00,303.81577
2011-08-23 21:00:00,223.71208
2011-08-23 22:00:00,277.53085
2011-08-23 23:00:00,258.3717
2011-08-24 00:00:00,277.53085
2011-08-24 01:00:00,252.65985
2011-08-24 02:00:00,185.2336
2011-08-24 03:00:00,185.2336
2011-08-24 04:00:00,154.80115
2011-08-24 05:00:00,154.80115
2011-08-24 06:00:00,153.48038
2011-08-24 07:00:00,223.25
2011-08-24 08:00:00,206.15381
2011-08-24 09:00:00,230.29128
2011-08-24 10:00:00,304.76968
2011-08-24 11:00:00,331.13986
2011-08-24 12:00:00,335.61917
2011-08-24 13:00:00,373.17468
2011-08-24 14:00:00,373.17468
2011-08-24 15:00:00,373.54233
2011-08-24 16:00:00,358.49533
2011-08-24 17:00:00,357.76135
2011-08-24 18:00:00,335.2515
2011-08-24 19:00:00,335.2515
2011-08-24 20:00:00,313.49518
2011-08-24 21:00:00,292.4534
2011-08-24 22:00:00,274.80875
2011-08-24 23:00:00,247.90721
2011-08-25 00:00:00,225.85136
2011-08-25 01:00:00,249.00882
2011-08-25 02:00:00,249.00882
2011-08-25 03:00:00,217.67667
2011-08-25 04:00:00,197.82024
2011-08-25 05:00:00,176.13081
2011-08-25 06:00:00,169.04742
2011-08-25 07:00:00,201.97021
2011-08-25 08:00:00,235.14664
2011-08-25 09:00:00,261.31406
2011-08-25 10:00:00,287.50107
2011-08-25 11:00:00,184.45111
2011-08-25 12:00:00,184.45111
2011-08-25 13:00:00,173.00143
2011-08-25 14:00:00,199.27783
2011-08-25 15:00:00,219.84572
2011-08-25 16:00:00,166.711
2011-08-25 17:00:00,166.711
2011-08-25 18:00:00,182.83694
2011-08-25 19:00:00,194.89334
2011-08-25 20:00:00,188.91028
2011-08-25 21:00:00,182.06488
2011-08-25 22:00:00,146.23325
2011-08-25 23:00:00,147.36572
2011-08-26 00:00:00,147.93066
2011-08-26 01:00:00,146.23325
2011-08-26 02:00:00,138.10876
2011-08-26 03:00:00,135.01459
2011-08-26 04:00:00,136.41133
2011-08-26 05:00:00,145.2786
2011-08-26 06:00:00,136.41133
2011-08-26 07:00:00,146.8565
2011-08-26 08:00:00,153.00296
2011-08-26 09:00:00,173.939
2011-08-26 10:00:00,263.1627
2011-08-26 11:00:00,260.44748
2011-08-26 12:00:00,283.0611
2011-08-26 13:00:00,303.4352
2011-08-26 14:00:00,276.13852
2011-08-26 15:00:00,333.99805
2011-08-26 16:00:00,301.3472
2011-08-26 17:00:00,256.79965
2011-08-26 18:00:00,253.13866
2011-08-26 19:00:00,186.72511
2011-08-26 20:00:00,183.4242
2011-08-26 21:00:00,199.95099
2011-08-26 22:00:00,186.72516
2011-08-26 23:00:00,160.92337
2011-08-27 00:00:00,134.0091
2011-08-27 01:00:00,139.58916
2011-08-27 02:00:00,146.19098
2011-08-27 03:00:00,170.93126
2011-08-27 04:00:00,170.93126
2011-08-27 05:00:00,187.45801
2011-08-27 06:00:00,187.45801
2011-08-27 07:00:00,200.68391
2011-08-27 08:00:00,177.53314
2011-08-27 09:00:00,213.90973
2011-08-27 10:00:00,245.43497
2011-08-27 11:00:00,167.88576
2011-08-27 12:00:00,202.98755
2011-08-27 13:00:00,201.7039
2011-08-27 14:00:00,165.76637
2011-08-27 15:00:00,165.76637
2011-08-27 16:00:00,165.39998
2011-08-27 17:00:00,169.25323
2011-08-28 07:00:00,178.51897
2011-08-28 08:00:00,185.0052
2011-08-28 09:00:00,237.64833
2011-08-28 10:00:00,325.89798
2011-08-28 11:00:00,336.37985
2011-08-28 12:00:00,381.3773
2011-08-28 13:00:00,415.9995
2011-08-28 14:00:00,434.0981
2011-08-28 15:00:00,433.3641
2011-08-28 16:00:00,459.95483
2011-08-28 17:00:00,437.32132
2011-08-28 18:00:00,414.87784
2011-08-28 19:00:00,348.75214
2011-08-28 20:00:00,358.59412
2011-08-28 21:00:00,259.67416
2011-08-28 22:00:00,191.18726
2011-08-28 23:00:00,155.38443
2011-08-29 00:00:00,169.38635
2011-08-29 01:00:00,189.8581
2011-08-29 02:00:00,209.68576
2011-08-29 03:00:00,189.8581
2011-08-29 04:00:00,175.53972
2011-08-29 05:00:00,155.17783
2011-08-29 06:00:00,155.17783
2011-08-29 07:00:00,258.47137
2011-08-29 08:00:00,280.59415
2011-08-29 09:00:00,298.23883
2011-08-29 10:00:00,329.34546
2011-08-29 11:00:00,313.74176
2011-08-29 12:00:00,321.13318
2011-08-29 13:00:00,292.41428
2011-08-29 14:00:00,290.32635
2011-08-29 15:00:00,333.24316
2011-08-29 16:00:00,338.53436
2011-08-29 17:00:00,333.69717
2011-08-29 18:00:00,335.85977
2011-08-29 19:00:00,335.85977
2011-08-29 20:00:00,297.38904
2011-08-29 21:00:00,303.0818
2011-08-29 22:00:00,277.53085
2011-08-29 23:00:00,246.6311
2011-08-30 00:00:00,155.17783
2011-08-30 01:00:00,168.93787
2011-08-30 02:00:00,152.08362
2011-08-30 03:00:00,153.21484
2011-08-30 04:00:00,143.93579
2011-08-30 05:00:00,142.99292
2011-08-30 06:00:00,152.08362
2011-08-30 07:00:00,175.53972
2011-08-30 08:00:00,277.53085
2011-08-30 09:00:00,322.2599
2011-08-30 10:00:00,355.3111
2011-08-30 11:00:00,357.09668
2011-08-30 12:00:00,306.39105
2011-08-30 13:00:00,341.438
2011-08-30 14:00:00,352.31378
2011-08-30 15:00:00,365.45966
2011-08-30 16:00:00,352.73233
2011-08-30 17:00:00,346.32315
2011-08-30 18:00:00,326.77908
2011-08-30 19:00:00,287.77942
2011-08-30 20:00:00,260.57693
2011-08-30 21:00:00,227.99722
2011-08-30 22:00:00,203.67813
2011-08-30 23:00:00,203.67813
2011-08-31 00:00:00,165.65225
2011-08-31 01:00:00,165.65225
2011-08-31 02:00:00,153.48038
2011-08-31 03:00:00,145.76662
2011-08-31 04:00:00,153.48038
2011-08-31 05:00:00,136.46783
2011-08-31 06:00:00,144.59181
2011-08-31 07:00:00,153.32372
2011-08-31 08:00:00,169.51184
2011-08-31 09:00:00,201.88824
2011-08-31 10:00:00,311.17532
2011-08-31 11:00:00,330.7194
2011-08-31 12:00:00,333.86823
2011-08-31 13:00:00,337.12854
2011-08-31 14:00:00,338.45325
2011-08-31 15:00:00,338.45325
2011-08-31 16:00:00,336.02292
2011-08-31 17:00:00,324.25522
2011-08-31 18:00:00,331.32135
2011-08-31 19:00:00,386.68326
2011-08-31 20:00:00,284.37967
2011-08-31 21:00:00,255.76514
2011-08-31 22:00:00,172.99648
2011-08-31 23:00:00,154.64456
2011-09-20 00:00:00,167.64381
2011-09-20 01:00:00,138.56429
2011-09-20 02:00:00,138.56429
2011-09-20 03:00:00,147.03255
2011-09-20 04:00:00,130.07365
2011-09-20 05:00:00,138.94093
2011-09-20 06:00:00,138.94093
2011-09-20 07:00:00,138.56429
2011-09-20 08:00:00,139.30626
2011-09-20 09:00:00,138.92963
2011-09-20 10:00:00,150.14908
2011-09-20 11:00:00,150.14908
2011-09-20 12:00:00,132.02536
2011-09-20 13:00:00,131.64742
2011-09-20 14:00:00,144.38992
2011-09-20 15:00:00,166.22939
2011-09-20 16:00:00,154.44452
2011-09-20 17:00:00,144.82265
2011-09-20 18:00:00,144.82265
2011-09-20 19:00:00,133.07053
2011-09-20 20:00:00,121.0827
2011-09-20 21:00:00,121.08271
2011-09-20 22:00:00,121.08271
2011-09-20 23:00:00,121.08271
2011-09-21 00:00:00,109.10866
2011-09-21 01:00:00,118.3652
2011-09-21 02:00:00,118.3652
2011-09-21 03:00:00,128.3649
2011-09-21 04:00:00,119.6734
2011-09-21 05:00:00,120.05133
2011-09-21 06:00:00,120.42801
2011-09-21 07:00:00,120.42801
2011-09-21 08:00:00,119.29677
2011-09-21 09:00:00,121.82596
2011-09-21 10:00:00,142.56107
2011-09-21 11:00:00,157.17593
2011-09-21 12:00:00,166.66429
2011-09-21 13:00:00,213.46494
2011-09-21 14:00:00,213.83133
2011-09-21 15:00:00,200.33636
2011-09-21 16:00:00,200.33636
2011-09-21 17:00:00,211.27203
2011-09-21 18:00:00,166.66638
2011-09-21 19:00:00,142.79506
2011-09-21 20:00:00,142.79506
2011-09-21 21:00:00,118.869865
2011-09-21 22:00:00,133.92778
2011-09-21 23:00:00,121.55559
2011-09-22 00:00:00,121.55559
2011-09-22 01:00:00,130.23456
2011-09-22 02:00:00,130.42285
2011-09-22 03:00:00,130.23456
2011-09-22 04:00:00,130.23456
2011-09-22 05:00:00,130.42285
2011-09-22 06:00:00,119.43486
2011-09-22 07:00:00,119.05819
2011-09-22 08:00:00,119.812775
2011-09-22 09:00:00,136.37982
2011-09-22 10:00:00,149.29727
2011-09-22 11:00:00,148.9193
2011-09-22 12:00:00,162.62488
2011-09-22 13:00:00,163.00146
2011-09-22 14:00:00,164.01297
2011-09-22 15:00:00,190.61978
2011-09-22 16:00:00,216.63208
2011-09-22 17:00:00,169.39566
2011-09-22 18:00:00,157.04453
2011-09-22 19:00:00,147.59976
2011-09-22 20:00:00,135.62527
2011-09-22 21:00:00,147.59976
2011-09-22 22:00:00,121.601326
2011-09-22 23:00:00,133.92778
2011-09-23 00:00:00,146.39816
2011-09-23 01:00:00,129.07535
2011-09-23 02:00:00,130.39612
2011-09-23 03:00:00,129.07535
2011-09-23 04:00:00,137.94263
2011-09-23 05:00:00,145.26572
2011-09-23 06:00:00,146.39816
2011-09-23 07:00:00,155.83047
2011-09-23 08:00:00,155.83047
2011-09-23 09:00:00,142.37149
2011-09-23 10:00:00,141.99483
2011-09-23 11:00:00,141.99486
2011-09-23 12:00:00,155.4538
2011-09-23 13:00:00,139.07509
2011-09-23 14:00:00,139.07509
2011-09-23 15:00:00,155.4538
2011-09-23 16:00:00,154.13298
2011-09-23 17:00:00,129.07535
2011-09-23 18:00:00,120.208015
2011-09-23 19:00:00,138.09589
2011-09-23 20:00:00,131.5727
2011-09-23 21:00:00,122.28337
2011-09-23 22:00:00,133.64804
2011-09-23 23:00:00,136.46031
2011-09-24 00:00:00,99.925385
2011-09-24 01:00:00,118.04914
2011-09-24 02:00:00,118.04914
2011-09-24 03:00:00,108.04937
2011-09-24 04:00:00,106.63874
2011-09-24 05:00:00,115.506004
2011-09-24 06:00:00,115.506004
2011-09-24 07:00:00,124.76253
2011-09-24 08:00:00,124.22011
2011-09-24 09:00:00,127.928825
2011-09-24 10:00:00,127.928825
2011-09-24 11:00:00,140.4683
2011-09-24 12:00:00,140.4683
2011-09-24 13:00:00,144.42108
2011-09-24 14:00:00,232.12262
2011-09-24 15:00:00,232.12262
2011-09-24 16:00:00,182.38712
2011-09-24 17:00:00,207.40448
2011-09-24 18:00:00,167.57178
2011-09-24 19:00:00,120.646645
2011-09-24 20:00:00,130.46854
2011-09-24 21:00:00,131.601
2011-09-24 22:00:00,129.51387
2011-09-24 23:00:00,127.928825
2011-09-25 00:00:00,126.79635
2011-09-25 01:00:00,128.11714
2011-09-25 02:00:00,122.20461
2011-09-25 03:00:00,122.20461
2011-09-25 04:00:00,123.90201
2011-09-25 05:00:00,119.061554
2011-09-25 06:00:00,128.11714
2011-09-25 07:00:00,115.034805
2011-09-25 08:00:00,129.51387
2011-09-25 09:00:00,139.95901
2011-09-25 10:00:00,139.95901
2011-09-25 11:00:00,201.98376
2011-09-25 12:00:00,172.23119
2011-09-25 13:00:00,212.06384
2011-09-25 14:00:00,172.23119
2011-09-25 15:00:00,172.23119
2011-09-25 16:00:00,229.7237
2011-09-25 17:00:00,193.94754
2011-09-25 18:00:00,193.94754
2011-09-25 19:00:00,137.50749
2011-09-25 20:00:00,132.2242
2011-09-25 21:00:00,110.42829
2011-09-25 22:00:00,121.779106
2011-09-25 23:00:00,119.48388
2011-09-26 00:00:00,145.26572
2011-09-26 01:00:00,157.93732
2011-09-26 02:00:00,157.93732
2011-09-26 03:00:00,145.26572
2011-09-26 04:00:00,146.39816
2011-09-26 05:00:00,156.61649
2011-09-26 06:00:00,146.39816
2011-09-26 07:00:00,145.26572
2011-09-26 08:00:00,145.26572
2011-09-26 09:00:00,160.25717
2011-09-26 10:00:00,160.25717
2011-09-26 11:00:00,224.91565
2011-09-26 12:00:00,229.80617
2011-09-26 13:00:00,270.42636
2011-09-26 14:00:00,280.1022
2011-09-26 15:00:00,325.7812
2011-09-26 16:00:00,309.35446
2011-09-26 17:00:00,273.4782
2011-09-26 18:00:00,164.34094
2011-09-26 19:00:00,165.69531
2011-09-26 20:00:00,150.63539
2011-09-26 21:00:00,150.63539
2011-09-26 22:00:00,138.09589
2011-09-26 23:00:00,138.09589
2011-09-27 00:00:00,138.09589
2011-09-27 01:00:00,138.4738
2011-09-27 02:00:00,137.71927
2011-09-27 03:00:00,145.26572
2011-09-27 04:00:00,155.2655
2011-09-27 05:00:00,155.2655
2011-09-27 06:00:00,146.58649
2011-09-27 07:00:00,146.58649
2011-09-27 08:00:00,159.12592
2011-09-27 09:00:00,169.12448
2011-09-27 10:00:00,158.92592
2011-09-27 11:00:00,161.84354
2011-09-27 12:00:00,162.22012
2011-09-27 13:00:00,271.1603
2011-09-27 14:00:00,216.5803
2011-09-27 15:00:00,187.1704
2011-09-27 16:00:00,196.57526
2011-09-27 17:00:00,162.97473
2011-09-27 18:00:00,160.63507
2011-09-27 19:00:00,159.50266
2011-09-27 20:00:00,167.3792
2011-09-27 21:00:00,154.83975
2011-09-27 22:00:00,146.16418
2011-09-27 23:00:00,146.16418
2011-09-28 00:00:00,145.03174
2011-09-28 01:00:00,145.03174
2011-09-28 02:00:00,148.23828
2011-09-28 03:00:00,141.57246
2011-09-28 04:00:00,145.03174
2011-09-28 05:00:00,140.44003
2011-09-28 06:00:00,151.38264
2011-09-28 07:00:00,151.38264
2011-09-28 08:00:00,156.96295
2011-09-28 09:00:00,156.96295
2011-09-28 10:00:00,145.26572
2011-09-28 11:00:00,176.74762
2011-09-28 12:00:00,193.42957
2011-09-28 13:00:00,273.71964
2011-09-28 14:00:00,335.17645
2011-09-28 15:00:00,273.4782
2011-09-28 16:00:00,286.70407
2011-09-28 17:00:00,288.0326
2011-09-28 18:00:00,206.65709
2011-09-28 19:00:00,206.65704
2011-09-28 20:00:00,181.60052
2011-09-28 21:00:00,159.82436
2011-09-28 22:00:00,146.16418
2011-09-28 23:00:00,133.27019
2011-09-29 00:00:00,134.02472
2011-09-29 01:00:00,131.52734
2011-09-29 02:00:00,131.52734
2011-09-29 03:00:00,142.892
2011-09-29 04:00:00,156.35103
2011-09-29 05:00:00,155.21976
2011-09-29 06:00:00,155.03148
2011-09-29 07:00:00,146.72916
2011-09-29 08:00:00,154.83975
2011-09-29 09:00:00,208.98993
2011-09-29 10:00:00,284.13293
2011-09-29 11:00:00,296.20056
2011-09-29 12:00:00,309.934
2011-09-29 13:00:00,304.7234
2011-09-29 14:00:00,364.23917
2011-09-29 15:00:00,391.80783
2011-09-29 16:00:00,408.74698
2011-09-29 17:00:00,373.34155
2011-09-29 18:00:00,373.25943
2011-09-29 19:00:00,315.3407
2011-09-29 20:00:00,305.45212
2011-09-29 21:00:00,242.8858
2011-09-29 22:00:00,184.97339
2011-09-29 23:00:00,154.51913
2011-09-30 00:00:00,145.26263
2011-09-30 01:00:00,154.33078
2011-09-30 02:00:00,145.26263
2011-09-30 03:00:00,145.26266
2011-09-30 04:00:00,146.39386
2011-09-30 05:00:00,146.39386
2011-09-30 06:00:00,146.77179
2011-09-30 07:00:00,146.77179
2011-09-30 08:00:00,157.62717
2011-09-30 09:00:00,195.31564
2011-09-30 10:00:00,224.04655
2011-09-30 11:00:00,303.68213
2011-09-30 12:00:00,320.17514
2011-09-30 13:00:00,371.51627
2011-09-30 14:00:00,365.5717
2011-09-30 15:00:00,354.3479
2011-09-30 16:00:00,334.80338
2011-09-30 17:00:00,334.43576
2011-09-30 18:00:00,328.17722
2011-09-30 19:00:00,296.96133
2011-09-30 20:00:00,296.96133
2011-09-30 21:00:00,274.08386
2011-09-30 22:00:00,275.73636
2011-09-30 23:00:00,275.73636
2011-10-20 00:00:00,136.19342
2011-10-20 01:00:00,146.20444
2011-10-20 02:00:00,148.70097
2011-10-20 03:00:00,149.74374
2011-10-20 04:00:00,149.74374
2011-10-20 05:00:00,144.56302
2011-10-20 06:00:00,135.38371
2011-10-20 07:00:00,137.48618
2011-10-20 08:00:00,191.05734
2011-10-20 09:00:00,191.79135
2011-10-20 10:00:00,233.95227
2011-10-20 11:00:00,261.05652
2011-10-20 12:00:00,286.72794
2011-10-20 13:00:00,290.62866
2011-10-20 14:00:00,275.497
2011-10-20 15:00:00,275.59103
2011-10-20 16:00:00,275.59103
2011-10-20 17:00:00,288.09058
2011-10-20 18:00:00,265.21307
2011-10-20 19:00:00,268.13998
2011-10-20 20:00:00,265.58072
2011-10-20 21:00:00,258.88318
2011-10-20 22:00:00,259.25076
2011-10-20 23:00:00,218.91187
2011-10-21 00:00:00,192.74437
2011-10-21 01:00:00,192.37798
2011-10-21 02:00:00,153.16565
2011-10-21 03:00:00,138.15396
2011-10-21 04:00:00,138.53188
2011-10-21 05:00:00,128.46341
2011-10-21 06:00:00,138.53188
2011-10-21 07:00:00,138.53188
2011-10-21 08:00:00,189.67146
2011-10-21 09:00:00,215.25095
2011-10-21 10:00:00,265.75473
2011-10-21 11:00:00,310.0209
2011-10-21 12:00:00,310.93808
2011-10-21 13:00:00,289.5494
2011-10-21 14:00:00,332.71393
2011-10-21 15:00:00,310.75488
2011-10-21 16:00:00,310.38727
2011-10-21 17:00:00,264.6623
2011-10-21 18:00:00,242.90593
2011-10-21 19:00:00,244.55841
2011-10-21 20:00:00,242.53961
2011-10-21 21:00:00,217.81146
2011-10-21 22:00:00,235.45615
2011-10-21 23:00:00,192.37798
2011-10-22 00:00:00,175.66959
2011-10-22 01:00:00,175.66959
2011-10-22 02:00:00,188.89537
2011-10-22 03:00:00,162.44373
2011-10-22 04:00:00,125.1202
2011-10-22 05:00:00,123.98772
2011-10-22 06:00:00,113.55643
2011-10-22 07:00:00,105.055275
2011-10-22 08:00:00,119.00537
2011-10-22 09:00:00,129.57182
2011-10-22 10:00:00,193.31915
2011-10-22 11:00:00,193.31915
2011-10-22 12:00:00,227.25977
2011-10-22 13:00:00,275.1728
2011-10-22 14:00:00,316.39694
2011-10-22 15:00:00,292.81516
2011-10-22 16:00:00,335.02182
2011-10-22 17:00:00,237.16257
2011-10-22 18:00:00,224.11987
2011-10-22 19:00:00,130.62529
2011-10-22 20:00:00,127.89389
2011-10-22 21:00:00,111.29163
2011-10-22 22:00:00,111.29163
2011-10-22 23:00:00,99.3037
2011-10-23 00:00:00,88.87247
2011-10-23 01:00:00,88.87247
2011-10-23 02:00:00,85.17919
2011-10-23 03:00:00,86.141075
2011-10-23 04:00:00,86.141075
2011-10-23 05:00:00,83.423515
2011-10-23 06:00:00,82.63611
2011-10-23 07:00:00,85.17919
2011-10-23 08:00:00,86.367386
2011-10-23 09:00:00,111.29163
2011-10-23 10:00:00,122.85535
2011-10-23 11:00:00,132.82338
2011-10-23 12:00:00,256.8662
2011-10-23 13:00:00,279.4432
2011-10-23 14:00:00,286.06717
2011-10-23 15:00:00,292.4231
2011-10-23 16:00:00,279.4432
2011-10-23 17:00:00,204.30556
2011-10-23 18:00:00,197.7037
2011-10-23 19:00:00,117.91536
2011-10-23 20:00:00,124.04401
2011-10-23 21:00:00,124.04401
2011-10-23 22:00:00,113.78722
2011-10-23 23:00:00,114.54179
2011-10-24 00:00:00,139.56903
2011-10-24 01:00:00,130.8352
2011-10-24 02:00:00,122.744804
2011-10-24 03:00:00,130.27023
2011-10-24 04:00:00,129.13773
2011-10-24 05:00:00,118.69263
2011-10-24 06:00:00,122.744804
2011-10-24 07:00:00,118.08147
2011-10-24 08:00:00,133.54147
2011-10-24 09:00:00,145.52936
2011-10-24 10:00:00,149.37813
2011-10-24 11:00:00,184.30254
2011-10-24 12:00:00,206.87953
2011-10-24 13:00:00,241.10043
2011-10-24 14:00:00,240.73279
2011-10-24 15:00:00,268.7268
2011-10-24 16:00:00,242.92572
2011-10-24 17:00:00,195.36505
2011-10-24 18:00:00,247.3741
2011-10-24 19:00:00,157.77022
2011-10-24 20:00:00,141.35641
2011-10-24 21:00:00,130.91129
2011-10-24 22:00:00,152.91028
2011-10-24 23:00:00,146.15048
2011-10-25 00:00:00,143.99792
2011-10-25 01:00:00,143.99792
2011-10-25 02:00:00,133.55273
2011-10-25 03:00:00,121.424
2011-10-25 04:00:00,120.39008
2011-10-25 05:00:00,120.39008
2011-10-25 06:00:00,127.72712
2011-10-25 07:00:00,140.84628
2011-10-25 08:00:00,150.01416
2011-10-25 09:00:00,257.38638
2011-10-25 10:00:00,283.92026
2011-10-25 11:00:00,306.06375
2011-10-25 12:00:00,355.2238
2011-10-25 13:00:00,370.43668
2011-10-25 14:00:00,358.05057
2011-10-25 15:00:00,325.73544
2011-10-25 16:00:00,349.12802
2011-10-25 17:00:00,325.73544
2011-10-25 18:00:00,304.36725
2011-10-25 19:00:00,195.75719
2011-10-25 20:00:00,166.23569
2011-10-25 21:00:00,151.71161
2011-10-25 22:00:00,186.06337
2011-10-25 23:00:00,151.71161
2011-10-26 00:00:00,152.46616
2011-10-26 01:00:00,187.75362
2011-10-26 02:00:00,169.7944
2011-10-26 03:00:00,183.0202
2011-10-26 04:00:00,153.81924
2011-10-26 05:00:00,151.65543
2011-10-26 06:00:00,151.65543
2011-10-26 07:00:00,150.90088
2011-10-26 08:00:00,184.82675
2011-10-26 09:00:00,219.90417
2011-10-26 10:00:00,241.74684
2011-10-26 11:00:00,258.09167
2011-10-26 12:00:00,304.4955
2011-10-26 13:00:00,263.60693
2011-10-26 14:00:00,162.06558
2011-10-26 15:00:00,162.06558
2011-10-26 16:00:00,163.19809
2011-10-26 17:00:00,163.38638
2011-10-26 18:00:00,155.27371
2011-10-26 19:00:00,142.75319
2011-10-26 20:00:00,133.49673
2011-10-26 21:00:00,162.06558
2011-10-26 22:00:00,140.77896
2011-10-26 23:00:00,140.77896
2011-10-27 00:00:00,118.79131
2011-10-27 01:00:00,118.79131
2011-10-27 02:00:00,136.52588
2011-10-27 03:00:00,136.52588
2011-10-27 04:00:00,148.51375
2011-10-27 05:00:00,149.64624
2011-10-27 06:00:00,160.48776
2011-10-27 07:00:00,128.79103
2011-10-27 08:00:00,150.96579
2011-10-27 09:00:00,153.69585
2011-10-27 10:00:00,153.68329
2011-10-27 11:00:00,152.92876
2011-10-27 12:00:00,152.92876
2011-10-27 13:00:00,144.43939
2011-10-27 14:00:00,152.80916
2011-10-27 15:00:00,154.12993
2011-10-27 16:00:00,206.83014
2011-10-27 17:00:00,191.6625
2011-10-27 18:00:00,205.19559
2011-10-27 19:00:00,188.13043
2011-10-27 20:00:00,182.14748
2011-10-27 21:00:00,196.04807
2011-10-27 22:00:00,149.1484
2011-10-27 23:00:00,161.7447
2011-10-28 00:00:00,142.55109
2011-10-28 01:00:00,139.81972
2011-10-28 02:00:00,140.11096
2011-10-28 03:00:00,131.30913
2011-10-28 04:00:00,137.96442
2011-10-28 05:00:00,143.43317
2011-10-28 06:00:00,135.91348
2011-10-28 07:00:00,135.91348
2011-10-28 08:00:00,145.99368
2011-10-28 09:00:00,171.42712
2011-10-28 10:00:00,179.96945
2011-10-28 11:00:00,222.33575
2011-10-28 12:00:00,277.95444
2011-10-28 13:00:00,269.86618
2011-10-28 14:00:00,237.41989
2011-10-28 15:00:00,248.42209
2011-10-28 16:00:00,237.0535
2011-10-28 17:00:00,219.0412
2011-10-28 18:00:00,206.17534
2011-10-28 19:00:00,219.0412
2011-10-28 20:00:00,157.93896
2011-10-28 21:00:00,144.0119
2011-10-28 22:00:00,120.8139
2011-10-28 23:00:00,114.42906
2011-10-29 00:00:00,91.07692
2011-10-29 01:00:00,93.794495
2011-10-29 02:00:00,93.794495
2011-10-29 03:00:00,104.56009
2011-10-29 04:00:00,104.56009
2011-10-29 05:00:00,77.74927
2011-10-29 06:00:00,87.00577
2011-10-29 07:00:00,87.00577
2011-10-29 08:00:00,91.83147
2011-10-29 09:00:00,91.83147
2011-10-29 10:00:00,77.37265
2011-10-29 11:00:00,78.12726
2011-10-29 12:00:00,83.8775
2011-10-29 13:00:00,84.25542
2011-10-29 14:00:00,83.31256
2011-10-29 15:00:00,73.0739
2011-10-29 16:00:00,71.92374
2011-10-29 17:00:00,71.92374
2011-10-29 18:00:00,71.92374
2011-10-29 19:00:00,66.539825
2011-10-29 20:00:00,66.539825
2011-10-29 21:00:00,66.539795
2011-10-29 22:00:00,64.21915
2011-10-29 23:00:00,65.949425
2011-10-30 00:00:00,64.21915
2011-10-30 01:00:00,64.595795
2011-10-30 02:00:00,64.97366
2011-10-30 03:00:00,85.05276
2011-10-30 04:00:00,74.24486
2011-10-30 05:00:00,84.2982
2011-10-30 06:00:00,85.8401
2011-10-30 07:00:00,91.0386
2011-10-30 08:00:00,98.00296
2011-10-30 09:00:00,111.54228
2011-10-30 10:00:00,122.559204
2011-10-30 11:00:00,213.59128
2011-10-30 12:00:00,244.30267
2011-10-30 13:00:00,306.31125
2011-10-30 14:00:00,336.7265
2011-10-30 15:00:00,349.5936
2011-10-30 16:00:00,362.45947
2011-10-30 17:00:00,332.07748
2011-10-30 18:00:00,278.59567
2011-10-30 19:00:00,349.22617
2011-10-30 20:00:00,136.27255
2011-10-30 21:00:00,115.82121
2011-10-30 22:00:00,99.205086
2011-10-30 23:00:00,75.24318
2011-10-31 00:00:00,102.345825
2011-10-31 01:00:00,111.60226
2011-10-31 02:00:00,99.62824
2011-10-31 03:00:00,96.74659
2011-10-31 04:00:00,99.62827
2011-10-31 05:00:00,87.64035
2011-10-31 06:00:00,99.62824
2011-10-31 07:00:00,90.37175
2011-10-31 08:00:00,113.94449
2011-10-31 09:00:00,134.23651
2011-10-31 10:00:00,188.53065
2011-10-31 11:00:00,244.21036
2011-10-31 12:00:00,280.30185
2011-10-31 13:00:00,286.6512
2011-10-31 14:00:00,273.41772
2011-10-31 15:00:00,274.8766
2011-10-31 16:00:00,235.45615
2011-10-31 17:00:00,235.08847
2011-10-31 18:00:00,154.9542
2011-10-31 19:00:00,154.9542
2011-10-31 20:00:00,154.9542
2011-10-31 21:00:00,140.06207
2011-10-31 22:00:00,140.06207
2011-10-31 23:00:00,140.06207
2011-11-20 00:00:00,133.26495
2011-11-20 01:00:00,188.89537
2011-11-20 02:00:00,195.51936
2011-11-20 03:00:00,187.5267
2011-11-20 04:00:00,154.8905
2011-11-20 05:00:00,190.66656
2011-11-20 06:00:00,184.0426
2011-11-20 07:00:00,159.32446
2011-11-20 08:00:00,164.55759
2011-11-20 09:00:00,124.98695
2011-11-20 10:00:00,133.09967
2011-11-20 11:00:00,215.82
2011-11-20 12:00:00,222.42184
2011-11-20 13:00:00,274.61707
2011-11-20 14:00:00,240.45108
2011-11-20 15:00:00,212.7053
2011-11-20 16:00:00,232.11566
2011-11-20 17:00:00,245.34152
2011-11-20 18:00:00,248.50812
2011-11-20 19:00:00,157.07477
2011-11-20 20:00:00,192.87762
2011-11-20 21:00:00,130.6465
2011-11-20 22:00:00,119.81221
2011-11-20 23:00:00,119.81221
2011-11-21 00:00:00,127.65859
2011-11-21 01:00:00,138.97789
2011-11-21 02:00:00,127.00383
2011-11-21 03:00:00,126.2493
2011-11-21 04:00:00,126.2493
2011-11-21 05:00:00,115.68458
2011-11-21 06:00:00,112.95315
2011-11-21 07:00:00,129.7339
2011-11-21 08:00:00,127.65859
2011-11-21 09:00:00,131.71078
2011-11-21 10:00:00,152.80916
2011-11-21 11:00:00,154.12993
2011-11-21 12:00:00,161.03166
2011-11-21 13:00:00,161.03166
2011-11-21 14:00:00,151.35495
2011-11-21 15:00:00,136.63824
2011-11-21 16:00:00,136.63824
2011-11-21 17:00:00,134.84972
2011-11-21 18:00:00,142.7854
2011-11-21 19:00:00,130.81137
2011-11-21 20:00:00,141.98854
2011-11-21 21:00:00,141.23395
2011-11-21 22:00:00,140.85605
2011-11-21 23:00:00,141.23395
2011-11-22 00:00:00,126.94881
2011-11-22 01:00:00,130.05682
2011-11-22 02:00:00,117.692245
2011-11-22 03:00:00,117.692245
2011-11-22 04:00:00,127.703384
2011-11-22 05:00:00,127.703384
2011-11-22 06:00:00,118.08147
2011-11-22 07:00:00,128.45789
2011-11-22 08:00:00,128.45789
2011-11-22 09:00:00,128.35939
2011-11-22 10:00:00,128.35939
2011-11-22 11:00:00,130.05682
2011-11-22 12:00:00,120.23535
2011-11-22 13:00:00,122.95293
2011-11-22 14:00:00,122.95293
2011-11-22 15:00:00,133.80829
2011-11-22 16:00:00,133.80829
2011-11-22 17:00:00,125.684296
2011-11-22 18:00:00,124.55184
2011-11-22 19:00:00,137.84665
2011-11-22 20:00:00,121.231995
2011-11-22 21:00:00,121.6087
2011-11-22 22:00:00,135.55954
2011-11-22 23:00:00,133.59659
2011-11-23 00:00:00,133.59659
2011-11-23 01:00:00,134.16284
2011-11-23 02:00:00,135.84332
2011-11-23 03:00:00,135.84338
2011-11-23 04:00:00,133.98334
2011-11-23 05:00:00,130.11058
2011-11-23 06:00:00,115.68458
2011-11-23 07:00:00,119.53458
2011-11-23 08:00:00,131.71078
2011-11-23 09:00:00,138.29095
2011-11-23 10:00:00,138.29095
2011-11-23 11:00:00,191.11166
2011-11-23 12:00:00,259.77164
2011-11-23 13:00:00,245.84204
2011-11-23 14:00:00,239.12622
2011-11-23 15:00:00,236.7501
2011-11-23 16:00:00,193.12119
2011-11-23 17:00:00,141.7682
2011-11-23 18:00:00,211.49985
2011-11-23 19:00:00,203.49919
2011-11-23 20:00:00,168.45528
2011-11-23 21:00:00,188.48248
2011-11-23 22:00:00,162.11234
2011-11-23 23:00:00,161.01068
2011-11-24 00:00:00,179.54584
2011-11-24 01:00:00,183.11053
2011-11-24 02:00:00,156.99557
2011-11-24 03:00:00,102.84443
2011-11-24 04:00:00,122.10359
2011-11-24 05:00:00,125.40452
2011-11-24 06:00:00,122.10359
2011-11-24 07:00:00,84.30891
2011-11-24 08:00:00,107.1052
2011-11-24 09:00:00,121.61473
2011-11-24 10:00:00,161.44745
2011-11-24 11:00:00,306.6965
2011-11-24 12:00:00,344.90027
2011-11-24 13:00:00,366.67606
2011-11-24 14:00:00,375.37314
2011-11-24 15:00:00,376.66913
2011-11-24 16:00:00,371.52167
2011-11-24 17:00:00,361.67987
2011-11-24 18:00:00,256.01614
2011-11-24 19:00:00,223.54091
2011-11-24 20:00:00,97.150024
2011-11-24 21:00:00,104.86381
2011-11-24 22:00:00,104.86381
2011-11-24 23:00:00,95.772285
2011-11-25 00:00:00,128.08678
2011-11-25 01:00:00,130.2139
2011-11-25 02:00:00,111.45198
2011-11-25 03:00:00,120.70846
2011-11-25 04:00:00,125.53418
2011-11-25 05:00:00,123.59012
2011-11-25 06:00:00,108.72058
2011-11-25 07:00:00,111.60226
2011-11-25 08:00:00,109.097206
2011-11-25 09:00:00,127.49636
2011-11-25 10:00:00,138.53188
2011-11-25 11:00:00,155.14249
2011-11-25 12:00:00,265.02072
2011-11-25 13:00:00,310.0209
2011-11-25 14:00:00,342.03888
2011-11-25 15:00:00,340.68805
2011-11-25 16:00:00,321.13162
2011-11-25 17:00:00,316.3014
2011-11-25 18:00:00,280.2652
2011-11-25 19:00:00,154.9965
2011-11-25 20:00:00,192.65182
2011-11-25 21:00:00,140.65904
2011-11-25 22:00:00,136.96576
2011-11-25 23:00:00,129.44041
2011-11-26 00:00:00,102.33771
2011-11-26 01:00:00,99.41797
2011-11-26 02:00:00,89.1751
2011-11-26 03:00:00,89.94858
2011-11-26 04:00:00,89.94858
2011-11-26 05:00:00,98.431564
2011-11-26 06:00:00,107.110504
2011-11-26 07:00:00,72.36143
2011-11-26 08:00:00,99.41797
2011-11-26 09:00:00,102.149414
2011-11-26 10:00:00,98.12896
2011-11-26 11:00:00,155.84186
2011-11-26 12:00:00,223.8518
2011-11-26 13:00:00,273.0081
2011-11-26 14:00:00,310.66336
2011-11-26 15:00:00,349.9187
2011-11-26 16:00:00,307.49683
2011-11-26 17:00:00,307.49683
2011-11-26 18:00:00,196.85117
2011-11-26 19:00:00,129.00508
2011-11-26 20:00:00,186.58353
2011-11-26 21:00:00,108.17097
2011-11-26 22:00:00,117.42747
2011-11-26 23:00:00,98.12896
2011-11-27 00:00:00,98.12896
2011-11-27 01:00:00,98.12896
2011-11-27 02:00:00,95.39753
2011-11-27 03:00:00,86.141075
2011-11-27 04:00:00,85.36755
2011-11-27 05:00:00,87.12194
2011-11-27 06:00:00,101.37913
2011-11-27 07:00:00,94.419945
2011-11-27 08:00:00,105.807976
2011-11-27 09:00:00,159.27502
2011-11-27 10:00:00,159.27502
2011-11-27 11:00:00,253.90794
2011-11-27 12:00:00,302.4596
2011-11-27 13:00:00,256.50082
2011-11-27 14:00:00,412.1764
2011-11-27 15:00:00,409.9743
2011-11-27 16:00:00,331.61172
2011-11-27 17:00:00,282.60977
2011-11-27 18:00:00,210.92955
2011-11-27 19:00:00,188.37924
2011-11-27 20:00:00,230.7572
2011-11-27 21:00:00,201.6051
2011-11-27 22:00:00,162.34483
2011-11-27 23:00:00,162.34483
2011-11-28 00:00:00,148.60248
2011-11-28 01:00:00,148.79083
2011-11-28 03:00:00,128.16014
2011-11-28 04:00:00,135.71915
2011-11-28 05:00:00,121.424
2011-11-28 06:00:00,132.98775
2011-11-28 07:00:00,122.59881
2011-11-28 08:00:00,122.20961
2011-11-28 09:00:00,137.02744
2011-11-28 10:00:00,158.31413
2011-11-28 11:00:00,206.87953
2011-11-28 12:00:00,260.3422
2011-11-28 13:00:00,258.41028
2011-11-28 14:00:00,261.16364
2011-11-28 15:00:00,277.26913
2011-11-28 16:00:00,269.09317
2011-11-28 17:00:00,295.2802
2011-11-28 18:00:00,251.81607
2011-11-28 19:00:00,192.27249
2011-11-28 20:00:00,201.7663
2011-11-28 21:00:00,183.75525
2011-11-28 22:00:00,154.12993
2011-11-28 23:00:00,154.50662
2011-11-29 00:00:00,143.94183
2011-11-29 01:00:00,145.07434
2011-11-29 02:00:00,142.36401
2011-11-29 03:00:00,142.36401
2011-11-29 04:00:00,150.03078
2011-11-29 05:00:00,137.0812
2011-11-29 06:00:00,147.52637
2011-11-29 07:00:00,156.46971
2011-11-29 08:00:00,179.38934
2011-11-29 09:00:00,210.11502
2011-11-29 10:00:00,210.11502
2011-11-29 11:00:00,144.14064
2011-11-29 12:00:00,110.919975
2011-11-29 13:00:00,134.45724
2011-11-29 14:00:00,130.8114
2011-11-29 15:00:00,129.80952
2011-11-29 16:00:00,141.9885
2011-11-29 17:00:00,134.06413
2011-11-29 18:00:00,141.7779
2011-11-29 19:00:00,138.38477
2011-11-29 20:00:00,130.76648
2011-11-29 21:00:00,130.76648
2011-11-29 22:00:00,130.17915
2011-11-29 23:00:00,128.45221
2011-11-30 00:00:00,168.82166
2011-11-30 01:00:00,138.58849
2011-11-30 02:00:00,134.62567
2011-11-30 03:00:00,134.62567
2011-11-30 04:00:00,122.840775
2011-11-30 05:00:00,110.475006
2011-11-30 06:00:00,99.46405
2011-11-30 07:00:00,108.72058
2011-11-30 08:00:00,110.475006
2011-11-30 09:00:00,123.59539
2011-11-30 10:00:00,142.17447
2011-11-30 11:00:00,220.04224
2011-11-30 12:00:00,204.67802
2011-11-30 13:00:00,267.10623
2011-11-30 14:00:00,267.10623
2011-11-30 15:00:00,238.29996
2011-11-30 16:00:00,237.74913
2011-11-30 17:00:00,211.3854
2011-11-30 18:00:00,213.57831
2011-11-30 19:00:00,169.96825
2011-11-30 20:00:00,169.96825
2011-11-30 21:00:00,188.14487
2011-11-30 22:00:00,165.26738
2011-11-30 23:00:00,174.20602
2011-12-20 00:00:00,179.06248
2011-12-20 01:00:00,184.7904
2011-12-20 02:00:00,162.22237
2011-12-20 03:00:00,162.22237
2011-12-20 04:00:00,208.38708
2011-12-20 05:00:00,178.08456
2011-12-20 06:00:00,178.08456
2011-12-20 07:00:00,163.41104
2011-12-20 08:00:00,232.346
2011-12-20 09:00:00,157.24007
2011-12-20 10:00:00,215.98495
2011-12-20 11:00:00,189.45108
2011-12-20 12:00:00,241.43793
2011-12-20 13:00:00,241.43793
2011-12-20 14:00:00,223.42683
2011-12-20 15:00:00,222.23373
2011-12-20 16:00:00,206.30066
2011-12-20 17:00:00,183.06963
2011-12-20 18:00:00,153.86867
2011-12-20 19:00:00,151.09033
2011-12-20 20:00:00,148.37277
2011-12-20 21:00:00,147.39705
2011-12-20 22:00:00,157.24007
2011-12-20 23:00:00,166.1286
2011-12-21 00:00:00,110.2761
2011-12-21 01:00:00,122.43896
2011-12-21 02:00:00,115.51262
2011-12-21 03:00:00,115.51262
2011-12-21 04:00:00,115.51262
2011-12-21 05:00:00,102.580734
2011-12-21 06:00:00,90.82867
2011-12-21 07:00:00,90.04123
2011-12-21 08:00:00,90.4395
2011-12-21 09:00:00,99.10755
2011-12-21 10:00:00,99.84722
2011-12-21 11:00:00,99.84722
2011-12-21 12:00:00,96.12421
2011-12-21 13:00:00,103.5674
2011-12-21 14:00:00,110.160126
2011-12-21 15:00:00,109.14601
2011-12-21 16:00:00,94.68886
2011-12-21 17:00:00,94.68886
2011-12-21 18:00:00,85.44368
2011-12-21 19:00:00,103.24455
2011-12-21 20:00:00,103.62117
2011-12-21 21:00:00,103.06746
2011-12-21 22:00:00,102.68959
2011-12-21 23:00:00,101.93498
2011-12-22 00:00:00,118.92754
2011-12-22 01:00:00,83.1925
2011-12-22 02:00:00,107.34273
2011-12-22 03:00:00,125.78955
2011-12-22 04:00:00,94.09009
2011-12-22 05:00:00,92.3926
2011-12-22 06:00:00,81.96133
2011-12-22 07:00:00,69.97347
2011-12-22 08:00:00,90.82867
2011-12-22 09:00:00,94.67868
2011-12-22 10:00:00,105.12382
2011-12-22 11:00:00,117.153984
2011-12-22 12:00:00,145.73747
2011-12-22 13:00:00,141.47
2011-12-22 14:00:00,141.47
2011-12-22 15:00:00,148.59232
2011-12-22 16:00:00,141.47
2011-12-22 17:00:00,134.65686
2011-12-22 18:00:00,141.42764
2011-12-22 19:00:00,140.2952
2011-12-22 20:00:00,132.54631
2011-12-22 21:00:00,132.54631
2011-12-22 22:00:00,89.652016
2011-12-22 23:00:00,105.14484
2011-12-23 00:00:00,107.59688
2011-12-23 01:00:00,107.59688
2011-12-23 02:00:00,93.31167
2011-12-23 03:00:00,93.31167
2011-12-23 04:00:00,95.198715
2011-12-23 05:00:00,70.95437
2011-12-23 06:00:00,95.59922
2011-12-23 07:00:00,95.222565
2011-12-23 08:00:00,107.58709
2011-12-23 09:00:00,119.28418
2011-12-23 10:00:00,105.253586
2011-12-23 11:00:00,101.98267
2011-12-23 12:00:00,120.544556
2011-12-23 13:00:00,137.4552
2011-12-23 14:00:00,119.259705
2011-12-23 15:00:00,109.98339
2011-12-23 16:00:00,126.894035
2011-12-23 17:00:00,121.31724
2011-12-23 18:00:00,112.72157
2011-12-23 19:00:00,125.615845
2011-12-23 20:00:00,101.18879
2011-12-23 21:00:00,113.14305
2011-12-23 22:00:00,107.15965
2011-12-23 23:00:00,108.49936
2011-12-24 00:00:00,82.376625
2011-12-24 01:00:00,90.674774
2011-12-24 02:00:00,89.69907
2011-12-24 03:00:00,83.52805
2011-12-24 04:00:00,88.54759
2011-12-24 05:00:00,88.54759
2011-12-24 06:00:00,71.93151
2011-12-24 07:00:00,69.02743
2011-12-24 08:00:00,66.328865
2011-12-24 09:00:00,134.79068
2011-12-24 10:00:00,133.97748
2011-12-24 11:00:00,169.06598
2011-12-24 12:00:00,179.6369
2011-12-24 13:00:00,176.8548
2011-12-24 14:00:00,176.8548
2011-12-24 15:00:00,163.99625
2011-12-24 16:00:00,141.84709
2011-12-24 17:00:00,106.25116
2011-12-24 18:00:00,115.14015
2011-12-24 19:00:00,99.71267
2011-12-24 20:00:00,86.54952
2011-12-24 21:00:00,84.83314
2011-12-24 22:00:00,92.508026
2011-12-24 23:00:00,82.13454
2011-12-25 00:00:00,74.21307
2011-12-25 01:00:00,58.950577
2011-12-25 02:00:00,53.33161
2011-12-25 03:00:00,58.921677
2011-12-25 05:00:00,48.6942
2011-12-25 06:00:00,48.6942
2011-12-25 07:00:00,43.698013
2011-12-25 08:00:00,39.62686
2011-12-25 09:00:00,34.276573
2011-12-25 10:00:00,45.28749
2011-12-25 11:00:00,70.77794
2011-12-25 12:00:00,60.55912
2011-12-25 13:00:00,72.532364
2011-12-25 14:00:00,89.148506
2011-12-25 15:00:00,90.48825
2011-12-25 16:00:00,100.35376
2011-12-25 17:00:00,89.73369
2011-12-25 18:00:00,73.88602
2011-12-25 19:00:00,95.28147
2011-12-25 20:00:00,107.058464
2011-12-25 21:00:00,91.99847
2011-12-25 22:00:00,79.83696
2011-12-25 23:00:00,72.66484
2011-12-26 00:00:00,43.5065
2011-12-26 01:00:00,81.36181
2011-12-26 02:00:00,129.9434
2011-12-26 04:00:00,127.89531
2011-12-26 05:00:00,146.64159
2011-12-26 06:00:00,126.54626
2011-12-26 07:00:00,128.40993
2011-12-26 08:00:00,128.55046
2011-12-26 09:00:00,127.89531
2011-12-26 10:00:00,129.57858
2011-12-26 11:00:00,109.63352
2011-12-26 12:00:00,151.27997
2011-12-26 13:00:00,183.24968
2011-12-26 14:00:00,183.6173
2011-12-26 15:00:00,182.69885
2011-12-26 16:00:00,152.43372
2011-12-26 17:00:00,129.9434
2011-12-26 18:00:00,100.492966
2011-12-26 19:00:00,73.09149
2011-12-26 20:00:00,86.97618
2011-12-26 21:00:00,60.890648
2011-12-26 22:00:00,60.890625
2011-12-26 23:00:00,58.008934
2011-12-27 00:00:00,90.33729
2011-12-27 01:00:00,92.05371
2011-12-27 02:00:00,92.05371
2011-12-27 03:00:00,108.71879
2011-12-27 04:00:00,111.01209
2011-12-27 05:00:00,97.68459
2011-12-27 06:00:00,93.035194
2011-12-27 07:00:00,99.27486
2011-12-27 08:00:00,114.461586
2011-12-27 09:00:00,125.857315
2011-12-27 10:00:00,116.80169
2011-12-27 11:00:00,125.857315
2011-12-27 12:00:00,99.81021
2011-12-27 13:00:00,89.010544
2011-12-27 14:00:00,89.5311
2011-12-27 15:00:00,89.5311
2011-12-27 16:00:00,106.28823
2011-12-27 17:00:00,106.8423
2011-12-27 18:00:00,88.26339
2011-12-27 19:00:00,77.10278
2011-12-27 20:00:00,66.28021
2011-12-27 21:00:00,75.53671
2011-12-27 22:00:00,75.53671
2011-12-27 23:00:00,62.019447
2011-12-28 00:00:00,74.38526
2011-12-28 01:00:00,91.355484
2011-12-28 02:00:00,113.51971
2011-12-28 03:00:00,113.51971
2011-12-28 05:00:00,92.02643
2011-12-28 06:00:00,113.58179
2011-12-28 07:00:00,113.58179
2011-12-28 08:00:00,92.026436
2011-12-28 09:00:00,98.89544
2011-12-28 10:00:00,121.020454
2011-12-28 11:00:00,127.87347
2011-12-28 12:00:00,101.33759
2011-12-28 13:00:00,133.21655
2011-12-28 14:00:00,139.10834
2011-12-28 15:00:00,139.69354
2011-12-28 16:00:00,129.63797
2011-12-28 17:00:00,127.74774
2011-12-28 18:00:00,114.23223
2011-12-28 19:00:00,97.09209
2011-12-28 20:00:00,102.95087
2011-12-28 21:00:00,121.72362
2011-12-28 22:00:00,126.33951
2011-12-28 23:00:00,97.23217
2011-12-29 00:00:00,100.26444
2011-12-29 01:00:00,104.81096
2011-12-29 02:00:00,112.822754
2011-12-29 03:00:00,103.580475
2011-12-29 04:00:00,105.298134
2011-12-29 05:00:00,106.651764
2011-12-29 06:00:00,103.36249
2011-12-29 07:00:00,89.847275
2011-12-29 08:00:00,104.516075
2011-12-29 09:00:00,99.90279
2011-12-29 10:00:00,103.01213
2011-12-29 11:00:00,113.06594
2011-12-29 12:00:00,122.14278
2011-12-29 13:00:00,126.470345
2011-12-29 14:00:00,136.64447
2011-12-29 15:00:00,131.98987
2011-12-29 16:00:00,125.64996
2011-12-29 17:00:00,111.765305
2011-12-29 18:00:00,119.10108
2011-12-29 19:00:00,120.83266
2011-12-29 20:00:00,102.122215
2011-12-29 21:00:00,117.537094
2011-12-29 22:00:00,102.49884
2011-12-29 23:00:00,105.5943
2011-12-30 00:00:00,94.78514
2011-12-30 01:00:00,101.31064
2011-12-30 02:00:00,88.959526
2011-12-30 03:00:00,88.959526
2011-12-30 04:00:00,88.77116
2011-12-30 05:00:00,80.43421
2011-12-30 06:00:00,88.77116
2011-12-30 07:00:00,81.057465
2011-12-30 08:00:00,89.92473
2011-12-30 09:00:00,86.845
2011-12-30 10:00:00,104.63118
2011-12-30 11:00:00,107.15965
2011-12-30 12:00:00,122.384094
2011-12-30 13:00:00,127.491035
2011-12-30 14:00:00,143.90848
2011-12-30 15:00:00,132.7315
2011-12-30 16:00:00,155.9078
2011-12-30 17:00:00,137.22824
2011-12-30 18:00:00,118.024956
2011-12-30 19:00:00,101.692955
2011-12-30 20:00:00,119.72139
2011-12-30 21:00:00,122.43896
2011-12-30 22:00:00,110.65403
2011-12-30 23:00:00,110.45291
2011-12-31 00:00:00,109.16296
2011-12-31 01:00:00,111.3281
2011-12-31 02:00:00,111.3281
2011-12-31 03:00:00,111.3281
2011-12-31 04:00:00,85.09013
2011-12-31 05:00:00,79.32366
2011-12-31 06:00:00,94.991394
2011-12-31 07:00:00,92.28105
2011-12-31 08:00:00,58.878784
2011-12-31 09:00:00,74.546486
2011-12-31 10:00:00,79.35327
2011-12-31 11:00:00,89.78454
2011-12-31 12:00:00,265.47986
2011-12-31 13:00:00,242.29352
2011-12-31 14:00:00,187.30603
2011-12-31 15:00:00,206.96832
2011-12-31 16:00:00,179.51724
2011-12-31 17:00:00,119.99572
2011-12-31 18:00:00,115.6333
2011-12-31 19:00:00,126.61969
2011-12-31 20:00:00,126.61969
2011-12-31 21:00:00,107.49937
2011-12-31 22:00:00,97.84236
2011-12-31 23:00:00,87.256424
2012-01-20 00:00:00,81.418564
2012-01-20 01:00:00,125.994125
2012-01-20 02:00:00,125.994125
2012-01-20 03:00:00,116.72895
2012-01-20 04:00:00,101.65558
2012-01-20 05:00:00,101.65558
2012-01-20 06:00:00,100.33995
2012-01-20 07:00:00,85.07743
2012-01-20 08:00:00,93.16787
2012-01-20 09:00:00,71.51832
2012-01-20 10:00:00,79.91179
2012-01-20 11:00:00,92.55612
2012-01-20 12:00:00,94.63252
2012-01-20 13:00:00,121.44058
2012-01-20 14:00:00,110.314514
2012-01-20 15:00:00,112.466385
2012-01-20 16:00:00,98.81003
2012-01-20 17:00:00,130.32742
2012-01-20 18:00:00,112.773636
2012-01-20 19:00:00,111.56422
2012-01-20 20:00:00,112.773636
2012-01-20 21:00:00,114.49362
2012-01-20 22:00:00,92.52356
2012-01-20 23:00:00,85.93053
2012-01-21 00:00:00,73.14851
2012-01-21 01:00:00,44.97989
2012-01-21 02:00:00,44.15992
2012-01-21 03:00:00,30.290663
2012-01-21 04:00:00,43.821297
2012-01-21 05:00:00,41.901375
2012-01-21 06:00:00,29.762434
2012-01-21 07:00:00,29.762434
2012-01-21 08:00:00,19.91815
2012-01-21 09:00:00,19.91815
2012-01-21 10:00:00,28.785475
2012-01-21 11:00:00,37.859863
2012-01-21 12:00:00,48.494164
2012-01-21 13:00:00,47.531013
2012-01-21 14:00:00,55.64373
2012-01-21 15:00:00,55.64376
2012-01-21 16:00:00,45.98905
2012-01-21 17:00:00,47.12155
2012-01-21 18:00:00,54.83531
2012-01-21 19:00:00,42.295837
2012-01-21 20:00:00,43.2715
2012-01-21 21:00:00,41.930458
2012-01-21 22:00:00,52.528
2012-01-21 23:00:00,39.97386
2012-01-22 00:00:00,29.578535
2012-01-22 01:00:00,52.528
2012-01-22 02:00:00,52.33969
2012-01-22 03:00:00,60.053406
2012-01-22 04:00:00,47.12478
2012-01-22 05:00:00,57.720993
2012-01-22 06:00:00,48.85369
2012-01-22 07:00:00,48.85369
2012-01-22 08:00:00,48.85369
2012-01-22 09:00:00,48.85369
2012-01-22 10:00:00,47.513947
2012-01-22 11:00:00,48.841187
2012-01-22 12:00:00,39.59723
2012-01-22 13:00:00,42.66726
2012-01-22 14:00:00,40.95085
2012-01-22 15:00:00,39.219322
2012-01-22 16:00:00,39.219322
2012-01-22 17:00:00,42.290604
2012-01-22 18:00:00,41.901375
2012-01-22 19:00:00,41.901375
2012-01-22 20:00:00,40.5617
2012-01-22 21:00:00,41.901375
2012-01-22 22:00:00,24.154753
2012-01-22 23:00:00,22.234938
2012-01-23 00:00:00,67.844246
2012-01-23 01:00:00,64.96248
2012-01-23 02:00:00,64.96248
2012-01-23 03:00:00,67.844246
2012-01-23 04:00:00,79.83212
2012-01-23 05:00:00,70.57558
2012-01-23 06:00:00,70.57558
2012-01-23 07:00:00,79.44289
2012-01-23 08:00:00,74.82965
2012-01-23 09:00:00,67.50562
2012-01-23 10:00:00,59.776352
2012-01-23 11:00:00,56.706352
2012-01-23 12:00:00,62.493935
2012-01-23 13:00:00,70.39938
2012-01-23 14:00:00,67.516396
2012-01-23 15:00:00,46.119614
2012-01-23 16:00:00,60.99002
2012-01-23 17:00:00,57.715347
2012-01-23 18:00:00,60.61207
2012-01-23 19:00:00,63.721397
2012-01-23 20:00:00,52.922234
2012-01-23 21:00:00,52.32312
2012-01-23 22:00:00,52.32312
2012-01-23 23:00:00,66.419975
2012-01-24 00:00:00,59.88028
2012-01-24 01:00:00,73.01909
2012-01-24 02:00:00,72.64243
2012-01-24 03:00:00,75.712494
2012-01-24 04:00:00,61.6307
2012-01-24 05:00:00,61.6307
2012-01-24 06:00:00,74.37268
2012-01-24 07:00:00,75.71243
2012-01-24 08:00:00,75.71243
2012-01-24 09:00:00,84.403984
2012-01-24 10:00:00,66.28021
2012-01-24 11:00:00,76.72492
2012-01-24 12:00:00,77.10278
2012-01-24 13:00:00,77.10278
2012-01-24 14:00:00,89.84526
2012-01-24 15:00:00,123.03692
2012-01-24 16:00:00,113.79172
2012-01-24 17:00:00,122.11526
2012-01-24 18:00:00,127.11143
2012-01-24 19:00:00,149.53061
2012-01-24 20:00:00,93.482605
2012-01-24 21:00:00,106.64532
2012-01-24 22:00:00,85.76888
2012-01-24 23:00:00,93.482605
2012-01-25 00:00:00,59.075577
2012-01-25 01:00:00,96.54077
2012-01-25 02:00:00,93.43148
2012-01-25 03:00:00,83.00023
2012-01-25 04:00:00,89.73823
2012-01-25 05:00:00,89.73823
2012-01-25 06:00:00,81.63786
2012-01-25 07:00:00,78.55237
2012-01-25 08:00:00,86.64276
2012-01-25 09:00:00,86.64276
2012-01-25 10:00:00,88.15341
2012-01-25 11:00:00,93.035194
2012-01-25 12:00:00,128.55507
2012-01-25 13:00:00,135.05978
2012-01-25 14:00:00,136.89252
2012-01-25 15:00:00,135.69453
2012-01-25 16:00:00,129.55618
2012-01-25 17:00:00,132.2876
2012-01-25 18:00:00,108.49936
2012-01-25 19:00:00,140.55063
2012-01-25 20:00:00,114.87334
2012-01-25 21:00:00,107.72148
2012-01-25 22:00:00,106.7596
2012-01-25 23:00:00,113.87117
2012-01-26 00:00:00,95.56203
2012-01-26 01:00:00,98.4437
2012-01-26 02:00:00,94.208405
2012-01-26 03:00:00,97.468025
2012-01-26 04:00:00,89.57644
2012-01-26 05:00:00,100.38773
2012-01-26 06:00:00,89.18723
2012-01-26 07:00:00,88.2115
2012-01-26 08:00:00,88.2115
2012-01-26 09:00:00,91.90478
2012-01-26 10:00:00,89.39973
2012-01-26 11:00:00,81.87473
2012-01-26 12:00:00,94.84865
2012-01-26 13:00:00,118.230125
2012-01-26 14:00:00,122.2823
2012-01-26 15:00:00,124.99985
2012-01-26 16:00:00,122.09401
2012-01-26 17:00:00,123.67907
2012-01-26 18:00:00,123.67907
2012-01-26 19:00:00,114.56857
2012-01-26 20:00:00,105.68875
2012-01-26 21:00:00,114.56857
2012-01-26 22:00:00,93.71336
2012-01-26 23:00:00,103.99131
2012-01-27 00:00:00,107.19793
2012-01-27 01:00:00,99.10755
2012-01-27 02:00:00,81.02608
2012-01-27 03:00:00,91.7804
2012-01-27 04:00:00,79.99469
2012-01-27 05:00:00,92.346664
2012-01-27 06:00:00,83.09013
2012-01-27 07:00:00,82.71225
2012-01-27 08:00:00,119.82241
2012-01-27 09:00:00,119.82241
2012-01-27 10:00:00,98.062454
2012-01-27 11:00:00,98.0737
2012-01-27 12:00:00,110.42566
2012-01-27 13:00:00,140.4077
2012-01-27 14:00:00,159.15282
2012-01-27 15:00:00,165.52306
2012-01-27 16:00:00,149.54941
2012-01-27 17:00:00,135.42575
2012-01-27 18:00:00,137.82161
2012-01-27 19:00:00,110.59641
2012-01-27 20:00:00,91.30631
2012-01-27 21:00:00,84.5802
2012-01-27 22:00:00,103.51942
2012-01-27 23:00:00,95.36305
2012-01-28 00:00:00,97.962204
2012-01-28 01:00:00,98.54738
2012-01-28 02:00:00,82.8836
2012-01-28 03:00:00,81.921745
2012-01-28 04:00:00,78.66213
2012-01-28 05:00:00,53.95481
2012-01-28 06:00:00,64.7386
2012-01-28 07:00:00,54.29344
2012-01-28 08:00:00,40.792175
2012-01-28 09:00:00,46.579674
2012-01-28 10:00:00,64.951096
2012-01-28 11:00:00,91.99847
2012-01-28 12:00:00,84.07745
2012-01-28 13:00:00,95.31945
2012-01-28 14:00:00,158.32094
2012-01-28 15:00:00,179.36276
2012-01-28 16:00:00,201.48549
2012-01-28 17:00:00,201.85309
2012-01-28 18:00:00,211.47389
2012-01-28 19:00:00,186.79294
2012-01-28 20:00:00,226.93546
2012-01-28 21:00:00,220.00772
2012-01-28 22:00:00,203.53691
2012-01-28 23:00:00,208.24759
2012-01-29 00:00:00,188.30478
2012-01-29 01:00:00,190.26462
2012-01-29 02:00:00,190.18185
2012-01-29 03:00:00,192.92787
2012-01-29 04:00:00,138.47366
2012-01-29 05:00:00,83.988594
2012-01-29 06:00:00,102.69035
2012-01-29 07:00:00,105.58705
2012-01-29 08:00:00,98.241295
2012-01-29 09:00:00,93.61302
2012-01-29 10:00:00,131.53346
2012-01-29 11:00:00,201.81827
2012-01-29 12:00:00,227.70575
2012-01-29 13:00:00,227.70575
2012-01-29 14:00:00,226.92986
2012-01-29 15:00:00,242.9625
2012-01-29 16:00:00,222.62007
2012-01-29 17:00:00,222.62007
2012-01-29 18:00:00,220.2229
2012-01-29 19:00:00,214.83864
2012-01-29 20:00:00,154.3291
2012-01-29 21:00:00,189.0388
2012-01-29 22:00:00,198.22354
2012-01-29 23:00:00,186.4265
2012-01-30 00:00:00,154.19702
2012-01-30 01:00:00,88.0032
2012-01-30 02:00:00,79.543335
2012-01-30 03:00:00,112.842636
2012-01-30 04:00:00,111.091225
2012-01-30 05:00:00,111.091225
2012-01-30 06:00:00,97.23217
2012-01-30 07:00:00,91.35371
2012-01-30 08:00:00,103.237755
2012-01-30 09:00:00,103.237755
2012-01-30 10:00:00,89.633705
2012-01-30 11:00:00,129.4827
2012-01-30 12:00:00,115.96982
2012-01-30 13:00:00,166.4342
2012-01-30 14:00:00,192.85806
2012-01-30 15:00:00,206.59506
2012-01-30 16:00:00,209.73154
2012-01-30 17:00:00,215.95132
2012-01-30 18:00:00,206.2521
2012-01-30 19:00:00,136.48907
2012-01-30 20:00:00,133.72427
2012-01-30 21:00:00,122.01491
2012-01-30 22:00:00,111.127495
2012-01-30 23:00:00,106.14138
2012-01-31 00:00:00,107.562065
2012-01-31 01:00:00,116.23085
2012-01-31 02:00:00,118.278984
2012-01-31 03:00:00,110.987404
2012-01-31 04:00:00,119.1592
2012-01-31 05:00:00,119.1592
2012-01-31 06:00:00,120.824265
2012-01-31 07:00:00,106.141426
2012-01-31 08:00:00,107.10451
2012-01-31 09:00:00,120.87919
2012-01-31 10:00:00,114.89405
2012-01-31 11:00:00,192.59833
2012-01-31 12:00:00,166.31451
2012-01-31 13:00:00,221.8634
2012-01-31 14:00:00,265.87894
2012-01-31 15:00:00,254.62135
2012-01-31 16:00:00,254.62135
2012-01-31 17:00:00,260.88974
2012-01-31 18:00:00,270.10312
2012-01-31 19:00:00,269.55045
2012-01-31 20:00:00,133.47075
2012-01-31 21:00:00,236.01413
2012-01-31 22:00:00,218.66896
2012-01-31 23:00:00,204.88467
2012-02-20 00:00:00,37.743637
2012-02-20 01:00:00,37.743637
2012-02-20 02:00:00,37.743637
2012-02-20 03:00:00,44.117157
2012-02-20 05:00:00,52.078087
2012-02-20 06:00:00,54.332138
2012-02-20 07:00:00,53.497017
2012-02-20 08:00:00,59.79358
2012-02-20 09:00:00,59.79358
2012-02-20 10:00:00,41.46444
2012-02-20 11:00:00,82.73091
2012-02-20 12:00:00,108.747116
2012-02-20 13:00:00,131.25697
2012-02-20 14:00:00,168.11047
2012-02-20 15:00:00,182.87738
2012-02-20 16:00:00,220.86446
2012-02-20 17:00:00,240.04404
2012-02-20 18:00:00,182.87738
2012-02-20 19:00:00,182.87738
2012-02-20 20:00:00,185.45557
2012-02-20 21:00:00,145.96823
2012-02-20 22:00:00,108.98058
2012-02-20 23:00:00,132.32416
2012-02-21 00:00:00,102.27251
2012-02-21 01:00:00,116.15721
2012-02-21 02:00:00,107.26867
2012-02-21 04:00:00,98.36627
2012-02-21 05:00:00,87.93502
2012-02-21 06:00:00,78.67853
2012-02-21 07:00:00,98.36627
2012-02-21 08:00:00,84.86498
2012-02-21 09:00:00,75.79681
2012-02-21 10:00:00,85.88824
2012-02-21 11:00:00,97.97149
2012-02-21 12:00:00,72.55281
2012-02-21 13:00:00,103.88583
2012-02-21 14:00:00,75.159065
2012-02-21 15:00:00,103.88583
2012-02-21 16:00:00,128.60747
2012-02-21 17:00:00,162.16782
2012-02-21 18:00:00,162.16782
2012-02-21 19:00:00,127.13946
2012-02-21 20:00:00,112.86834
2012-02-21 21:00:00,117.21422
2012-02-21 22:00:00,111.03071
2012-02-21 23:00:00,105.42934
2012-02-22 00:00:00,105.42934
2012-02-22 01:00:00,102.32841
2012-02-22 02:00:00,108.915276
2012-02-22 03:00:00,109.31428
2012-02-22 04:00:00,101.786766
2012-02-22 05:00:00,101.95173
2012-02-22 06:00:00,91.355484
2012-02-22 07:00:00,92.506905
2012-02-22 08:00:00,91.3321
2012-02-22 09:00:00,101.763405
2012-02-22 10:00:00,102.952065
2012-02-22 11:00:00,112.23192
2012-02-22 12:00:00,119.92022
2012-02-22 13:00:00,126.31448
2012-02-22 14:00:00,135.22443
2012-02-22 15:00:00,246.2532
2012-02-22 16:00:00,245.75757
2012-02-22 17:00:00,260.35666
2012-02-22 18:00:00,207.44182
2012-02-22 19:00:00,185.11517
2012-02-22 20:00:00,162.25723
2012-02-22 21:00:00,242.18033
2012-02-22 22:00:00,162.99124
2012-02-22 23:00:00,198.3487
2012-02-23 00:00:00,162.99124
2012-02-23 01:00:00,114.83602
2012-02-23 02:00:00,123.3687
2012-02-23 03:00:00,120.67188
2012-02-23 04:00:00,107.21044
2012-02-23 05:00:00,107.21044
2012-02-23 06:00:00,80.21083
2012-02-23 07:00:00,89.84526
2012-02-23 08:00:00,77.47949
2012-02-23 09:00:00,88.11369
2012-02-23 10:00:00,123.4348
2012-02-23 11:00:00,178.20572
2012-02-23 12:00:00,212.82791
2012-02-23 13:00:00,230.9937
2012-02-23 14:00:00,251.96838
2012-02-23 15:00:00,233.62173
2012-02-23 16:00:00,205.96568
2012-02-23 17:00:00,243.59137
2012-02-23 18:00:00,225.00288
2012-02-23 19:00:00,198.4032
2012-02-23 20:00:00,185.47241
2012-02-23 21:00:00,147.17303
2012-02-23 22:00:00,134.30595
2012-02-23 23:00:00,139.3612
2012-02-24 00:00:00,147.47923
2012-02-24 01:00:00,133.87991
2012-02-24 02:00:00,107.20956
2012-02-24 03:00:00,99.53901
2012-02-24 04:00:00,89.107735
2012-02-24 05:00:00,98.72955
2012-02-24 06:00:00,98.353
2012-02-24 07:00:00,116.07769
2012-02-24 08:00:00,106.11721
2012-02-24 09:00:00,105.848305
2012-02-24 10:00:00,106.82525
2012-02-24 11:00:00,99.29772
2012-02-24 12:00:00,114.94523
2012-02-24 13:00:00,124.99985
2012-02-24 14:00:00,136.61981
2012-02-24 15:00:00,107.59688
2012-02-24 16:00:00,107.59688
2012-02-24 17:00:00,98.383995
2012-02-24 18:00:00,88.1959
2012-02-24 19:00:00,101.504555
2012-02-24 20:00:00,101.03547
2012-02-24 21:00:00,119.77198
2012-02-24 22:00:00,151.01009
2012-02-24 23:00:00,119.846275
2012-02-25 00:00:00,171.7999
2012-02-25 01:00:00,164.35532
2012-02-25 02:00:00,131.43463
2012-02-25 03:00:00,127.63579
2012-02-25 04:00:00,146.92377
2012-02-25 05:00:00,144.36328
2012-02-25 06:00:00,144.36328
2012-02-25 07:00:00,123.67019
2012-02-25 08:00:00,94.67003
2012-02-25 09:00:00,65.6794
2012-02-25 10:00:00,76.911644
2012-02-25 11:00:00,115.77394
2012-02-25 12:00:00,136.48488
2012-02-25 13:00:00,167.2779
2012-02-25 14:00:00,157.59326
2012-02-25 15:00:00,186.28963
2012-02-25 16:00:00,157.46814
2012-02-25 17:00:00,180.40714
2012-02-25 18:00:00,143.4799
2012-02-25 19:00:00,139.08072
2012-02-25 20:00:00,123.90711
2012-02-25 21:00:00,149.24872
2012-02-25 22:00:00,116.1683
2012-02-25 23:00:00,119.303085
2012-02-26 00:00:00,123.14811
2012-02-26 01:00:00,107.70235
2012-02-26 02:00:00,107.70235
2012-02-26 03:00:00,103.52526
2012-02-26 04:00:00,103.52526
2012-02-26 05:00:00,96.5435
2012-02-26 06:00:00,98.03521
2012-02-26 07:00:00,81.861435
2012-02-26 08:00:00,83.4034
2012-02-26 09:00:00,91.915276
2012-02-26 10:00:00,108.68781
2012-02-26 11:00:00,140.77673
2012-02-26 12:00:00,138.50916
2012-02-26 13:00:00,142.06201
2012-02-26 14:00:00,170.45453
2012-02-26 15:00:00,182.48074
2012-02-26 16:00:00,218.67026
2012-02-26 17:00:00,221.26917
2012-02-26 18:00:00,192.87042
2012-02-26 19:00:00,197.13037
2012-02-26 20:00:00,135.24527
2012-02-26 21:00:00,108.968666
2012-02-26 22:00:00,134.74738
2012-02-26 23:00:00,84.83314
2012-02-27 00:00:00,104.78779
2012-02-27 01:00:00,98.805595
2012-02-27 02:00:00,87.83225
2012-02-27 03:00:00,79.89215
2012-02-27 04:00:00,69.082954
2012-02-27 05:00:00,69.082954
2012-02-27 06:00:00,86.64276
2012-02-27 07:00:00,101.6936
2012-02-27 08:00:00,100.958
2012-02-27 09:00:00,106.141426
2012-02-27 10:00:00,113.934654
2012-02-27 11:00:00,139.82214
2012-02-27 12:00:00,192.78152
2012-02-27 13:00:00,166.13132
2012-02-27 14:00:00,222.59744
2012-02-27 15:00:00,252.09131
2012-02-27 16:00:00,254.62135
2012-02-27 17:00:00,253.0922
2012-02-27 18:00:00,253.62047
2012-02-27 19:00:00,253.36316
2012-02-27 20:00:00,244.32402
2012-02-27 21:00:00,222.59744
2012-02-27 22:00:00,178.41766
2012-02-27 23:00:00,142.30792
2012-02-28 00:00:00,142.73596
2012-02-28 01:00:00,125.322945
2012-02-28 02:00:00,139.64175
2012-02-28 03:00:00,206.09404
2012-02-28 04:00:00,125.507195
2012-02-28 05:00:00,125.507195
2012-02-28 06:00:00,103.36497
2012-02-28 07:00:00,94.47457
2012-02-28 08:00:00,96.80012
2012-02-28 09:00:00,95.20858
2012-02-28 10:00:00,116.230865
2012-02-28 11:00:00,162.17749
2012-02-28 12:00:00,180.03891
2012-02-28 13:00:00,178.42625
2012-02-28 14:00:00,199.51886
2012-02-28 15:00:00,205.22505
2012-02-28 16:00:00,200.91568
2012-02-28 17:00:00,205.22505
2012-02-28 18:00:00,220.4138
2012-02-28 19:00:00,181.80637
2012-02-28 20:00:00,202.99828
2012-02-28 21:00:00,140.21555
2012-02-28 22:00:00,140.21555
2012-02-28 23:00:00,117.14727
2012-02-29 00:00:00,128.1784
2012-02-29 01:00:00,134.34943
2012-02-29 02:00:00,117.29404
2012-02-29 03:00:00,96.31446
2012-02-29 05:00:00,85.88319
2012-02-29 06:00:00,97.468025
2012-02-29 07:00:00,83.950745
2012-02-29 08:00:00,95.56203
2012-02-29 09:00:00,98.64493
2012-02-29 10:00:00,98.64493
2012-02-29 11:00:00,87.67072
2012-02-29 12:00:00,82.83058
2012-02-29 13:00:00,79.78883
2012-02-29 14:00:00,79.78883
2012-02-29 15:00:00,107.57581
2012-02-29 16:00:00,115.68854
2012-02-29 17:00:00,98.353
2012-02-29 18:00:00,105.14488
2012-02-29 19:00:00,97.59839
2012-02-29 20:00:00,108.395065
2012-02-29 21:00:00,108.395065
2012-02-29 22:00:00,100.269775
2012-02-29 23:00:00,100.269775
2012-03-20 00:00:00,133.0906
2012-03-20 01:00:00,104.94578
2012-03-20 02:00:00,106.078285
2012-03-20 03:00:00,113.81307
2012-03-20 04:00:00,112.77913
2012-03-20 05:00:00,101.82521
2012-03-20 06:00:00,103.90063
2012-03-20 07:00:00,113.522354
2012-03-20 08:00:00,112.40248
2012-03-20 09:00:00,115.8885
2012-03-20 10:00:00,107.39782
2012-03-20 11:00:00,119.80594
2012-03-20 12:00:00,133.85455
2012-03-20 13:00:00,133.09998
2012-03-20 14:00:00,151.39868
2012-03-20 15:00:00,159.54645
2012-03-20 16:00:00,163.71948
2012-03-20 17:00:00,142.90802
2012-03-20 18:00:00,147.60463
2012-03-20 19:00:00,135.2334
2012-03-20 20:00:00,142.38217
2012-03-20 21:00:00,130.80452
2012-03-20 22:00:00,121.91603
2012-03-20 23:00:00,109.9281
2012-03-21 00:00:00,113.55232
2012-03-21 01:00:00,122.39852
2012-03-21 02:00:00,112.51833
2012-03-21 03:00:00,122.14024
2012-03-21 04:00:00,121.38564
2012-03-21 05:00:00,121.38564
2012-03-21 06:00:00,110.544106
2012-03-21 07:00:00,119.03352
2012-03-21 08:00:00,117.90225
2012-03-21 09:00:00,121.763535
2012-03-21 10:00:00,132.2087
2012-03-21 11:00:00,132.2087
2012-03-21 12:00:00,142.12125
2012-03-21 13:00:00,132.86475
2012-03-21 14:00:00,143.29599
2012-03-21 15:00:00,143.29599
2012-03-21 16:00:00,144.87387
2012-03-21 17:00:00,159.09735
2012-03-21 18:00:00,156.83522
2012-03-21 19:00:00,154.28865
2012-03-21 20:00:00,135.56116
2012-03-21 21:00:00,125.318214
2012-03-21 22:00:00,123.34139
2012-03-21 23:00:00,133.25394
2012-03-22 00:00:00,122.39852
2012-03-22 01:00:00,122.39852
2012-03-22 02:00:00,122.39852
2012-03-22 03:00:00,122.39852
2012-03-22 04:00:00,99.590164
2012-03-22 05:00:00,99.590164
2012-03-22 06:00:00,99.590164
2012-03-22 07:00:00,99.590164
2012-03-22 08:00:00,111.56416
2012-03-22 09:00:00,111.56416
2012-03-22 10:00:00,102.30767
2012-03-22 11:00:00,113.16309
2012-03-22 12:00:00,127.60302
2012-03-22 13:00:00,138.29263
2012-03-22 14:00:00,153.11469
2012-03-22 15:00:00,180.19328
2012-03-22 16:00:00,210.27101
2012-03-22 17:00:00,215.00482
2012-03-22 18:00:00,215.00482
2012-03-22 19:00:00,176.93286
2012-03-22 20:00:00,167.54095
2012-03-22 21:00:00,139.23553
2012-03-22 22:00:00,129.16699
2012-03-22 23:00:00,127.84747
2012-03-23 00:00:00,126.71498
2012-03-23 01:00:00,116.283714
2012-03-23 02:00:00,117.4162
2012-03-23 03:00:00,114.87306
2012-03-23 04:00:00,111.75252
2012-03-23 05:00:00,110.43169
2012-03-23 06:00:00,119.68819
2012-03-23 07:00:00,113.67192
2012-03-23 08:00:00,112.12912
2012-03-23 09:00:00,120.46655
2012-03-23 10:00:00,129.18929
2012-03-23 11:00:00,162.6052
2012-03-23 12:00:00,234.61314
2012-03-23 13:00:00,240.47864
2012-03-23 14:00:00,284.14432
2012-03-23 15:00:00,291.93314
2012-03-23 16:00:00,299.7481
2012-03-23 17:00:00,299.7481
2012-03-23 18:00:00,292.369
2012-03-23 19:00:00,280.65628
2012-03-23 20:00:00,271.5167
2012-03-23 21:00:00,243.95079
2012-03-23 22:00:00,204.6298
2012-03-23 23:00:00,179.24106
2012-03-24 00:00:00,125.484955
2012-03-24 01:00:00,116.1723
2012-03-24 02:00:00,107.47209
2012-03-24 03:00:00,107.47209
2012-03-24 04:00:00,95.295906
2012-03-24 05:00:00,105.10609
2012-03-24 06:00:00,105.10609
2012-03-24 07:00:00,94.28303
2012-03-24 08:00:00,85.78108
2012-03-24 09:00:00,104.72815
2012-03-24 10:00:00,97.769
2012-03-24 11:00:00,85.78108
2012-03-24 12:00:00,97.75769
2012-03-24 13:00:00,98.134384
2012-03-24 14:00:00,108.711624
2012-03-24 15:00:00,97.47832
2012-03-24 16:00:00,95.96915
2012-03-24 17:00:00,104.28274
2012-03-24 18:00:00,89.5773
2012-03-24 19:00:00,88.44485
2012-03-24 20:00:00,77.22539
2012-03-24 21:00:00,77.22539
2012-03-24 22:00:00,77.979996
2012-03-24 23:00:00,78.7471
2012-03-25 00:00:00,78.7471
2012-03-25 01:00:00,66.38127
2012-03-25 02:00:00,75.81485
2012-03-25 03:00:00,85.07132
2012-03-25 04:00:00,76.581955
2012-03-25 05:00:00,63.663788
2012-03-25 06:00:00,63.663788
2012-03-25 07:00:00,73.864365
2012-03-25 08:00:00,73.864365
2012-03-25 09:00:00,72.92024
2012-03-25 10:00:00,84.663574
2012-03-25 11:00:00,72.92024
2012-03-25 12:00:00,72.54357
2012-03-25 13:00:00,83.76303
2012-03-25 14:00:00,86.49445
2012-03-25 15:00:00,86.87105
2012-03-25 16:00:00,97.97094
2012-03-25 17:00:00,109.53471
2012-03-25 18:00:00,109.53471
2012-03-25 19:00:00,111.60879
2012-03-25 20:00:00,100.80087
2012-03-25 21:00:00,100.046295
2012-03-25 22:00:00,89.223305
2012-03-25 23:00:00,91.95467
2012-03-26 00:00:00,128.30249
2012-03-26 01:00:00,120.56638
2012-03-26 02:00:00,108.20184
2012-03-26 03:00:00,117.080444
2012-03-26 04:00:00,113.98627
2012-03-26 05:00:00,121.700005
2012-03-26 06:00:00,111.63149
2012-03-26 07:00:00,129.79036
2012-03-26 08:00:00,143.89314
2012-03-26 09:00:00,211.00555
2012-03-26 10:00:00,238.2763
2012-03-26 11:00:00,235.93663
2012-03-26 12:00:00,246.20462
2012-03-26 13:00:00,212.49963
2012-03-26 14:00:00,261.27332
2012-03-26 15:00:00,228.16006
2012-03-26 16:00:00,218.83336
2012-03-26 17:00:00,250.70593
2012-03-26 18:00:00,244.20741
2012-03-26 19:00:00,253.42851
2012-03-26 20:00:00,212.50641
2012-03-26 21:00:00,209.97635
2012-03-26 22:00:00,227.30664
2012-03-26 23:00:00,182.99251
2012-03-27 00:00:00,173.34818
2012-03-27 01:00:00,175.35168
2012-03-27 02:00:00,178.97395
2012-03-27 03:00:00,172.93436
2012-03-27 04:00:00,152.91638
2012-03-27 05:00:00,140.90424
2012-03-27 06:00:00,142.7679
2012-03-27 07:00:00,142.7679
2012-03-27 08:00:00,141.08743
2012-03-27 09:00:00,143.93372
2012-03-27 10:00:00,169.023
2012-03-27 11:00:00,205.94458
2012-03-27 12:00:00,214.48688
2012-03-27 13:00:00,194.43004
2012-03-27 14:00:00,246.66046
2012-03-27 15:00:00,218.59454
2012-03-27 16:00:00,218.59454
2012-03-27 17:00:00,207.42642
2012-03-27 18:00:00,221.74971
2012-03-27 19:00:00,208.11902
2012-03-27 20:00:00,221.74971
2012-03-27 21:00:00,205.085
2012-03-27 22:00:00,204.71736
2012-03-27 23:00:00,205.4514
2012-03-28 00:00:00,190.3542
2012-03-28 01:00:00,164.07037
2012-03-28 02:00:00,139.34879
2012-03-28 03:00:00,170.59457
2012-03-28 04:00:00,177.3039
2012-03-28 05:00:00,177.3039
2012-03-28 06:00:00,164.8044
2012-03-28 07:00:00,164.43802
2012-03-28 08:00:00,182.20367
2012-03-28 09:00:00,201.3568
2012-03-28 10:00:00,239.12376
2012-03-28 11:00:00,251.41133
2012-03-28 12:00:00,279.1689
2012-03-28 13:00:00,271.87357
2012-03-28 14:00:00,328.76016
2012-03-28 15:00:00,312.59976
2012-03-28 16:00:00,252.85115
2012-03-28 17:00:00,221.54047
2012-03-28 18:00:00,221.54047
2012-03-28 19:00:00,241.76334
2012-03-28 20:00:00,243.04816
2012-03-28 21:00:00,204.50761
2012-03-28 22:00:00,162.46239
2012-03-28 23:00:00,148.83612
2012-03-29 00:00:00,149.5907
2012-03-29 01:00:00,188.57135
2012-03-29 02:00:00,319.36417
2012-03-29 03:00:00,307.48605
2012-03-29 04:00:00,284.7682
2012-03-29 05:00:00,236.159
2012-03-29 06:00:00,157.7039
2012-03-29 07:00:00,194.27809
2012-03-29 08:00:00,212.65678
2012-03-29 09:00:00,216.7879
2012-03-29 10:00:00,213.02441
2012-03-29 11:00:00,238.54422
2012-03-29 12:00:00,244.5459
2012-03-29 13:00:00,224.78989
2012-03-29 14:00:00,251.04372
2012-03-29 15:00:00,272.81952
2012-03-29 16:00:00,285.68665
2012-03-29 17:00:00,277.59833
2012-03-29 18:00:00,263.54318
2012-03-29 19:00:00,254.83722
2012-03-29 20:00:00,250.88925
2012-03-29 21:00:00,215.71622
2012-03-29 22:00:00,207.17389
2012-03-29 23:00:00,194.1236
2012-03-30 00:00:00,185.6008
2012-03-30 01:00:00,163.64175
2012-03-30 02:00:00,133.19223
2012-03-30 03:00:00,128.17421
2012-03-30 04:00:00,142.05942
2012-03-30 05:00:00,126.98603
2012-03-30 06:00:00,133.72198
2012-03-30 07:00:00,132.00558
2012-03-30 08:00:00,118.12088
2012-03-30 09:00:00,134.72313
2012-03-30 10:00:00,145.736
2012-03-30 11:00:00,154.61998
2012-03-30 12:00:00,155.79474
2012-03-30 13:00:00,150.45993
2012-03-30 14:00:00,152.46358
2012-03-30 15:00:00,150.80511
2012-03-30 16:00:00,114.864265
2012-03-30 17:00:00,129.29814
2012-03-30 18:00:00,161.96057
2012-03-30 19:00:00,140.14682
2012-03-30 20:00:00,139.39224
2012-03-30 21:00:00,130.11194
2012-03-30 22:00:00,115.8561
2012-03-30 23:00:00,117.98316
2012-03-31 00:00:00,79.079895
2012-03-31 01:00:00,99.93512
2012-03-31 02:00:00,101.86445
2012-03-31 03:00:00,82.56591
2012-03-31 04:00:00,95.07257
2012-03-31 05:00:00,82.18919
2012-03-31 06:00:00,72.93677
2012-03-31 07:00:00,72.93677
2012-03-31 08:00:00,73.313416
2012-03-31 09:00:00,99.93512
2012-03-31 10:00:00,99.18055
2012-03-31 11:00:00,104.650734
2012-03-31 12:00:00,113.39842
2012-03-31 13:00:00,164.90231
2012-03-31 14:00:00,170.50089
2012-03-31 15:00:00,211.81131
2012-03-31 16:00:00,180.42581
2012-03-31 17:00:00,152.98508
2012-03-31 18:00:00,122.538
2012-03-31 19:00:00,104.70693
2012-03-31 20:00:00,109.34757
2012-03-31 21:00:00,109.34757
2012-03-31 22:00:00,105.671974
2012-03-31 23:00:00,89.3079
2012-04-20 00:00:00,141.82182
2012-04-20 01:00:00,117.080444
2012-04-20 02:00:00,105.10642
2012-04-20 03:00:00,103.97522
2012-04-20 04:00:00,91.987305
2012-04-20 05:00:00,90.66656
2012-04-20 06:00:00,99.92296
2012-04-20 07:00:00,90.66656
2012-04-20 08:00:00,93.39793
2012-04-20 09:00:00,106.50442
2012-04-20 10:00:00,130.2431
2012-04-20 11:00:00,149.21404
2012-04-20 12:00:00,234.65173
2012-04-20 13:00:00,288.89047
2012-04-20 14:00:00,297.97504
2012-04-20 15:00:00,283.696
2012-04-20 16:00:00,293.58456
2012-04-20 17:00:00,293.71942
2012-04-20 18:00:00,274.90894
2012-04-20 19:00:00,254.99681
2012-04-20 20:00:00,221.05188
2012-04-20 21:00:00,151.55367
2012-04-20 22:00:00,152.15314
2012-04-20 23:00:00,139.9337
2012-04-21 00:00:00,106.24981
2012-04-21 01:00:00,106.24981
2012-04-21 02:00:00,105.11731
2012-04-21 03:00:00,95.804726
2012-04-21 04:00:00,96.18134
2012-04-21 05:00:00,96.18134
2012-04-21 06:00:00,95.804695
2012-04-21 07:00:00,96.55921
2012-04-21 08:00:00,100.45546
2012-04-21 09:00:00,108.22668
2012-04-21 10:00:00,213.04022
2012-04-21 11:00:00,248.18413
2012-04-21 12:00:00,260.80948
2012-04-21 13:00:00,286.02844
2012-04-21 14:00:00,352.56332
2012-04-21 15:00:00,387.18558
2012-04-21 16:00:00,366.34766
2012-04-21 17:00:00,397.58896
2012-04-21 18:00:00,338.5396
2012-04-21 19:00:00,167.49567
2012-04-21 20:00:00,114.48213
2012-04-21 21:00:00,115.614655
2012-04-21 22:00:00,94.03009
2012-04-21 23:00:00,99.97757
2012-04-22 00:00:00,98.84515
2012-04-22 01:00:00,100.54388
2012-04-22 02:00:00,106.53774
2012-04-22 03:00:00,95.75096
2012-04-22 04:00:00,103.46468
2012-04-22 05:00:00,104.2192
2012-04-22 06:00:00,113.25372
2012-04-22 07:00:00,112.43049
2012-04-22 08:00:00,100.30045
2012-04-22 09:00:00,100.30045
2012-04-22 10:00:00,98.51323
2012-04-22 11:00:00,90.421555
2012-04-22 12:00:00,90.79947
2012-04-22 13:00:00,98.88985
2012-04-22 14:00:00,90.79947
2012-04-22 15:00:00,91.55408
2012-04-22 16:00:00,92.30861
2012-04-22 17:00:00,71.929596
2012-04-22 18:00:00,71.929596
2012-04-22 19:00:00,82.12898
2012-04-22 20:00:00,73.64598
2012-04-22 21:00:00,82.52579
2012-04-22 22:00:00,77.30327
2012-04-22 23:00:00,90.630844
2012-04-23 00:00:00,84.41116
2012-04-23 01:00:00,96.998215
2012-04-23 02:00:00,94.55764
2012-04-23 03:00:00,103.24789
2012-04-23 04:00:00,106.08876
2012-04-23 05:00:00,106.08876
2012-04-23 06:00:00,98.61047
2012-04-23 07:00:00,109.019714
2012-04-23 08:00:00,104.26593
2012-04-23 09:00:00,92.52869
2012-04-23 10:00:00,103.9894
2012-04-23 11:00:00,97.12033
2012-04-23 12:00:00,87.82496
2012-04-23 13:00:00,79.07983
2012-04-23 14:00:00,87.995735
2012-04-23 15:00:00,92.40046
2012-04-23 16:00:00,90.405174
2012-04-23 17:00:00,96.8373
2012-04-23 18:00:00,114.43063
2012-04-23 19:00:00,112.93846
2012-04-23 20:00:00,111.56069
2012-04-23 21:00:00,102.4933
2012-04-23 22:00:00,103.070045
2012-04-23 23:00:00,102.6934
2012-04-24 00:00:00,113.27709
2012-04-24 01:00:00,105.56334
2012-04-24 02:00:00,95.35628
2012-04-24 03:00:00,93.62606
2012-04-24 04:00:00,107.500786
2012-04-24 05:00:00,107.500786
2012-04-24 06:00:00,107.87868
2012-04-24 07:00:00,117.52179
2012-04-24 08:00:00,126.53757
2012-04-24 09:00:00,186.33481
2012-04-24 10:00:00,194.1236
2012-04-24 11:00:00,267.21985
2012-04-24 12:00:00,275.07846
2012-04-24 13:00:00,283.10617
2012-04-24 14:00:00,280.04782
2012-04-24 15:00:00,272.27124
2012-04-24 16:00:00,269.77
2012-04-24 17:00:00,278.25735
2012-04-24 18:00:00,222.79791
2012-04-24 19:00:00,253.0883
2012-04-24 20:00:00,266.67294
2012-04-24 21:00:00,257.39374
2012-04-24 22:00:00,229.44067
2012-04-24 23:00:00,213.7786
2012-04-25 00:00:00,195.66345
2012-04-25 01:00:00,182.035
2012-04-25 02:00:00,131.8679
2012-04-25 03:00:00,113.10131
2012-04-25 04:00:00,122.00371
2012-04-25 05:00:00,122.965515
2012-04-25 06:00:00,122.965515
2012-04-25 07:00:00,115.251785
2012-04-25 08:00:00,109.29376
2012-04-25 09:00:00,148.68565
2012-04-25 10:00:00,225.47168
2012-04-25 11:00:00,264.88303
2012-04-25 12:00:00,305.6558
2012-04-25 13:00:00,293.18692
2012-04-25 14:00:00,287.02173
2012-04-25 15:00:00,262.46118
2012-04-25 16:00:00,283.53745
2012-04-25 17:00:00,282.4153
2012-04-25 18:00:00,281.8561
2012-04-25 19:00:00,274.77994
2012-04-25 20:00:00,258.78873
2012-04-25 21:00:00,212.7215
2012-04-25 22:00:00,165.10818
2012-04-25 23:00:00,202.58063
2012-04-26 00:00:00,155.53934
2012-04-26 01:00:00,203.75357
2012-04-26 02:00:00,179.86354
2012-04-26 03:00:00,179.68031
2012-04-26 04:00:00,162.03566
2012-04-26 05:00:00,153.79333
2012-04-26 06:00:00,146.40863
2012-04-26 07:00:00,107.64521
2012-04-26 08:00:00,134.81503
2012-04-26 09:00:00,125.18189
2012-04-26 10:00:00,107.05812
2012-04-26 11:00:00,107.812645
2012-04-26 12:00:00,131.83076
2012-04-26 13:00:00,131.02002
2012-04-26 14:00:00,144.57324
2012-04-26 15:00:00,130.25226
2012-04-26 16:00:00,132.96327
2012-04-26 17:00:00,135.32927
2012-04-26 18:00:00,144.57324
2012-04-26 19:00:00,144.95114
2012-04-26 20:00:00,135.70595
2012-04-26 21:00:00,124.09598
2012-04-26 22:00:00,123.34139
2012-04-26 23:00:00,112.8963
2012-04-27 00:00:00,155.82324
2012-04-27 01:00:00,177.15546
2012-04-27 02:00:00,168.26508
2012-04-27 03:00:00,204.54242
2012-04-27 04:00:00,206.80629
2012-04-27 05:00:00,208.09111
2012-04-27 06:00:00,202.69464
2012-04-27 07:00:00,163.64175
2012-04-27 08:00:00,146.3449
2012-04-27 09:00:00,200.4014
2012-04-27 10:00:00,237.35468
2012-04-27 11:00:00,242.73405
2012-04-27 12:00:00,260.4456
2012-04-27 13:00:00,263.27682
2012-04-27 14:00:00,273.3127
2012-04-27 15:00:00,269.25314
2012-04-27 16:00:00,296.71194
2012-04-27 17:00:00,290.71762
2012-04-27 18:00:00,291.91922
2012-04-27 19:00:00,281.577
2012-04-27 20:00:00,281.5842
2012-04-27 21:00:00,264.42224
2012-04-27 22:00:00,233.27328
2012-04-27 23:00:00,215.92816
2012-04-28 00:00:00,205.01892
2012-04-28 01:00:00,167.2706
2012-04-28 02:00:00,187.26529
2012-04-28 03:00:00,147.60391
2012-04-28 04:00:00,138.40799
2012-04-28 05:00:00,151.36572
2012-04-28 06:00:00,145.00983
2012-04-28 07:00:00,138.40799
2012-04-28 08:00:00,217.97665
2012-04-28 09:00:00,213.26965
2012-04-28 10:00:00,234.41782
2012-04-28 11:00:00,229.49112
2012-04-28 12:00:00,186.75864
2012-04-28 13:00:00,219.7247
2012-04-28 14:00:00,243.79025
2012-04-28 15:00:00,249.99869
2012-04-28 16:00:00,269.214
2012-04-28 17:00:00,246.70418
2012-04-28 18:00:00,188.45975
2012-04-28 19:00:00,106.11015
2012-04-28 20:00:00,110.17918
2012-04-28 21:00:00,106.86467
2012-04-28 22:00:00,97.24283
2012-04-28 23:00:00,95.88416
2012-04-29 00:00:00,90.68266
2012-04-29 01:00:00,81.8154
2012-04-29 02:00:00,74.27658
2012-04-29 03:00:00,73.31342
2012-04-29 04:00:00,72.558876
2012-04-29 05:00:00,63.465225
2012-04-29 06:00:00,60.960205
2012-04-29 07:00:00,69.82744
2012-04-29 08:00:00,87.58185
2012-04-29 09:00:00,98.02701
2012-04-29 10:00:00,106.35054
2012-04-29 11:00:00,155.14633
2012-04-29 12:00:00,233.68163
2012-04-29 13:00:00,236.82155
2012-04-29 14:00:00,261.73068
2012-04-29 15:00:00,318.55704
2012-04-29 16:00:00,362.47498
2012-04-29 17:00:00,376.74155
2012-04-29 18:00:00,369.12195
2012-04-29 19:00:00,324.44977
2012-04-29 20:00:00,318.87457
2012-04-29 21:00:00,233.53545
2012-04-29 22:00:00,201.84195
2012-04-29 23:00:00,125.7404
2012-04-30 00:00:00,128.65913
2012-04-30 01:00:00,118.025696
2012-04-30 02:00:00,127.84717
2012-04-30 03:00:00,117.79376
2012-04-30 04:00:00,133.30136
2012-04-30 05:00:00,133.30136
2012-04-30 06:00:00,184.31598
2012-04-30 07:00:00,171.08247
2012-04-30 08:00:00,201.96063
2012-04-30 09:00:00,199.76773
2012-04-30 10:00:00,216.74646
2012-04-30 11:00:00,205.6722
2012-04-30 12:00:00,198.45415
2012-04-30 13:00:00,197.28946
2012-04-30 14:00:00,188.75275
2012-04-30 15:00:00,196.92865
2012-04-30 16:00:00,195.23128
2012-04-30 17:00:00,194.8649
2012-04-30 18:00:00,193.40591
2012-04-30 19:00:00,167.60487
2012-04-30 20:00:00,180.38443
2012-04-30 21:00:00,180.38443
2012-04-30 22:00:00,197.66269
2012-04-30 23:00:00,198.39671
2012-05-20 00:00:00,223.35217
2012-05-20 01:00:00,191.29199
2012-05-20 02:00:00,191.29199
2012-05-20 03:00:00,181.10855
2012-05-20 04:00:00,118.43707
2012-05-20 05:00:00,109.72301
2012-05-20 06:00:00,125.93296
2012-05-20 07:00:00,119.75661
2012-05-20 08:00:00,207.30243
2012-05-20 09:00:00,382.67032
2012-05-20 10:00:00,387.15012
2012-05-20 11:00:00,378.6954
2012-05-20 12:00:00,387.23773
2012-05-20 13:00:00,387.85272
2012-05-20 14:00:00,388.838
2012-05-20 15:00:00,378.48868
2012-05-20 16:00:00,375.23688
2012-05-20 17:00:00,361.63705
2012-05-20 18:00:00,329.59302
2012-05-20 19:00:00,269.51663
2012-05-20 20:00:00,269.5166
2012-05-20 21:00:00,214.82927
2012-05-20 22:00:00,165.80055
2012-05-20 23:00:00,163.819
2012-05-21 00:00:00,132.28845
2012-05-21 01:00:00,120.5512
2012-05-21 02:00:00,130.68591
2012-05-21 03:00:00,131.64137
2012-05-21 04:00:00,130.7085
2012-05-21 05:00:00,130.7085
2012-05-21 06:00:00,130.7085
2012-05-21 07:00:00,130.7085
2012-05-21 08:00:00,139.51642
2012-05-21 09:00:00,139.56573
2012-05-21 10:00:00,135.21783
2012-05-21 11:00:00,143.1066
2012-05-21 12:00:00,144.23776
2012-05-21 13:00:00,139.80283
2012-05-21 14:00:00,151.54007
2012-05-21 15:00:00,172.78873
2012-05-21 16:00:00,173.52274
2012-05-21 17:00:00,199.69022
2012-05-21 18:00:00,156.46933
2012-05-21 19:00:00,172.36905
2012-05-21 20:00:00,172.6047
2012-05-21 21:00:00,161.82878
2012-05-21 22:00:00,163.35977
2012-05-21 23:00:00,167.54095
2012-05-22 00:00:00,132.65295
2012-05-22 01:00:00,140.01114
2012-05-22 02:00:00,139.63446
2012-05-22 03:00:00,139.63446
2012-05-22 04:00:00,129.94391
2012-05-22 05:00:00,139.18784
2012-05-22 06:00:00,138.05667
2012-05-22 07:00:00,138.05667
2012-05-22 08:00:00,129.56601
2012-05-22 09:00:00,142.352
2012-05-22 10:00:00,151.98566
2012-05-22 11:00:00,150.85313
2012-05-22 12:00:00,154.89145
2012-05-22 13:00:00,164.01578
2012-05-22 14:00:00,165.3366
2012-05-22 15:00:00,231.9903
2012-05-22 16:00:00,232.56693
2012-05-22 17:00:00,226.17392
2012-05-22 18:00:00,244.1836
2012-05-22 19:00:00,201.51672
2012-05-22 20:00:00,172.9474
2012-05-22 21:00:00,146.40083
2012-05-22 22:00:00,153.54956
2012-05-22 23:00:00,153.73792
2012-05-23 00:00:00,146.40083
2012-05-23 01:00:00,134.23929
2012-05-23 02:00:00,143.1066
2012-05-23 03:00:00,143.30664
2012-05-23 04:00:00,149.633
2012-05-23 05:00:00,139.51642
2012-05-23 06:00:00,120.32203
2012-05-23 07:00:00,129.44641
2012-05-23 08:00:00,129.44641
2012-05-23 09:00:00,153.57065
2012-05-23 10:00:00,145.83583
2012-05-23 11:00:00,155.14859
2012-05-23 12:00:00,190.4853
2012-05-23 13:00:00,174.37592
2012-05-23 14:00:00,218.07465
2012-05-23 15:00:00,205.75644
2012-05-23 16:00:00,231.5099
2012-05-23 17:00:00,187.1401
2012-05-23 18:00:00,187.1401
2012-05-23 19:00:00,145.83798
2012-05-23 20:00:00,144.89505
2012-05-23 21:00:00,143.7626
2012-05-23 22:00:00,145.83798
2012-05-23 23:00:00,133.86142
2012-05-24 00:00:00,133.29642
2012-05-24 01:00:00,123.488365
2012-05-24 02:00:00,122.35586
2012-05-24 03:00:00,132.54388
2012-05-24 04:00:00,133.29855
2012-05-24 05:00:00,133.29855
2012-05-24 06:00:00,133.29855
2012-05-24 07:00:00,133.48474
2012-05-24 08:00:00,154.11456
2012-05-24 09:00:00,154.49251
2012-05-24 10:00:00,198.71371
2012-05-24 11:00:00,208.3808
2012-05-24 12:00:00,250.62079
2012-05-24 13:00:00,280.1469
2012-05-24 14:00:00,297.40335
2012-05-24 15:00:00,297.76974
2012-05-24 16:00:00,299.0546
2012-05-24 17:00:00,298.1374
2012-05-24 18:00:00,294.5765
2012-05-24 19:00:00,254.78839
2012-05-24 20:00:00,200.0578
2012-05-24 21:00:00,157.68536
2012-05-24 22:00:00,155.51468
2012-05-24 23:00:00,155.89133
2012-05-25 00:00:00,136.59279
2012-05-25 01:00:00,136.0278
2012-05-25 02:00:00,143.7626
2012-05-25 03:00:00,135.26147
2012-05-25 04:00:00,133.94069
2012-05-25 05:00:00,135.07315
2012-05-25 06:00:00,135.26147
2012-05-25 07:00:00,136.01605
2012-05-25 08:00:00,136.45016
2012-05-25 09:00:00,136.82678
2012-05-25 10:00:00,153.41635
2012-05-25 11:00:00,153.03845
2012-05-25 12:00:00,227.05435
2012-05-25 13:00:00,260.38547
2012-05-25 14:00:00,269.00427
2012-05-25 15:00:00,277.64566
2012-05-25 16:00:00,315.94586
2012-05-25 17:00:00,278.74728
2012-05-25 18:00:00,277.64566
2012-05-25 19:00:00,266.89154
2012-05-25 20:00:00,234.36584
2012-05-25 21:00:00,227.74179
2012-05-25 22:00:00,157.64412
2012-05-25 23:00:00,150.88794
2012-05-26 00:00:00,110.491295
2012-05-26 01:00:00,110.11336
2012-05-26 02:00:00,100.85692
2012-05-26 03:00:00,99.29158
2012-05-26 04:00:00,99.668236
2012-05-26 05:00:00,110.99931
2012-05-26 06:00:00,100.422806
2012-05-26 07:00:00,108.91344
2012-05-26 08:00:00,119.92145
2012-05-26 09:00:00,110.868004
2012-05-26 10:00:00,132.5411
2012-05-26 11:00:00,172.27713
2012-05-26 12:00:00,250.48001
2012-05-26 13:00:00,257.57974
2012-05-26 14:00:00,264.20377
2012-05-26 15:00:00,277.42957
2012-05-26 16:00:00,348.12546
2012-05-26 17:00:00,356.20074
2012-05-26 18:00:00,346.9439
2012-05-26 19:00:00,268.59628
2012-05-26 20:00:00,325.1681
2012-05-26 21:00:00,278.38748
2012-05-26 22:00:00,185.50293
2012-05-26 23:00:00,185.50293
2012-05-27 00:00:00,202.70406
2012-05-27 01:00:00,155.48352
2012-05-27 02:00:00,152.34363
2012-05-27 03:00:00,139.11783
2012-05-27 04:00:00,110.24473
2012-05-27 05:00:00,110.24473
2012-05-27 06:00:00,109.86807
2012-05-27 07:00:00,100.04617
2012-05-27 08:00:00,110.868004
2012-05-27 09:00:00,116.07157
2012-05-27 10:00:00,171.77919
2012-05-27 11:00:00,240.78616
2012-05-27 12:00:00,257.08185
2012-05-27 13:00:00,305.74118
2012-05-27 14:00:00,318.96698
2012-05-27 15:00:00,358.76126
2012-05-27 16:00:00,358.76126
2012-05-27 17:00:00,372.17795
2012-05-27 18:00:00,326.90045
2012-05-27 19:00:00,305.74118
2012-05-27 20:00:00,304.99728
2012-05-27 21:00:00,229.84146
2012-05-27 22:00:00,125.52726
2012-05-27 23:00:00,127.22472
2012-05-28 00:00:00,104.05714
2012-05-28 01:00:00,155.71939
2012-05-28 02:00:00,101.32573
2012-05-28 03:00:00,144.90509
2012-05-28 04:00:00,110.01523
2012-05-28 05:00:00,110.01523
2012-05-28 06:00:00,144.90509
2012-05-28 07:00:00,112.35606
2012-05-28 08:00:00,153.9984
2012-05-28 09:00:00,225.57735
2012-05-28 10:00:00,225.57735
2012-05-28 11:00:00,236.41743
2012-05-28 12:00:00,281.8874
2012-05-28 13:00:00,312.5217
2012-05-28 14:00:00,312.5217
2012-05-28 15:00:00,349.16
2012-05-28 16:00:00,349.52765
2012-05-28 17:00:00,349.16
2012-05-28 18:00:00,327.3842
2012-05-28 19:00:00,342.08304
2012-05-28 20:00:00,302.66257
2012-05-28 21:00:00,276.31192
2012-05-28 22:00:00,226.62628
2012-05-28 23:00:00,194.88004
2012-05-29 00:00:00,158.61871
2012-05-29 01:00:00,158.61871
2012-05-29 02:00:00,146.86746
2012-05-29 03:00:00,159.76889
2012-05-29 04:00:00,150.88794
2012-05-29 05:00:00,150.88794
2012-05-29 06:00:00,150.88794
2012-05-29 07:00:00,150.88794
2012-05-29 08:00:00,186.27902
2012-05-29 09:00:00,226.02518
2012-05-29 10:00:00,235.11835
2012-05-29 11:00:00,278.9305
2012-05-29 12:00:00,330.20673
2012-05-29 13:00:00,352.69705
2012-05-29 14:00:00,353.06348
2012-05-29 15:00:00,365.93054
2012-05-29 16:00:00,367.21417
2012-05-29 17:00:00,376.58463
2012-05-29 18:00:00,355.72607
2012-05-29 19:00:00,329.35318
2012-05-29 20:00:00,253.15553
2012-05-29 21:00:00,103.49843
2012-05-29 22:00:00,135.07315
2012-05-29 23:00:00,131.45717
2012-05-30 00:00:00,145.31744
2012-05-30 01:00:00,146.4487
2012-05-30 02:00:00,132.58965
2012-05-30 03:00:00,144.50546
2012-05-30 04:00:00,135.63809
2012-05-30 05:00:00,155.26814
2012-05-30 06:00:00,152.17392
2012-05-30 07:00:00,149.6904
2012-05-30 08:00:00,162.73654
2012-05-30 09:00:00,184.85641
2012-05-30 10:00:00,185.95807
2012-05-30 11:00:00,216.60086
2012-05-30 12:00:00,219.71893
2012-05-30 13:00:00,232.5313
2012-05-30 14:00:00,296.3093
2012-05-30 15:00:00,278.79605
2012-05-30 16:00:00,286.61102
2012-05-30 17:00:00,277.00137
2012-05-30 18:00:00,296.49954
2012-05-30 19:00:00,280.1469
2012-05-30 20:00:00,183.78152
2012-05-30 21:00:00,247.48431
2012-05-30 22:00:00,175.66998
2012-05-30 23:00:00,201.77896
2012-05-31 00:00:00,172.6047
2012-05-31 01:00:00,162.70193
2012-05-31 02:00:00,188.81093
2012-05-31 03:00:00,161.82878
2012-05-31 04:00:00,156.32785
2012-05-31 05:00:00,187.78337
2012-05-31 06:00:00,154.62384
2012-05-31 07:00:00,204.6298
2012-05-31 08:00:00,243.66318
2012-05-31 09:00:00,298.9288
2012-05-31 10:00:00,349.98993
2012-05-31 11:00:00,346.10532
2012-05-31 12:00:00,322.68665
2012-05-31 13:00:00,314.81668
2012-05-31 14:00:00,331.4382
2012-05-31 15:00:00,353.33896
2012-05-31 16:00:00,350.4272
2012-05-31 17:00:00,325.6147
2012-05-31 18:00:00,326.85815
2012-05-31 19:00:00,321.28656
2012-05-31 20:00:00,291.09924
2012-05-31 21:00:00,291.09924
2012-05-31 22:00:00,272.8675
2012-05-31 23:00:00,267.6842
2012-06-20 00:00:00,158.61871
2012-06-20 01:00:00,153.793
2012-06-20 02:00:00,142.41966
2012-06-20 03:00:00,142.04172
2012-06-20 04:00:00,141.47673
2012-06-20 05:00:00,141.47673
2012-06-20 06:00:00,136.26184
2012-06-20 07:00:00,137.8469
2012-06-20 08:00:00,166.3548
2012-06-20 09:00:00,165.04532
2012-06-20 10:00:00,306.86774
2012-06-20 11:00:00,334.23917
2012-06-20 12:00:00,336.0509
2012-06-20 13:00:00,325.04456
2012-06-20 14:00:00,363.76212
2012-06-20 15:00:00,326.73227
2012-06-20 16:00:00,347.1538
2012-06-20 17:00:00,323.40906
2012-06-20 18:00:00,323.40912
2012-06-20 19:00:00,372.82306
2012-06-20 20:00:00,364.63834
2012-06-20 21:00:00,313.97986
2012-06-20 22:00:00,310.1404
2012-06-20 23:00:00,273.4013
2012-06-21 00:00:00,246.07953
2012-06-21 01:00:00,193.32697
2012-06-21 02:00:00,186.72511
2012-06-21 03:00:00,183.34483
2012-06-21 04:00:00,160.92334
2012-06-21 05:00:00,161.11172
2012-06-21 06:00:00,169.79065
2012-06-21 07:00:00,169.79065
2012-06-21 08:00:00,203.91264
2012-06-21 09:00:00,345.12625
2012-06-21 10:00:00,345.25668
2012-06-21 11:00:00,373.70755
2012-06-21 12:00:00,392.47696
2012-06-21 13:00:00,355.7926
2012-06-21 14:00:00,384.39313
2012-06-21 15:00:00,383.75418
2012-06-21 16:00:00,382.0377
2012-06-21 17:00:00,350.6489
2012-06-21 18:00:00,389.3113
2012-06-21 19:00:00,398.66553
2012-06-21 20:00:00,382.8472
2012-06-21 21:00:00,356.8816
2012-06-21 22:00:00,323.8457
2012-06-21 23:00:00,311.08725
2012-06-22 00:00:00,274.44223
2012-06-22 01:00:00,249.4508
2012-06-22 02:00:00,170.23279
2012-06-22 03:00:00,170.23279
2012-06-22 04:00:00,246.33473
2012-06-22 05:00:00,271.9964
2012-06-22 06:00:00,236.92888
2012-06-22 07:00:00,311.22928
2012-06-22 08:00:00,315.18198
2012-06-22 09:00:00,332.5889
2012-06-22 10:00:00,377.77228
2012-06-22 11:00:00,348.38663
2012-06-22 12:00:00,353.04547
2012-06-22 13:00:00,398.66553
2012-06-22 14:00:00,398.66553
2012-06-22 15:00:00,417.4564
2012-06-22 16:00:00,382.30615
2012-06-22 17:00:00,362.91794
2012-06-22 18:00:00,340.7501
2012-06-22 19:00:00,344.35376
2012-06-22 20:00:00,344.35376
2012-06-22 21:00:00,260.98282
2012-06-22 22:00:00,231.15195
2012-06-22 23:00:00,174.01114
2012-06-23 00:00:00,119.75382
2012-06-23 01:00:00,144.68112
2012-06-23 02:00:00,131.07312
2012-06-23 03:00:00,129.75362
2012-06-23 04:00:00,130.69652
2012-06-23 05:00:00,131.07312
2012-06-23 06:00:00,120.88629
2012-06-23 07:00:00,121.82923
2012-06-23 08:00:00,236.99985
2012-06-23 09:00:00,299.4575
2012-06-23 10:00:00,350.78546
2012-06-23 11:00:00,401.11475
2012-06-23 12:00:00,422.67313
2012-06-23 13:00:00,435.3071
2012-06-23 14:00:00,434.5517
2012-06-23 15:00:00,443.8329
2012-06-23 16:00:00,424.56482
2012-06-23 17:00:00,415.70233
2012-06-23 18:00:00,422.51767
2012-06-23 19:00:00,407.31784
2012-06-23 20:00:00,418.486
2012-06-23 21:00:00,411.4766
2012-06-23 22:00:00,392.56476
2012-06-23 23:00:00,313.68588
2012-06-24 00:00:00,280.30573
2012-06-24 01:00:00,319.15778
2012-06-24 02:00:00,289.80322
2012-06-24 03:00:00,241.77873
2012-06-24 04:00:00,221.9289
2012-06-24 05:00:00,192.15192
2012-06-24 06:00:00,230.52206
2012-06-24 07:00:00,191.18726
2012-06-24 08:00:00,250.41025
2012-06-24 09:00:00,286.76074
2012-06-24 10:00:00,343.6596
2012-06-24 11:00:00,401.05972
2012-06-24 12:00:00,432.81754
2012-06-24 13:00:00,441.89957
2012-06-24 14:00:00,439.28424
2012-06-24 15:00:00,423.74606
2012-06-24 16:00:00,432.4689
2012-06-24 17:00:00,439.45267
2012-06-24 18:00:00,444.38913
2012-06-24 19:00:00,456.06265
2012-06-24 20:00:00,418.84576
2012-06-24 21:00:00,367.10327
2012-06-24 22:00:00,325.29214
2012-06-24 23:00:00,311.376
2012-06-25 00:00:00,298.24545
2012-06-25 01:00:00,273.15747
2012-06-25 02:00:00,251.10165
2012-06-25 03:00:00,247.35635
2012-06-25 04:00:00,185.1347
2012-06-25 05:00:00,195.44592
2012-06-25 06:00:00,158.73987
2012-06-25 07:00:00,208.6718
2012-06-25 08:00:00,234.68399
2012-06-25 09:00:00,272.78992
2012-06-25 10:00:00,322.99695
2012-06-25 11:00:00,402.36493
2012-06-25 12:00:00,373.39062
2012-06-25 13:00:00,344.37332
2012-06-25 14:00:00,375.6704
2012-06-25 15:00:00,407.80774
2012-06-25 16:00:00,391.80508
2012-06-25 17:00:00,366.1865
2012-06-25 18:00:00,372.80515
2012-06-25 19:00:00,369.75586
2012-06-25 20:00:00,378.44876
2012-06-25 21:00:00,363.19778
2012-06-25 22:00:00,362.12564
2012-06-25 23:00:00,368.60916
2012-06-26 00:00:00,365.90268
2012-06-26 01:00:00,361.31912
2012-06-26 02:00:00,308.2537
2012-06-26 03:00:00,290.9086
2012-06-26 04:00:00,291.09177
2012-06-26 05:00:00,270.41763
2012-06-26 06:00:00,251.67128
2012-06-26 07:00:00,252.4053
2012-06-26 08:00:00,282.3375
2012-06-26 09:00:00,305.21378
2012-06-26 10:00:00,352.4576
2012-06-26 11:00:00,370.03506
2012-06-26 12:00:00,369.3369
2012-06-26 13:00:00,371.36023
2012-06-26 14:00:00,371.36023
2012-06-26 15:00:00,369.88132
2012-06-26 16:00:00,359.08102
2012-06-26 17:00:00,369.2677
2012-06-26 18:00:00,366.34103
2012-06-26 19:00:00,345.91022
2012-06-26 20:00:00,359.18164
2012-06-26 21:00:00,349.631
2012-06-26 22:00:00,357.45728
2012-06-26 23:00:00,312.0062
2012-06-27 00:00:00,327.60995
2012-06-27 01:00:00,312.0873
2012-06-27 02:00:00,273.25772
2012-06-27 03:00:00,273.34213
2012-06-27 04:00:00,341.944
2012-06-27 05:00:00,337.1411
2012-06-27 06:00:00,303.56247
2012-06-27 07:00:00,338.05826
2012-06-27 08:00:00,343.26895
2012-06-27 09:00:00,363.61166
2012-06-27 10:00:00,366.22296
2012-06-27 11:00:00,370.8384
2012-06-27 12:00:00,365.5972
2012-06-27 13:00:00,368.7557
2012-06-27 14:00:00,362.06146
2012-06-27 15:00:00,375.7847
2012-06-27 16:00:00,369.23575
2012-06-27 17:00:00,366.9952
2012-06-27 18:00:00,368.7557
2012-06-27 19:00:00,372.94012
2012-06-27 20:00:00,356.6835
2012-06-27 21:00:00,347.94986
2012-06-27 22:00:00,325.50034
2012-06-27 23:00:00,311.23026
2012-06-28 00:00:00,291.67383
2012-06-28 01:00:00,243.49377
2012-06-28 02:00:00,287.77942
2012-06-28 03:00:00,287.77942
2012-06-28 04:00:00,251.76987
2012-06-28 05:00:00,265.84766
2012-06-28 06:00:00,265.84766
2012-06-28 07:00:00,251.76987
2012-06-28 08:00:00,299.46265
2012-06-28 09:00:00,309.25348
2012-06-28 10:00:00,338.69843
2012-06-28 11:00:00,362.277
2012-06-28 12:00:00,363.28992
2012-06-28 13:00:00,357.7542
2012-06-28 14:00:00,369.41266
2012-06-28 15:00:00,369.41266
2012-06-28 16:00:00,344.77722
2012-06-28 17:00:00,341.2854
2012-06-28 18:00:00,353.51523
2012-06-28 19:00:00,380.2761
2012-06-28 20:00:00,375.35757
2012-06-28 21:00:00,330.78574
2012-06-28 22:00:00,329.4611
2012-06-28 23:00:00,323.0947
2012-06-29 00:00:00,323.0947
2012-06-29 01:00:00,324.44553
2012-06-29 02:00:00,312.2103
2012-06-29 03:00:00,312.2103
2012-06-29 04:00:00,272.42352
2012-06-29 05:00:00,275.66782
2012-06-29 06:00:00,287.87527
2012-06-29 07:00:00,275.66782
2012-06-29 08:00:00,297.7135
2012-06-29 09:00:00,322.99695
2012-06-29 10:00:00,418.21082
2012-06-29 11:00:00,409.07727
2012-06-29 12:00:00,406.72183
2012-06-29 13:00:00,405.85693
2012-06-29 14:00:00,411.1565
2012-06-29 15:00:00,371.43286
2012-06-29 16:00:00,371.43286
2012-06-29 17:00:00,402.4185
2012-06-29 18:00:00,357.38452
2012-06-29 19:00:00,394.46945
2012-06-29 20:00:00,418.90207
2012-06-29 21:00:00,364.6912
2012-06-29 22:00:00,331.91913
2012-06-29 23:00:00,331.91913
2012-06-30 00:00:00,130.30734
2012-06-30 01:00:00,131.06184
2012-06-30 02:00:00,119.36464
2012-06-30 03:00:00,119.36464
2012-06-30 04:00:00,106.825195
2012-06-30 05:00:00,112.57271
2012-06-30 06:00:00,112.57271
2012-06-30 07:00:00,112.57271
2012-06-30 08:00:00,112.57271
2012-06-30 09:00:00,112.57271
2012-06-30 10:00:00,438.80957
2012-06-30 11:00:00,438.80957
2012-06-30 12:00:00,438.80957
2012-06-30 13:00:00,438.80957
2012-06-30 14:00:00,438.80957
2012-06-30 15:00:00,438.80957
2012-06-30 16:00:00,424.50153
2012-06-30 17:00:00,427.62918
2012-06-30 18:00:00,406.6555
2012-06-30 19:00:00,446.71686
2012-06-30 20:00:00,397.9023
2012-06-30 21:00:00,397.9023
2012-06-30 22:00:00,325.9403
2012-06-30 23:00:00,307.1962
2012-07-20 00:00:00,159.18452
2012-07-20 01:00:00,142.01492
2012-07-20 02:00:00,150.31726
2012-07-20 03:00:00,150.50562
2012-07-20 04:00:00,151.2602
2012-07-20 05:00:00,150.88232
2012-07-20 06:00:00,151.2602
2012-07-20 07:00:00,151.63684
2012-07-20 08:00:00,167.45059
2012-07-20 09:00:00,197.71956
2012-07-20 10:00:00,204.34354
2012-07-20 11:00:00,243.15698
2012-07-20 12:00:00,180.11383
2012-07-20 13:00:00,175.56326
2012-07-20 14:00:00,187.19083
2012-07-20 15:00:00,191.03493
2012-07-20 16:00:00,184.32558
2012-07-20 17:00:00,144.50563
2012-07-20 18:00:00,194.89334
2012-07-20 19:00:00,160.79851
2012-07-20 20:00:00,159.89047
2012-07-20 21:00:00,153.57942
2012-07-20 22:00:00,157.55258
2012-07-20 23:00:00,156.02875
2012-07-21 00:00:00,161.99219
2012-07-21 01:00:00,137.25189
2012-07-21 02:00:00,127.91022
2012-07-21 03:00:00,127.53229
2012-07-21 04:00:00,127.287
2012-07-21 05:00:00,126.90911
2012-07-21 06:00:00,126.90911
2012-07-21 07:00:00,118.04181
2012-07-21 08:00:00,125.75553
2012-07-21 09:00:00,125.00098
2012-07-21 10:00:00,126.90911
2012-07-21 11:00:00,128.47304
2012-07-21 12:00:00,139.07254
2012-07-21 13:00:00,136.20917
2012-07-21 14:00:00,118.66499
2012-07-21 15:00:00,127.53229
2012-07-21 16:00:00,126.77775
2012-07-21 17:00:00,126.4011
2012-07-21 18:00:00,117.910484
2012-07-21 19:00:00,117.53382
2012-07-21 20:00:00,126.4011
2012-07-21 21:00:00,117.53382
2012-07-21 22:00:00,116.77921
2012-07-21 23:00:00,115.45844
2012-07-22 00:00:00,116.77921
2012-07-22 01:00:00,117.53382
2012-07-22 02:00:00,116.77921
2012-07-22 03:00:00,116.77921
2012-07-22 04:00:00,106.59116
2012-07-22 05:00:00,106.59116
2012-07-22 06:00:00,129.13037
2012-07-22 07:00:00,127.99793
2012-07-22 08:00:00,138.4292
2012-07-22 09:00:00,195.81995
2012-07-22 10:00:00,163.18372
2012-07-22 11:00:00,163.18372
2012-07-22 12:00:00,231.80441
2012-07-22 13:00:00,261.13977
2012-07-22 14:00:00,253.52081
2012-07-22 15:00:00,253.52081
2012-07-22 16:00:00,263.21463
2012-07-22 17:00:00,289.6663
2012-07-22 18:00:00,276.44046
2012-07-22 19:00:00,240.6377
2012-07-22 20:00:00,204.86157
2012-07-22 21:00:00,158.99953
2012-07-22 22:00:00,211.46346
2012-07-22 23:00:00,158.50159
2012-07-23 00:00:00,141.45
2012-07-23 01:00:00,142.76952
2012-07-23 02:00:00,142.60358
2012-07-23 03:00:00,142.60358
2012-07-23 04:00:00,143.16853
2012-07-23 05:00:00,143.16853
2012-07-23 06:00:00,157.25116
2012-07-23 07:00:00,161.48834
2012-07-23 08:00:00,186.72511
2012-07-23 09:00:00,253.13866
2012-07-23 10:00:00,269.658
2012-07-23 11:00:00,337.54636
2012-07-23 12:00:00,337.54636
2012-07-23 13:00:00,321.94254
2012-07-23 14:00:00,319.03897
2012-07-23 15:00:00,345.12625
2012-07-23 16:00:00,341.2778
2012-07-23 17:00:00,341.2778
2012-07-23 18:00:00,344.5505
2012-07-23 19:00:00,365.31503
2012-07-23 20:00:00,309.78073
2012-07-23 21:00:00,314.5766
2012-07-23 22:00:00,303.0885
2012-07-23 23:00:00,279.50043
2012-07-24 00:00:00,212.23947
2012-07-24 01:00:00,172.5035
2012-07-24 02:00:00,153.75754
2012-07-24 03:00:00,153.75754
2012-07-24 04:00:00,152.8147
2012-07-24 05:00:00,153.00296
2012-07-24 06:00:00,153.37964
2012-07-24 07:00:00,218.86348
2012-07-24 08:00:00,270.7645
2012-07-24 09:00:00,311.19147
2012-07-24 10:00:00,373.84702
2012-07-24 11:00:00,392.64902
2012-07-24 12:00:00,353.5806
2012-07-24 13:00:00,384.83408
2012-07-24 14:00:00,365.33588
2012-07-24 15:00:00,390.65875
2012-07-24 16:00:00,366.77005
2012-07-24 17:00:00,377.40588
2012-07-24 18:00:00,316.22903
2012-07-24 19:00:00,309.78073
2012-07-24 20:00:00,288.04276
2012-07-24 21:00:00,288.77676
2012-07-24 22:00:00,289.14316
2012-07-24 23:00:00,322.38562
2012-07-25 00:00:00,313.49518
2012-07-25 01:00:00,303.6681
2012-07-25 02:00:00,282.27933
2012-07-25 03:00:00,256.09235
2012-07-25 04:00:00,247.56955
2012-07-25 05:00:00,244.52397
2012-07-25 06:00:00,247.20195
2012-07-25 07:00:00,323.54474
2012-07-25 08:00:00,356.63574
2012-07-25 09:00:00,378.8108
2012-07-25 10:00:00,309.81546
2012-07-25 11:00:00,323.7378
2012-07-25 12:00:00,323.7378
2012-07-25 13:00:00,354.94437
2012-07-25 14:00:00,346.21127
2012-07-25 15:00:00,343.5956
2012-07-25 16:00:00,350.7599
2012-07-25 17:00:00,330.2601
2012-07-25 18:00:00,339.22757
2012-07-25 19:00:00,350.31107
2012-07-25 20:00:00,346.2682
2012-07-25 21:00:00,324.25522
2012-07-25 22:00:00,292.81967
2012-07-25 23:00:00,300.8412
2012-07-26 00:00:00,255.72476
2012-07-26 01:00:00,256.09235
2012-07-26 02:00:00,238.81407
2012-07-26 03:00:00,238.44768
2012-07-26 04:00:00,202.04779
2012-07-26 05:00:00,202.04779
2012-07-26 06:00:00,185.1347
2012-07-26 07:00:00,236.7887
2012-07-26 08:00:00,234.59581
2012-07-26 09:00:00,259.2952
2012-07-26 10:00:00,271.13208
2012-07-26 11:00:00,326.18695
2012-07-26 12:00:00,372.91583
2012-07-26 13:00:00,396.38052
2012-07-26 14:00:00,410.0732
2012-07-26 15:00:00,427.65692
2012-07-26 16:00:00,439.5733
2012-07-26 17:00:00,448.2422
2012-07-26 18:00:00,436.71793
2012-07-26 19:00:00,430.75195
2012-07-26 20:00:00,389.26846
2012-07-26 21:00:00,394.12503
2012-07-26 22:00:00,394.12503
2012-07-26 23:00:00,248.01556
2012-07-27 00:00:00,197.45764
2012-07-27 01:00:00,241.4137
2012-07-27 02:00:00,179.60327
2012-07-27 03:00:00,218.86348
2012-07-27 04:00:00,167.50462
2012-07-27 05:00:00,159.79086
2012-07-27 06:00:00,167.50462
2012-07-27 07:00:00,261.24146
2012-07-27 08:00:00,272.56854
2012-07-27 09:00:00,386.76434
2012-07-27 10:00:00,320.37384
2012-07-27 11:00:00,406.20755
2012-07-27 12:00:00,411.03616
2012-07-27 13:00:00,394.4982
2012-07-27 14:00:00,405.56284
2012-07-27 15:00:00,396.3118
2012-07-27 16:00:00,378.89444
2012-07-27 17:00:00,407.9784
2012-07-27 18:00:00,360.15427
2012-07-27 19:00:00,356.8816
2012-07-27 20:00:00,307.81134
2012-07-27 21:00:00,307.81134
2012-07-27 22:00:00,315.60016
2012-07-27 23:00:00,230.40167
2012-07-28 00:00:00,291.86893
2012-07-28 01:00:00,224.11089
2012-07-28 02:00:00,204.26111
2012-07-28 03:00:00,204.26111
2012-07-28 04:00:00,178.82721
2012-07-28 05:00:00,158.50159
2012-07-28 06:00:00,213.68814
2012-07-28 07:00:00,234.01367
2012-07-28 08:00:00,276.44046
2012-07-28 09:00:00,327.02072
2012-07-28 10:00:00,417.93442
2012-07-28 11:00:00,447.8225
2012-07-28 12:00:00,445.39212
2012-07-28 13:00:00,468.16623
2012-07-28 14:00:00,460.68765
2012-07-28 15:00:00,450.3419
2012-07-28 16:00:00,454.86404
2012-07-28 17:00:00,423.3793
2012-07-28 18:00:00,451.38297
2012-07-28 19:00:00,129.40526
2012-07-28 20:00:00,131.89473
2012-07-28 21:00:00,134.7784
2012-07-28 22:00:00,134.7784
2012-07-28 23:00:00,125.71205
2012-07-29 00:00:00,114.91238
2012-07-29 01:00:00,125.90037
2012-07-29 02:00:00,174.82004
2012-07-29 03:00:00,227.30606
2012-07-29 04:00:00,211.01497
2012-07-29 05:00:00,142.57593
2012-07-29 06:00:00,178.30414
2012-07-29 07:00:00,233.9079
2012-07-29 08:00:00,272.77606
2012-07-29 09:00:00,312.68332
2012-07-29 10:00:00,246.21756
2012-07-29 11:00:00,367.10327
2012-07-29 12:00:00,374.48672
2012-07-29 13:00:00,419.42657
2012-07-29 14:00:00,416.209
2012-07-29 15:00:00,407.0694
2012-07-29 16:00:00,407.0694
2012-07-29 17:00:00,424.485
2012-07-29 18:00:00,449.97525
2012-07-29 19:00:00,353.8774
2012-07-29 20:00:00,263.21463
2012-07-29 21:00:00,234.01367
2012-07-29 22:00:00,213.68814
2012-07-29 23:00:00,190.5374
2012-07-30 00:00:00,202.33673
2012-07-30 01:00:00,173.939
2012-07-30 02:00:00,166.16261
2012-07-30 03:00:00,151.68219
2012-07-30 04:00:00,151.68219
2012-07-30 05:00:00,153.00296
2012-07-30 06:00:00,153.75754
2012-07-30 07:00:00,169.7005
2012-07-30 08:00:00,237.4776
2012-07-30 09:00:00,219.84572
2012-07-30 10:00:00,286.58386
2012-07-30 11:00:00,317.97607
2012-07-30 12:00:00,298.4196
2012-07-30 13:00:00,348.38663
2012-07-30 14:00:00,363.99036
2012-07-30 15:00:00,371.7792
2012-07-30 16:00:00,379.5941
2012-07-30 17:00:00,344.16144
2012-07-30 18:00:00,334.97412
2012-07-30 19:00:00,349.0928
2012-07-30 20:00:00,262.58975
2012-07-30 21:00:00,261.24146
2012-07-30 22:00:00,234.2294
2012-07-30 23:00:00,225.46536
2012-07-31 00:00:00,165.8795
2012-07-31 01:00:00,153.37964
2012-07-31 02:00:00,153.37964
2012-07-31 03:00:00,152.81464
2012-07-31 04:00:00,152.8147
2012-07-31 05:00:00,153.75754
2012-07-31 06:00:00,139.67534
2012-07-31 07:00:00,159.62039
2012-07-31 08:00:00,179.60333
2012-07-31 09:00:00,241.4137
2012-07-31 10:00:00,214.54074
2012-07-31 11:00:00,261.59763
2012-07-31 12:00:00,310.0671
2012-07-31 13:00:00,366.58682
2012-07-31 14:00:00,366.58682
2012-07-31 15:00:00,301.96576
2012-07-31 16:00:00,332.5889
2012-07-31 17:00:00,350.35596
2012-07-31 18:00:00,343.61063
2012-07-31 19:00:00,300.72153
2012-07-31 20:00:00,246.3482
2012-07-31 21:00:00,179.10535
2012-07-31 22:00:00,224.96742
2012-07-31 23:00:00,162.62488
2012-08-20 00:00:00,153.68994
2012-08-20 01:00:00,145.57722
2012-08-20 02:00:00,145.57722
2012-08-20 03:00:00,135.01459
2012-08-20 04:00:00,153.50156
2012-08-20 05:00:00,152.36908
2012-08-20 06:00:00,163.88855
2012-08-20 07:00:00,166.60602
2012-08-20 08:00:00,187.50269
2012-08-20 09:00:00,188.92957
2012-08-20 10:00:00,220.00453
2012-08-20 11:00:00,240.9653
2012-08-20 12:00:00,263.59586
2012-08-20 13:00:00,292.81967
2012-08-20 14:00:00,314.55698
2012-08-20 15:00:00,330.58902
2012-08-20 16:00:00,330.58902
2012-08-20 17:00:00,304.76968
2012-08-20 18:00:00,179.85556
2012-08-20 19:00:00,174.69412
2012-08-20 20:00:00,156.02875
2012-08-20 21:00:00,143.5018
2012-08-20 22:00:00,152.36908
2012-08-20 23:00:00,152.36908
2012-08-21 00:00:00,153.50156
2012-08-21 01:00:00,154.06659
2012-08-21 02:00:00,145.52231
2012-08-21 03:00:00,130.33914
2012-08-21 04:00:00,130.33914
2012-08-21 05:00:00,139.1853
2012-08-21 06:00:00,139.37363
2012-08-21 07:00:00,154.64456
2012-08-21 08:00:00,155.02118
2012-08-21 09:00:00,172.99648
2012-08-21 10:00:00,262.7773
2012-08-21 11:00:00,256.38437
2012-08-21 12:00:00,289.15335
2012-08-21 13:00:00,303.35135
2012-08-21 14:00:00,338.53766
2012-08-21 15:00:00,315.119
2012-08-21 16:00:00,315.119
2012-08-21 17:00:00,349.76715
2012-08-21 18:00:00,330.1607
2012-08-21 19:00:00,197.88403
2012-08-21 20:00:00,166.4704
2012-08-21 21:00:00,166.4704
2012-08-21 22:00:00,156.6645
2012-08-21 23:00:00,146.23325
2012-08-22 00:00:00,147.55402
2012-08-22 01:00:00,156.04126
2012-08-22 02:00:00,156.04126
2012-08-22 03:00:00,156.04126
2012-08-22 04:00:00,142.1051
2012-08-22 05:00:00,153.32372
2012-08-22 06:00:00,163.75505
2012-08-22 07:00:00,156.04126
2012-08-22 08:00:00,175.77927
2012-08-22 09:00:00,202.97018
2012-08-22 10:00:00,268.65573
2012-08-22 11:00:00,286.43994
2012-08-22 12:00:00,279.13644
2012-08-22 13:00:00,320.59702
2012-08-22 14:00:00,327.06113
2012-08-22 15:00:00,328.3858
2012-08-22 16:00:00,324.54483
2012-08-22 17:00:00,324.54483
2012-08-22 18:00:00,269.35123
2012-08-22 19:00:00,174.01114
2012-08-22 20:00:00,198.90787
2012-08-22 21:00:00,166.4704
2012-08-22 22:00:00,166.4704
2012-08-22 23:00:00,146.8565
2012-08-23 00:00:00,156.6645
2012-08-23 01:00:00,146.23325
2012-08-23 02:00:00,146.23322
2012-08-23 03:00:00,147.36575
2012-08-23 04:00:00,146.23325
2012-08-23 05:00:00,146.23325
2012-08-23 06:00:00,143.69357
2012-08-23 07:00:00,156.233
2012-08-23 08:00:00,197.03543
2012-08-23 09:00:00,203.98479
2012-08-23 10:00:00,291.73117
2012-08-23 11:00:00,316.7026
2012-08-23 12:00:00,318.2554
2012-08-23 13:00:00,354.14792
2012-08-23 14:00:00,361.41748
2012-08-23 15:00:00,337.99875
2012-08-23 16:00:00,336.20078
2012-08-23 17:00:00,358.26865
2012-08-23 18:00:00,346.51337
2012-08-23 19:00:00,301.52298
2012-08-23 20:00:00,275.66782
2012-08-23 21:00:00,286.3555
2012-08-23 22:00:00,268.89938
2012-08-23 23:00:00,195.36502
2012-08-24 00:00:00,195.36502
2012-08-24 01:00:00,173.15443
2012-08-24 02:00:00,179.43198
2012-08-24 03:00:00,166.4704
2012-08-24 04:00:00,173.15443
2012-08-24 05:00:00,156.6645
2012-08-24 06:00:00,155.10052
2012-08-24 07:00:00,165.5318
2012-08-24 08:00:00,174.01114
2012-08-24 09:00:00,258.6451
2012-08-24 10:00:00,288.90778
2012-08-24 11:00:00,316.22086
2012-08-24 12:00:00,318.79053
2012-08-24 13:00:00,341.89853
2012-08-24 14:00:00,336.67407
2012-08-24 15:00:00,324.00964
2012-08-24 16:00:00,324.00964
2012-08-24 17:00:00,335.67307
2012-08-24 18:00:00,295.31857
2012-08-24 19:00:00,301.56195
2012-08-24 20:00:00,270.9646
2012-08-24 21:00:00,287.87527
2012-08-24 22:00:00,242.42189
2012-08-24 23:00:00,239.36545
2012-08-25 00:00:00,253.53091
2012-08-25 01:00:00,205.51372
2012-08-25 02:00:00,183.03354
2012-08-25 03:00:00,197.55344
2012-08-25 04:00:00,218.97067
2012-08-25 05:00:00,196.42044
2012-08-25 06:00:00,159.72763
2012-08-25 07:00:00,166.32948
2012-08-25 08:00:00,219.38797
2012-08-25 09:00:00,268.342
2012-08-25 10:00:00,302.2071
2012-08-25 11:00:00,326.7455
2012-08-25 12:00:00,358.18097
2012-08-25 13:00:00,373.23978
2012-08-25 14:00:00,282.39825
2012-08-25 15:00:00,232.79703
2012-08-25 16:00:00,229.31293
2012-08-25 17:00:00,235.93694
2012-08-25 18:00:00,269.51614
2012-08-25 19:00:00,189.48022
2012-08-25 20:00:00,155.36824
2012-08-25 21:00:00,142.28639
2012-08-25 22:00:00,142.28639
2012-08-25 23:00:00,137.25189
2012-08-26 00:00:00,113.70393
2012-08-26 01:00:00,112.94939
2012-08-26 02:00:00,122.19462
2012-08-26 03:00:00,122.57124
2012-08-26 04:00:00,121.81665
2012-08-26 05:00:00,112.94939
2012-08-26 06:00:00,113.08152
2012-08-26 07:00:00,112.94939
2012-08-26 08:00:00,184.95326
2012-08-26 09:00:00,178.32928
2012-08-26 10:00:00,321.12088
2012-08-26 11:00:00,319.4189
2012-08-26 12:00:00,275.50116
2012-08-26 13:00:00,224.12616
2012-08-26 14:00:00,111.818115
2012-08-26 15:00:00,131.8164
2012-08-26 16:00:00,131.8164
2012-08-26 17:00:00,113.32725
2012-08-26 18:00:00,120.49712
2012-08-26 19:00:00,121.44003
2012-08-26 20:00:00,112.57271
2012-08-26 21:00:00,121.45131
2012-08-26 22:00:00,110.441154
2012-08-26 23:00:00,120.26311
2012-08-27 00:00:00,146.23325
2012-08-27 01:00:00,137.54382
2012-08-27 02:00:00,138.1088
2012-08-27 03:00:00,137.5438
2012-08-27 04:00:00,146.23325
2012-08-27 05:00:00,136.41133
2012-08-27 06:00:00,136.41133
2012-08-27 07:00:00,151.68219
2012-08-27 08:00:00,152.8147
2012-08-27 09:00:00,153.00296
2012-08-27 10:00:00,225.96317
2012-08-27 11:00:00,288.40915
2012-08-27 12:00:00,244.51447
2012-08-27 13:00:00,320.5543
2012-08-27 14:00:00,328.88846
2012-08-27 15:00:00,366.77005
2012-08-27 16:00:00,360.73004
2012-08-27 17:00:00,368.58777
2012-08-27 18:00:00,358.14474
2012-08-27 19:00:00,271.13208
2012-08-27 20:00:00,270.7645
2012-08-27 21:00:00,239.18903
2012-08-27 22:00:00,162.2429
2012-08-27 23:00:00,161.86629
2012-08-28 00:00:00,173.41876
2012-08-28 01:00:00,149.70349
2012-08-28 02:00:00,166.2222
2012-08-28 03:00:00,142.01492
2012-08-28 04:00:00,153.37964
2012-08-28 05:00:00,161.68196
2012-08-28 06:00:00,150.50562
2012-08-28 07:00:00,161.8703
2012-08-28 08:00:00,160.8791
2012-08-28 09:00:00,204.34355
2012-08-28 10:00:00,303.82248
2012-08-28 11:00:00,353.5598
2012-08-28 12:00:00,379.5941
2012-08-28 13:00:00,399.84116
2012-08-28 14:00:00,408.41357
2012-08-28 15:00:00,392.19626
2012-08-28 16:00:00,392.501
2012-08-28 17:00:00,405.77246
2012-08-28 18:00:00,382.13452
2012-08-28 19:00:00,337.37378
2012-08-28 20:00:00,311.88144
2012-08-28 21:00:00,307.98703
2012-08-28 22:00:00,256.38437
2012-08-28 23:00:00,237.1365
2012-08-29 00:00:00,179.43198
2012-08-29 01:00:00,211.79102
2012-08-29 02:00:00,175.98819
2012-08-29 03:00:00,169.38635
2012-08-29 04:00:00,190.2008
2012-08-29 05:00:00,183.57681
2012-08-29 06:00:00,183.57681
2012-08-29 07:00:00,227.99722
2012-08-29 08:00:00,273.00302
2012-08-29 09:00:00,323.5064
2012-08-29 10:00:00,327.48523
2012-08-29 11:00:00,289.15335
2012-08-29 12:00:00,310.5216
2012-08-29 13:00:00,300.92105
2012-08-29 14:00:00,333.94028
2012-08-29 15:00:00,361.22726
2012-08-29 16:00:00,350.22086
2012-08-29 17:00:00,373.133
2012-08-29 18:00:00,343.83786
2012-08-29 19:00:00,317.04227
2012-08-29 20:00:00,237.1365
2012-08-29 21:00:00,283.05502
2012-08-29 22:00:00,243.49377
2012-08-29 23:00:00,230.68143
2012-08-30 00:00:00,172.99648
2012-08-30 01:00:00,190.07965
2012-08-30 02:00:00,163.75505
2012-08-30 03:00:00,163.75505
2012-08-30 04:00:00,163.75505
2012-08-30 05:00:00,163.75505
2012-08-30 06:00:00,145.57722
2012-08-30 07:00:00,166.4704
2012-08-30 08:00:00,196.51514
2012-08-30 09:00:00,239.30122
2012-08-30 10:00:00,262.8394
2012-08-30 11:00:00,333.94028
2012-08-30 12:00:00,334.84998
2012-08-30 13:00:00,320.59702
2012-08-30 14:00:00,328.3858
2012-08-30 15:00:00,352.98404
2012-08-30 16:00:00,359.44815
2012-08-30 17:00:00,380.84753
2012-08-30 18:00:00,360.52756
2012-08-30 19:00:00,328.3858
2012-08-30 20:00:00,311.22928
2012-08-30 21:00:00,274.12454
2012-08-30 22:00:00,188.05179
2012-08-30 23:00:00,205.63763
2012-08-31 00:00:00,158.58328
2012-08-31 01:00:00,158.58328
2012-08-31 02:00:00,142.01498
2012-08-31 03:00:00,141.63835
2012-08-31 04:00:00,139.2974
2012-08-31 05:00:00,139.67534
2012-08-31 06:00:00,148.54265
2012-08-31 07:00:00,147.59976
2012-08-31 08:00:00,189.87204
2012-08-31 09:00:00,203.91264
2012-08-31 10:00:00,286.6813
2012-08-31 11:00:00,376.08667
2012-08-31 12:00:00,362.28763
2012-08-31 13:00:00,379.94266
2012-08-31 14:00:00,359.85593
2012-08-31 15:00:00,378.9404
2012-08-31 16:00:00,372.1251
2012-08-31 17:00:00,373.1696
2012-08-31 18:00:00,396.17685
2012-08-31 19:00:00,340.5717
2012-08-31 20:00:00,340.5717
2012-08-31 21:00:00,326.18832
2012-08-31 22:00:00,326.18832
2012-08-31 23:00:00,284.28757
2012-09-20 00:00:00,160.7275
2012-09-20 01:00:00,142.71463
2012-09-20 02:00:00,142.5263
2012-09-20 03:00:00,130.96252
2012-09-20 04:00:00,132.2833
2012-09-20 05:00:00,132.2833
2012-09-20 06:00:00,130.96252
2012-09-20 07:00:00,127.28718
2012-09-20 08:00:00,154.14621
2012-09-20 09:00:00,217.8549
2012-09-20 10:00:00,258.2592
2012-09-20 11:00:00,272.59485
2012-09-20 12:00:00,307.69678
2012-09-20 13:00:00,308.96646
2012-09-20 14:00:00,318.10614
2012-09-20 15:00:00,321.53055
2012-09-20 16:00:00,310.31732
2012-09-20 17:00:00,316.68283
2012-09-20 18:00:00,279.42828
2012-09-20 19:00:00,241.07214
2012-09-20 20:00:00,201.64871
2012-09-20 21:00:00,214.51758
2012-09-20 22:00:00,152.08362
2012-09-20 23:00:00,159.79733
2012-09-21 00:00:00,158.47653
2012-09-21 01:00:00,149.57422
2012-09-21 02:00:00,149.57422
2012-09-21 03:00:00,140.2615
2012-09-21 04:00:00,139.129
2012-09-21 05:00:00,131.41525
2012-09-21 06:00:00,140.2615
2012-09-21 07:00:00,141.86044
2012-09-21 08:00:00,152.46027
2012-09-21 09:00:00,185.2336
2012-09-21 10:00:00,259.63724
2012-09-21 11:00:00,291.38174
2012-09-21 12:00:00,297.4981
2012-09-21 13:00:00,309.25348
2012-09-21 14:00:00,322.5976
2012-09-21 15:00:00,321.68036
2012-09-21 16:00:00,317.04227
2012-09-21 17:00:00,300.65802
2012-09-21 18:00:00,274.1034
2012-09-21 19:00:00,247.93594
2012-09-21 20:00:00,219.37961
2012-09-21 21:00:00,196.80264
2012-09-21 22:00:00,183.57681
2012-09-21 23:00:00,199.44571
2012-09-22 00:00:00,189.42471
2012-09-22 01:00:00,117.45445
2012-09-22 02:00:00,106.44315
2012-09-22 03:00:00,114.53474
2012-09-22 04:00:00,114.53474
2012-09-22 05:00:00,115.10101
2012-09-22 06:00:00,114.723015
2012-09-22 07:00:00,132.41089
2012-09-22 08:00:00,192.72566
2012-09-22 09:00:00,224.24077
2012-09-22 10:00:00,276.5658
2012-09-22 11:00:00,331.69263
2012-09-22 12:00:00,361.46515
2012-09-22 13:00:00,381.00964
2012-09-22 14:00:00,401.84872
2012-09-22 15:00:00,394.61075
2012-09-22 16:00:00,380.64328
2012-09-22 17:00:00,380.64328
2012-09-22 18:00:00,361.282
2012-09-22 19:00:00,311.8428
2012-09-22 20:00:00,351.1776
2012-09-22 21:00:00,306.59756
2012-09-22 22:00:00,287.7346
2012-09-22 23:00:00,333.42526
2012-09-23 00:00:00,431.66257
2012-09-23 01:00:00,328.20383
2012-09-23 02:00:00,336.02133
2012-09-23 03:00:00,283.23294
2012-09-23 04:00:00,257.0124
2012-09-23 05:00:00,237.50525
2012-09-23 06:00:00,208.2564
2012-09-23 07:00:00,230.90341
2012-09-23 08:00:00,289.3629
2012-09-23 09:00:00,315.16394
2012-09-23 10:00:00,357.79718
2012-09-23 11:00:00,361.90884
2012-09-23 12:00:00,352.23895
2012-09-23 13:00:00,412.7072
2012-09-23 14:00:00,420.49594
2012-09-23 15:00:00,431.961
2012-09-23 16:00:00,437.77155
2012-09-23 17:00:00,410.98245
2012-09-23 18:00:00,392.3525
2012-09-23 19:00:00,357.69556
2012-09-23 20:00:00,357.69556
2012-09-23 21:00:00,323.42252
2012-09-23 22:00:00,268.81552
2012-09-23 23:00:00,241.92899
2012-09-24 00:00:00,212.17235
2012-09-24 01:00:00,172.83751
2012-09-24 02:00:00,210.26022
2012-09-24 03:00:00,205.5705
2012-09-24 04:00:00,159.04868
2012-09-24 05:00:00,169.19388
2012-09-24 06:00:00,191.38228
2012-09-24 07:00:00,172.83751
2012-09-24 08:00:00,265.5416
2012-09-24 09:00:00,287.3174
2012-09-24 10:00:00,309.46085
2012-09-24 11:00:00,349.12802
2012-09-24 12:00:00,375.61432
2012-09-24 13:00:00,377.31784
2012-09-24 14:00:00,320.68494
2012-09-24 15:00:00,326.60086
2012-09-24 16:00:00,361.21802
2012-09-24 17:00:00,317.50754
2012-09-24 18:00:00,336.04807
2012-09-24 19:00:00,318.6202
2012-09-24 20:00:00,282.8202
2012-09-24 21:00:00,282.45224
2012-09-24 22:00:00,283.55386
2012-09-24 23:00:00,198.94649
2012-09-25 00:00:00,179.46153
2012-09-25 01:00:00,151.71161
2012-09-25 02:00:00,141.26648
2012-09-25 03:00:00,149.95798
2012-09-25 04:00:00,150.52295
2012-09-25 05:00:00,140.7015
2012-09-25 06:00:00,145.13037
2012-09-25 07:00:00,144.75246
2012-09-25 08:00:00,195.7572
2012-09-25 09:00:00,278.94907
2012-09-25 10:00:00,305.66733
2012-09-25 11:00:00,361.02176
2012-09-25 12:00:00,379.64905
2012-09-25 13:00:00,367.21378
2012-09-25 14:00:00,404.8136
2012-09-25 15:00:00,402.5948
2012-09-25 16:00:00,398.9705
2012-09-25 17:00:00,396.0587
2012-09-25 18:00:00,373.25937
2012-09-25 19:00:00,348.40323
2012-09-25 20:00:00,316.9101
2012-09-25 21:00:00,316.9101
2012-09-25 22:00:00,316.7269
2012-09-25 23:00:00,317.2777
2012-09-26 00:00:00,261.2757
2012-09-26 01:00:00,261.64325
2012-09-26 02:00:00,258.89957
2012-09-26 03:00:00,258.89957
2012-09-26 04:00:00,208.54147
2012-09-26 05:00:00,201.93962
2012-09-26 06:00:00,185.64856
2012-09-26 07:00:00,157.62717
2012-09-26 08:00:00,213.0328
2012-09-26 09:00:00,277.3901
2012-09-26 10:00:00,235.82593
2012-09-26 11:00:00,305.45743
2012-09-26 12:00:00,319.2103
2012-09-26 13:00:00,340.96664
2012-09-26 14:00:00,396.5272
2012-09-26 15:00:00,400.1148
2012-09-26 16:00:00,402.99136
2012-09-26 17:00:00,400.1148
2012-09-26 18:00:00,380.92346
2012-09-26 19:00:00,343.66354
2012-09-26 20:00:00,273.87033
2012-09-26 21:00:00,292.6557
2012-09-26 22:00:00,256.52548
2012-09-26 23:00:00,208.2637
2012-09-27 00:00:00,165.79416
2012-09-27 01:00:00,165.79416
2012-09-27 02:00:00,165.79416
2012-09-27 03:00:00,164.66162
2012-09-27 04:00:00,134.11804
2012-09-27 05:00:00,152.12221
2012-09-27 06:00:00,142.8095
2012-09-27 07:00:00,164.66168
2012-09-27 08:00:00,222.38284
2012-09-27 09:00:00,233.1806
2012-09-27 10:00:00,370.38593
2012-09-27 11:00:00,351.055
2012-09-27 12:00:00,353.12863
2012-09-27 13:00:00,318.02667
2012-09-27 14:00:00,353.2006
2012-09-27 15:00:00,329.78195
2012-09-27 16:00:00,348.60086
2012-09-27 17:00:00,274.10294
2012-09-27 18:00:00,273.18576
2012-09-27 19:00:00,286.75345
2012-09-27 20:00:00,264.66293
2012-09-27 21:00:00,190.14279
2012-09-27 22:00:00,190.14279
2012-09-27 23:00:00,188.49161
2012-09-28 00:00:00,164.84164
2012-09-28 01:00:00,162.76627
2012-09-28 02:00:00,156.59879
2012-09-28 03:00:00,165.40448
2012-09-28 04:00:00,160.73242
2012-09-28 05:00:00,141.67705
2012-09-28 06:00:00,142.42032
2012-09-28 07:00:00,141.28787
2012-09-28 08:00:00,155.9722
2012-09-28 09:00:00,167.75919
2012-09-28 10:00:00,206.29184
2012-09-28 11:00:00,232.03047
2012-09-28 12:00:00,356.78485
2012-09-28 13:00:00,369.144
2012-09-28 14:00:00,356.78485
2012-09-28 15:00:00,348.6296
2012-09-28 16:00:00,352.91522
2012-09-28 17:00:00,340.27042
2012-09-28 18:00:00,349.49078
2012-09-28 19:00:00,344.01743
2012-09-28 20:00:00,316.19797
2012-09-28 21:00:00,323.9868
2012-09-28 22:00:00,306.6884
2012-09-28 23:00:00,284.54492
2012-09-29 00:00:00,263.1248
2012-09-29 01:00:00,263.1248
2012-09-29 02:00:00,306.71506
2012-09-29 03:00:00,271.45047
2012-09-29 04:00:00,266.56006
2012-09-29 05:00:00,217.5314
2012-09-29 06:00:00,230.7572
2012-09-29 07:00:00,201.6051
2012-09-29 08:00:00,204.74503
2012-09-29 09:00:00,217.5314
2012-09-29 10:00:00,295.83563
2012-09-29 11:00:00,335.80942
2012-09-29 12:00:00,418.9799
2012-09-29 13:00:00,418.9799
2012-09-29 14:00:00,417.26328
2012-09-29 15:00:00,404.0298
2012-09-29 16:00:00,418.42905
2012-09-29 17:00:00,427.37045
2012-09-29 18:00:00,357.54935
2012-09-29 19:00:00,272.84134
2012-09-29 20:00:00,279.4432
2012-09-29 21:00:00,266.21735
2012-09-29 22:00:00,197.7037
2012-09-29 23:00:00,220.51176
2012-09-30 00:00:00,200.66193
2012-09-30 01:00:00,200.66193
2012-09-30 02:00:00,164.8858
2012-09-30 03:00:00,148.93283
2012-09-30 04:00:00,148.93283
2012-09-30 05:00:00,122.91154
2012-09-30 06:00:00,124.04401
2012-09-30 07:00:00,115.197845
2012-09-30 08:00:00,161.92758
2012-09-30 09:00:00,207.39755
2012-09-30 10:00:00,360.64136
2012-09-30 11:00:00,403.66333
2012-09-30 12:00:00,418.9799
2012-09-30 13:00:00,418.42905
2012-09-30 14:00:00,418.42905
2012-09-30 15:00:00,445.37848
2012-09-30 16:00:00,439.46915
2012-09-30 17:00:00,441.16104
2012-09-30 18:00:00,289.88504
2012-09-30 19:00:00,181.79294
2012-09-30 20:00:00,181.79294
2012-09-30 21:00:00,141.91675
2012-09-30 22:00:00,128.36047
2012-09-30 23:00:00,129.49295
2012-10-20 00:00:00,111.89909
2012-10-20 01:00:00,127.32654
2012-10-20 02:00:00,116.51861
2012-10-20 03:00:00,114.16383
2012-10-20 04:00:00,122.91154
2012-10-20 05:00:00,102.03514
2012-10-20 06:00:00,121.72288
2012-10-20 07:00:00,102.03514
2012-10-20 08:00:00,158.83563
2012-10-20 09:00:00,230.4145
2012-10-20 10:00:00,285.79907
2012-10-20 11:00:00,315.34274
2012-10-20 12:00:00,337.7217
2012-10-20 13:00:00,370.52927
2012-10-20 14:00:00,315.8723
2012-10-20 15:00:00,303.05997
2012-10-20 16:00:00,371.3983
2012-10-20 17:00:00,392.72012
2012-10-20 18:00:00,375.35556
2012-10-20 19:00:00,321.796
2012-10-20 20:00:00,366.81317
2012-10-20 21:00:00,309.23038
2012-10-20 22:00:00,247.00253
2012-10-20 23:00:00,168.46725
2012-10-21 00:00:00,240.64665
2012-10-21 01:00:00,218.06967
2012-10-21 02:00:00,169.06772
2012-10-21 03:00:00,125.1202
2012-10-21 04:00:00,111.42929
2012-10-21 05:00:00,125.1202
2012-10-21 06:00:00,132.89005
2012-10-21 07:00:00,132.89005
2012-10-21 08:00:00,127.89389
2012-10-21 09:00:00,243.78656
2012-10-21 10:00:00,328.0299
2012-10-21 11:00:00,354.58447
2012-10-21 12:00:00,385.18262
2012-10-21 13:00:00,401.60934
2012-10-21 14:00:00,408.8737
2012-10-21 15:00:00,411.35013
2012-10-21 16:00:00,392.72012
2012-10-21 17:00:00,375.72192
2012-10-21 18:00:00,374.98788
2012-10-21 19:00:00,348.0017
2012-10-21 20:00:00,331.88193
2012-10-21 21:00:00,230.95282
2012-10-21 22:00:00,194.57619
2012-10-21 23:00:00,204.27003
2012-10-22 00:00:00,159.99269
2012-10-22 01:00:00,146.10799
2012-10-22 02:00:00,143.37656
2012-10-22 03:00:00,159.99269
2012-10-22 04:00:00,151.09033
2012-10-22 05:00:00,136.79533
2012-10-22 06:00:00,131.96956
2012-10-22 07:00:00,152.22278
2012-10-22 08:00:00,157.7279
2012-10-22 09:00:00,189.04373
2012-10-22 10:00:00,221.35587
2012-10-22 11:00:00,341.33923
2012-10-22 12:00:00,308.03537
2012-10-22 13:00:00,351.9505
2012-10-22 14:00:00,348.7531
2012-10-22 15:00:00,353.99765
2012-10-22 16:00:00,362.87476
2012-10-22 17:00:00,351.20813
2012-10-22 18:00:00,224.56602
2012-10-22 19:00:00,282.82016
2012-10-22 20:00:00,237.81458
2012-10-22 21:00:00,172.62856
2012-10-22 22:00:00,139.00171
2012-10-22 23:00:00,138.62506
2012-10-23 00:00:00,130.1232
2012-10-23 01:00:00,147.09332
2012-10-23 02:00:00,127.027695
2012-10-23 03:00:00,143.99792
2012-10-23 04:00:00,140.88983
2012-10-23 05:00:00,143.43289
2012-10-23 06:00:00,130.27023
2012-10-23 07:00:00,152.4885
2012-10-23 08:00:00,162.73148
2012-10-23 09:00:00,171.07669
2012-10-23 10:00:00,212.91205
2012-10-23 11:00:00,273.976
2012-10-23 12:00:00,319.58337
2012-10-23 13:00:00,303.89847
2012-10-23 14:00:00,366.38354
2012-10-23 15:00:00,381.9873
2012-10-23 16:00:00,340.42126
2012-10-23 17:00:00,323.46667
2012-10-23 18:00:00,308.87653
2012-10-23 19:00:00,300.25772
2012-10-23 20:00:00,250.52887
2012-10-23 21:00:00,184.97339
2012-10-23 22:00:00,208.12418
2012-10-23 23:00:00,165.8208
2012-10-24 00:00:00,163.2332
2012-10-24 01:00:00,175.30627
2012-10-24 02:00:00,175.30627
2012-10-24 03:00:00,151.5994
2012-10-24 04:00:00,151.59943
2012-10-24 05:00:00,142.75319
2012-10-24 06:00:00,141.35641
2012-10-24 07:00:00,134.62921
2012-10-24 08:00:00,154.12993
2012-10-24 09:00:00,163.19809
2012-10-24 10:00:00,170.96802
2012-10-24 11:00:00,208.71951
2012-10-24 12:00:00,282.51044
2012-10-24 13:00:00,280.15927
2012-10-24 14:00:00,382.84003
2012-10-24 15:00:00,358.51364
2012-10-24 16:00:00,375.15146
2012-10-24 17:00:00,305.23495
2012-10-24 18:00:00,311.69907
2012-10-24 19:00:00,307.9248
2012-10-24 20:00:00,285.39597
2012-10-24 21:00:00,289.29037
2012-10-24 22:00:00,274.46317
2012-10-24 23:00:00,232.63339
2012-10-25 00:00:00,274.09677
2012-10-25 01:00:00,191.63635
2012-10-25 02:00:00,155.92973
2012-10-25 03:00:00,146.79285
2012-10-25 04:00:00,146.41623
2012-10-25 05:00:00,147.17078
2012-10-25 06:00:00,147.54745
2012-10-25 07:00:00,147.54745
2012-10-25 08:00:00,154.8845
2012-10-25 09:00:00,155.26115
2012-10-25 10:00:00,157.23798
2012-10-25 11:00:00,156.86133
2012-10-25 12:00:00,167.2926
2012-10-25 13:00:00,165.97182
2012-10-25 14:00:00,209.5373
2012-10-25 15:00:00,271.4491
2012-10-25 16:00:00,242.27026
2012-10-25 17:00:00,242.27026
2012-10-25 18:00:00,150.71161
2012-10-25 19:00:00,149.1253
2012-10-25 20:00:00,146.79285
2012-10-25 21:00:00,146.79285
2012-10-25 22:00:00,156.673
2012-10-25 23:00:00,157.23796
2012-10-26 00:00:00,164.79701
2012-10-26 01:00:00,146.2279
2012-10-26 02:00:00,146.41623
2012-10-26 03:00:00,147.17078
2012-10-26 04:00:00,147.17078
2012-10-26 05:00:00,146.41623
2012-10-26 06:00:00,146.2279
2012-10-26 07:00:00,146.41623
2012-10-26 08:00:00,149.52429
2012-10-26 09:00:00,149.52429
2012-10-26 10:00:00,149.14761
2012-10-26 11:00:00,174.19386
2012-10-26 12:00:00,218.09744
2012-10-26 13:00:00,239.41922
2012-10-26 14:00:00,274.46317
2012-10-26 15:00:00,289.29037
2012-10-26 16:00:00,216.52399
2012-10-26 17:00:00,193.85019
2012-10-26 18:00:00,167.66928
2012-10-26 19:00:00,157.61588
2012-10-26 20:00:00,157.6159
2012-10-26 21:00:00,166.49445
2012-10-26 22:00:00,154.50662
2012-10-26 23:00:00,146.01724
2012-10-27 00:00:00,108.09157
2012-10-27 01:00:00,116.95889
2012-10-27 02:00:00,117.71342
2012-10-27 03:00:00,108.469475
2012-10-27 04:00:00,117.33677
2012-10-27 05:00:00,126.96988
2012-10-27 06:00:00,126.96988
2012-10-27 07:00:00,113.84226
2012-10-27 08:00:00,139.37576
2012-10-27 09:00:00,139.37576
2012-10-27 10:00:00,191.49644
2012-10-27 11:00:00,259.90872
2012-10-27 12:00:00,359.9181
2012-10-27 13:00:00,404.0298
2012-10-27 14:00:00,390.7963
2012-10-27 15:00:00,298.32715
2012-10-27 16:00:00,278.0251
2012-10-27 17:00:00,278.0251
2012-10-27 18:00:00,278.0251
2012-10-27 19:00:00,193.2203
2012-10-27 20:00:00,193.2203
2012-10-27 21:00:00,193.2203
2012-10-27 22:00:00,199.82217
2012-10-27 23:00:00,247.2576
2012-10-28 00:00:00,243.96301
2012-10-28 01:00:00,196.75232
2012-10-28 02:00:00,226.16223
2012-10-28 03:00:00,260.03708
2012-10-28 04:00:00,260.40347
2012-10-28 05:00:00,258.79843
2012-10-28 06:00:00,277.6817
2012-10-28 07:00:00,277.31412
2012-10-28 08:00:00,280.43338
2012-10-28 09:00:00,296.42682
2012-10-28 10:00:00,305.5487
2012-10-28 11:00:00,313.70508
2012-10-28 12:00:00,271.17657
2012-10-28 13:00:00,270.25934
2012-10-28 14:00:00,279.14978
2012-10-28 15:00:00,262.05472
2012-10-28 16:00:00,233.328
2012-10-28 17:00:00,181.40796
2012-10-28 18:00:00,110.19914
2012-10-28 19:00:00,108.50168
2012-10-28 20:00:00,109.82242
2012-10-28 21:00:00,121.244125
2012-10-28 22:00:00,120.48959
2012-10-28 23:00:00,108.50168
2012-10-29 00:00:00,127.677124
2012-10-30 13:00:00,108.57029
2012-10-30 14:00:00,108.57029
2012-10-30 15:00:00,122.439064
2012-10-30 16:00:00,122.439064
2012-10-30 17:00:00,122.06241
2012-10-30 18:00:00,123.02422
2012-10-30 19:00:00,206.00352
2012-10-30 20:00:00,122.0737
2012-10-30 21:00:00,115.88852
2012-10-30 22:00:00,114.54616
2012-10-30 23:00:00,114.54616
2012-10-31 00:00:00,125.14498
2012-10-31 01:00:00,124.95663
2012-10-31 02:00:00,123.41339
2012-10-31 03:00:00,125.14498
2012-10-31 04:00:00,112.81725
2012-10-31 05:00:00,123.41339
2012-10-31 06:00:00,114.92412
2012-10-31 07:00:00,114.15696
2012-10-31 08:00:00,119.37191
2012-10-31 09:00:00,127.708855
2012-10-31 10:00:00,137.93286
2012-10-31 11:00:00,149.56415
2012-10-31 12:00:00,209.65503
2012-10-31 13:00:00,253.8348
2012-10-31 14:00:00,251.64192
2012-10-31 15:00:00,235.45615
2012-10-31 16:00:00,233.99722
2012-10-31 17:00:00,207.09573
2012-10-31 18:00:00,207.09573
2012-10-31 19:00:00,242.7515
2012-10-31 20:00:00,242.7515
2012-10-31 21:00:00,242.7515
2012-10-31 22:00:00,181.63437
2012-10-31 23:00:00,175.76155
2012-11-20 00:00:00,136.34207
2012-11-20 01:00:00,144.86786
2012-11-20 02:00:00,135.3879
2012-11-20 03:00:00,146.02138
2012-11-20 04:00:00,148.87488
2012-11-20 05:00:00,152.00357
2012-11-20 06:00:00,144.66779
2012-11-20 07:00:00,126.52066
2012-11-20 08:00:00,135.42255
2012-11-20 09:00:00,149.52634
2012-11-20 10:00:00,163.82147
2012-11-20 11:00:00,164.99625
2012-11-20 12:00:00,163.86378
2012-11-20 13:00:00,205.1506
2012-11-20 14:00:00,223.42683
2012-11-20 15:00:00,245.18318
2012-11-20 16:00:00,194.3263
2012-11-20 17:00:00,157.05067
2012-11-20 18:00:00,163.82147
2012-11-20 19:00:00,154.97528
2012-11-20 20:00:00,144.53015
2012-11-20 21:00:00,140.65904
2012-11-20 22:00:00,140.65904
2012-11-20 23:00:00,118.99522
2012-11-21 00:00:00,122.50012
2012-11-21 01:00:00,118.99522
2012-11-21 02:00:00,102.195465
2012-11-21 03:00:00,102.195465
2012-11-21 04:00:00,102.195465
2012-11-21 05:00:00,102.195465
2012-11-21 06:00:00,104.101524
2012-11-21 07:00:00,101.38395
2012-11-21 08:00:00,122.22519
2012-11-21 09:00:00,126.52063
2012-11-21 10:00:00,154.54376
2012-11-21 11:00:00,244.94437
2012-11-21 12:00:00,301.71
2012-11-21 13:00:00,328.54462
2012-11-21 14:00:00,331.254
2012-11-21 15:00:00,297.5029
2012-11-21 16:00:00,310.35907
2012-11-21 17:00:00,288.68967
2012-11-21 18:00:00,286.4932
2012-11-21 19:00:00,267.28027
2012-11-21 20:00:00,152.5816
2012-11-21 21:00:00,197.60278
2012-11-21 22:00:00,195.41849
2012-11-21 23:00:00,150.63757
2012-11-22 00:00:00,108.279976
2012-11-22 01:00:00,104.37378
2012-11-22 02:00:00,81.40305
2012-11-22 03:00:00,81.59139
2012-11-22 04:00:00,69.428566
2012-11-22 05:00:00,81.59139
2012-11-22 06:00:00,92.022675
2012-11-22 07:00:00,77.14236
2012-11-22 08:00:00,79.85988
2012-11-22 09:00:00,108.067055
2012-11-22 10:00:00,180.54163
2012-11-22 11:00:00,304.12805
2012-11-22 12:00:00,319.46268
2012-11-22 13:00:00,333.3727
2012-11-22 14:00:00,342.98563
2012-11-22 15:00:00,342.98563
2012-11-22 16:00:00,329.06326
2012-11-22 17:00:00,319.46268
2012-11-22 18:00:00,272.18985
2012-11-22 19:00:00,99.2772
2012-11-22 20:00:00,104.25953
2012-11-22 21:00:00,141.46457
2012-11-22 22:00:00,116.969444
2012-11-22 23:00:00,100.35329
2012-11-23 00:00:00,139.01764
2012-11-23 01:00:00,113.35798
2012-11-23 02:00:00,119.896904
2012-11-23 03:00:00,128.5725
2012-11-23 04:00:00,115.25951
2012-11-23 05:00:00,108.88474
2012-11-23 06:00:00,108.88474
2012-11-23 07:00:00,108.88474
2012-11-23 08:00:00,96.55823
2012-11-23 09:00:00,120.70846
2012-11-23 10:00:00,152.45563
2012-11-23 11:00:00,244.94437
2012-11-23 12:00:00,315.67755
2012-11-23 13:00:00,324.56796
2012-11-23 14:00:00,350.0878
2012-11-23 15:00:00,319.5092
2012-11-23 16:00:00,291.55115
2012-11-23 17:00:00,291.96616
2012-11-23 18:00:00,252.47037
2012-11-23 19:00:00,281.20657
2012-11-23 20:00:00,286.72937
2012-11-23 21:00:00,284.49985
2012-11-23 22:00:00,293.40594
2012-11-23 23:00:00,291.35547
2012-11-24 00:00:00,322.11703
2012-11-24 01:00:00,259.22214
2012-11-24 02:00:00,230.96307
2012-11-24 03:00:00,253.97142
2012-11-24 04:00:00,228.4526
2012-11-24 05:00:00,242.1169
2012-11-24 06:00:00,215.33636
2012-11-24 07:00:00,239.92401
2012-11-24 08:00:00,214.31683
2012-11-24 09:00:00,223.24106
2012-11-24 10:00:00,226.32285
2012-11-24 11:00:00,251.0445
2012-11-24 12:00:00,221.62082
2012-11-24 13:00:00,295.67178
2012-11-24 14:00:00,274.4982
2012-11-24 15:00:00,258.52817
2012-11-24 16:00:00,245.981
2012-11-24 17:00:00,242.08029
2012-11-24 18:00:00,247.99483
2012-11-24 19:00:00,242.01788
2012-11-24 20:00:00,215.33636
2012-11-24 21:00:00,199.54312
2012-11-24 22:00:00,212.769
2012-11-24 23:00:00,199.54312
2012-11-25 00:00:00,183.4934
2012-11-25 01:00:00,193.9059
2012-11-25 02:00:00,212.18463
2012-11-25 03:00:00,163.04382
2012-11-25 04:00:00,163.04382
2012-11-25 05:00:00,185.8386
2012-11-25 06:00:00,176.64265
2012-11-25 07:00:00,150.53369
2012-11-25 08:00:00,166.33142
2012-11-25 09:00:00,198.17445
2012-11-25 10:00:00,186.66
2012-11-25 11:00:00,244.5503
2012-11-25 12:00:00,244.5503
2012-11-25 13:00:00,243.81625
2012-11-25 14:00:00,257.57062
2012-11-25 15:00:00,258.90817
2012-11-25 16:00:00,271.88803
2012-11-25 17:00:00,235.91388
2012-11-25 18:00:00,206.66501
2012-11-25 19:00:00,201.98654
2012-11-25 20:00:00,114.17978
2012-11-25 21:00:00,156.2958
2012-11-25 22:00:00,114.17978
2012-11-25 23:00:00,96.60184
2012-11-26 00:00:00,124.666306
2012-11-26 01:00:00,121.94876
2012-11-26 02:00:00,121.94876
2012-11-26 03:00:00,121.94876
2012-11-26 04:00:00,124.666306
2012-11-26 05:00:00,120.44486
2012-11-26 06:00:00,124.666306
2012-11-26 07:00:00,133.56866
2012-11-26 08:00:00,133.56866
2012-11-26 09:00:00,151.92662
2012-11-26 10:00:00,188.983
2012-11-26 11:00:00,303.57443
2012-11-26 12:00:00,292.95734
2012-11-26 13:00:00,292.95734
2012-11-26 14:00:00,265.64426
2012-11-26 15:00:00,289.06293
2012-11-26 16:00:00,281.7213
2012-11-26 17:00:00,272.10837
2012-11-26 18:00:00,221.60175
2012-11-26 19:00:00,176.38344
2012-11-26 20:00:00,195.41849
2012-11-26 21:00:00,195.41849
2012-11-26 22:00:00,150.6376
2012-11-26 23:00:00,151.00372
2012-11-27 00:00:00,150.8154
2012-11-27 01:00:00,145.20944
2012-11-27 02:00:00,143.49295
2012-11-27 03:00:00,150.90057
2012-11-27 04:00:00,130.94098
2012-11-27 05:00:00,122.45161
2012-11-27 06:00:00,123.791374
2012-11-27 07:00:00,132.28076
2012-11-27 08:00:00,135.39005
2012-11-27 09:00:00,128.23918
2012-11-27 10:00:00,135.7667
2012-11-27 11:00:00,120.89711
2012-11-27 12:00:00,104.558624
2012-11-27 13:00:00,119.70765
2012-11-27 14:00:00,110.43707
2012-11-27 15:00:00,128.30942
2012-11-27 16:00:00,128.30942
2012-11-27 17:00:00,110.693756
2012-11-27 18:00:00,105.63031
2012-11-27 19:00:00,121.420204
2012-11-27 20:00:00,114.51016
2012-11-27 21:00:00,101.956
2012-11-27 22:00:00,104.64941
2012-11-27 23:00:00,115.271095
2012-11-28 00:00:00,124.52759
2012-11-28 01:00:00,126.25909
2012-11-28 02:00:00,126.25909
2012-11-28 03:00:00,133.97284
2012-11-28 04:00:00,133.59497
2012-11-28 05:00:00,134.93475
2012-11-28 06:00:00,135.10666
2012-11-28 07:00:00,147.68982
2012-11-28 08:00:00,128.3376
2012-11-28 09:00:00,176.05025
2012-11-28 10:00:00,202.2523
2012-11-28 11:00:00,226.59245
2012-11-28 12:00:00,245.19052
2012-11-28 13:00:00,248.71521
2012-11-28 14:00:00,264.39935
2012-11-28 15:00:00,292.46097
2012-11-28 16:00:00,310.83688
2012-11-28 17:00:00,284.42978
2012-11-28 18:00:00,278.0292
2012-11-28 19:00:00,266.29297
2012-11-28 20:00:00,268.87115
2012-11-28 21:00:00,244.51714
2012-11-28 22:00:00,206.56201
2012-11-28 23:00:00,187.3839
2012-11-29 00:00:00,144.38336
2012-11-29 01:00:00,131.41818
2012-11-29 02:00:00,132.38007
2012-11-29 04:00:00,109.62223
2012-11-29 05:00:00,121.94876
2012-11-29 06:00:00,124.666306
2012-11-29 07:00:00,129.66252
2012-11-29 08:00:00,119.06703
2012-11-29 09:00:00,141.28241
2012-11-29 10:00:00,138.0419
2012-11-29 11:00:00,279.68094
2012-11-29 12:00:00,265.7134
2012-11-29 13:00:00,296.61557
2012-11-29 14:00:00,253.21393
2012-11-29 15:00:00,250.98267
2012-11-29 16:00:00,266.44742
2012-11-29 17:00:00,261.94867
2012-11-29 18:00:00,208.9478
2012-11-29 19:00:00,184.59253
2012-11-29 20:00:00,187.17197
2012-11-29 21:00:00,133.78116
2012-11-29 22:00:00,127.61067
2012-11-29 23:00:00,145.18863
2012-11-30 00:00:00,124.351036
2012-11-30 01:00:00,122.784935
2012-11-30 02:00:00,118.14127
2012-11-30 03:00:00,118.14127
2012-11-30 04:00:00,115.40984
2012-11-30 05:00:00,104.97853
2012-11-30 06:00:00,95.722046
2012-11-30 07:00:00,107.696045
2012-11-30 08:00:00,115.6015
2012-11-30 09:00:00,115.07115
2012-11-30 10:00:00,150.60248
2012-11-30 11:00:00,199.68112
2012-11-30 12:00:00,226.97162
2012-11-30 13:00:00,286.49673
2012-11-30 14:00:00,272.51645
2012-11-30 15:00:00,282.11703
2012-11-30 16:00:00,275.08853
2012-11-30 17:00:00,221.96814
2012-11-30 18:00:00,162.22237
2012-11-30 19:00:00,142.92383
2012-11-30 20:00:00,142.92383
2012-11-30 21:00:00,125.345856
2012-11-30 22:00:00,126.30773
2012-11-30 23:00:00,134.21313
2012-12-20 00:00:00,150.22684
2012-12-20 01:00:00,142.92383
2012-12-20 02:00:00,142.92383
2012-12-20 03:00:00,141.92685
2012-12-20 04:00:00,141.92685
2012-12-20 05:00:00,142.1152
2012-12-20 06:00:00,150.60248
2012-12-20 07:00:00,142.88873
2012-12-20 08:00:00,142.88873
2012-12-20 09:00:00,142.88873
2012-12-20 10:00:00,149.68294
2012-12-20 11:00:00,177.77652
2012-12-20 12:00:00,206.17534
2012-12-20 13:00:00,188.89706
2012-12-20 14:00:00,206.54172
2012-12-20 15:00:00,180.3548
2012-12-20 16:00:00,193.74072
2012-12-20 17:00:00,148.87488
2012-12-20 18:00:00,145.04443
2012-12-20 19:00:00,127.55212
2012-12-20 20:00:00,145.82132
2012-12-20 21:00:00,145.82132
2012-12-20 22:00:00,129.22778
2012-12-20 23:00:00,132.82127
2012-12-21 00:00:00,110.09245
2012-12-21 01:00:00,94.55104
2012-12-21 02:00:00,99.56418
2012-12-21 03:00:00,99.56418
2012-12-21 04:00:00,65.36034
2012-12-21 05:00:00,81.313705
2012-12-21 06:00:00,65.47665
2012-12-21 07:00:00,114.894066
2012-12-21 08:00:00,96.261406
2012-12-21 09:00:00,88.04204
2012-12-21 10:00:00,118.81515
2012-12-21 11:00:00,122.65292
2012-12-21 12:00:00,136.54779
2012-12-21 13:00:00,128.56744
2012-12-21 14:00:00,122.52782
2012-12-21 15:00:00,115.13961
2012-12-21 16:00:00,127.63909
2012-12-21 17:00:00,80.12676
2012-12-21 18:00:00,86.00522
2012-12-21 19:00:00,94.47457
2012-12-21 20:00:00,114.51423
2012-12-21 21:00:00,98.12136
2012-12-21 22:00:00,90.56716
2012-12-21 23:00:00,94.50679
2012-12-22 00:00:00,90.266426
2012-12-22 01:00:00,116.59321
2012-12-22 02:00:00,102.32544
2012-12-22 03:00:00,98.94855
2012-12-22 04:00:00,97.551735
2012-12-22 05:00:00,101.546234
2012-12-22 06:00:00,119.19093
2012-12-22 07:00:00,119.19093
2012-12-22 08:00:00,84.24702
2012-12-22 09:00:00,101.179886
2012-12-22 10:00:00,95.04795
2012-12-22 11:00:00,143.17854
2012-12-22 12:00:00,112.63917
2012-12-22 13:00:00,166.4495
2012-12-22 14:00:00,163.43979
2012-12-22 15:00:00,143.66757
2012-12-22 16:00:00,150.47946
2012-12-22 17:00:00,142.44452
2012-12-22 18:00:00,114.38446
2012-12-22 19:00:00,92.69319
2012-12-22 20:00:00,94.44368
2012-12-22 21:00:00,86.49885
2012-12-22 22:00:00,86.49885
2012-12-22 23:00:00,87.474556
2012-12-23 00:00:00,92.66984
2012-12-23 01:00:00,93.64556
2012-12-23 02:00:00,84.366486
2012-12-23 03:00:00,83.988594
2012-12-23 04:00:00,90.15958
2012-12-23 05:00:00,88.60183
2012-12-23 06:00:00,60.027145
2012-12-23 07:00:00,60.027145
2012-12-23 08:00:00,47.675987
2012-12-23 09:00:00,73.378136
2012-12-23 10:00:00,67.41884
2012-12-23 11:00:00,86.55504
2012-12-23 12:00:00,128.12337
2012-12-23 13:00:00,163.99625
2012-12-23 14:00:00,212.1441
2012-12-23 15:00:00,190.50635
2012-12-23 16:00:00,203.53691
2012-12-23 17:00:00,106.28367
2012-12-23 18:00:00,109.3466
2012-12-23 19:00:00,116.102
2012-12-23 20:00:00,75.169876
2012-12-23 21:00:00,64.7386
2012-12-23 22:00:00,77.284325
2012-12-23 23:00:00,80.16608
2012-12-24 00:00:00,90.65255
2012-12-24 01:00:00,90.652565
2012-12-24 02:00:00,78.67853
2012-12-24 03:00:00,78.67853
2012-12-24 05:00:00,63.634003
2012-12-24 06:00:00,78.67853
2012-12-24 07:00:00,87.93502
2012-12-24 08:00:00,90.652565
2012-12-24 09:00:00,105.540504
2012-12-24 10:00:00,111.1398
2012-12-24 11:00:00,114.632065
2012-12-24 12:00:00,126.78016
2012-12-24 13:00:00,89.723816
2012-12-24 14:00:00,80.467354
2012-12-24 15:00:00,77.77401
2012-12-24 16:00:00,77.77401
2012-12-24 17:00:00,69.8573
2012-12-24 18:00:00,71.21086
2012-12-24 19:00:00,60.61207
2012-12-24 20:00:00,69.47933
2012-12-24 21:00:00,71.02263
2012-12-24 22:00:00,65.22536
2012-12-24 23:00:00,74.09266
2012-12-25 00:00:00,37.354477
2012-12-25 01:00:00,39.30974
2012-12-25 02:00:00,39.30974
2012-12-25 04:00:00,37.743637
2012-12-25 05:00:00,24.226477
2012-12-25 06:00:00,24.226477
2012-12-25 07:00:00,24.604376
2012-12-25 08:00:00,40.813683
2012-12-25 09:00:00,36.61122
2012-12-25 10:00:00,46.651802
2012-12-25 11:00:00,57.664
2012-12-25 12:00:00,58.838776
2012-12-25 13:00:00,148.04794
2012-12-25 14:00:00,156.78268
2012-12-25 15:00:00,121.18788
2012-12-25 16:00:00,118.99503
2012-12-25 17:00:00,79.23652
2012-12-25 18:00:00,81.00513
2012-12-25 19:00:00,80.628494
2012-12-25 20:00:00,78.51803
2012-12-25 21:00:00,79.075806
2012-12-25 22:00:00,73.079735
2012-12-25 23:00:00,77.09896
2012-12-26 00:00:00,103.57342
2012-12-26 01:00:00,91.165215
2012-12-26 02:00:00,91.165215
2012-12-26 03:00:00,80.714676
2012-12-26 04:00:00,84.680595
2012-12-26 05:00:00,94.24504
2012-12-26 06:00:00,93.9447
2012-12-26 07:00:00,73.0804
2012-12-26 08:00:00,73.0804
2012-12-26 09:00:00,73.0804
2012-12-26 10:00:00,72.70251
2012-12-26 11:00:00,53.737602
2012-12-26 12:00:00,74.26909
2012-12-26 13:00:00,74.26909
2012-12-26 14:00:00,66.16277
2012-12-26 15:00:00,80.09469
2012-12-26 16:00:00,80.09469
2012-12-26 17:00:00,70.83824
2012-12-26 18:00:00,74.90935
2012-12-26 19:00:00,87.67072
2012-12-26 20:00:00,81.88635
2012-12-26 21:00:00,78.016045
2012-12-26 22:00:00,63.83342
2012-12-26 23:00:00,79.34015
2012-12-27 00:00:00,79.34015
2012-12-27 01:00:00,63.83342
2012-12-27 02:00:00,67.53415
2012-12-27 03:00:00,68.906715
2012-12-27 04:00:00,68.11933
2012-12-27 05:00:00,79.89215
2012-12-27 06:00:00,64.74249
2012-12-27 07:00:00,86.26615
2012-12-27 08:00:00,90.86985
2012-12-27 09:00:00,60.58235
2012-12-27 10:00:00,53.99048
2012-12-27 11:00:00,58.225418
2012-12-27 12:00:00,87.37155
2012-12-27 13:00:00,87.37155
2012-12-27 14:00:00,40.968666
2012-12-27 15:00:00,55.635345
2012-12-27 16:00:00,87.65153
2012-12-27 17:00:00,87.65153
2012-12-27 18:00:00,96.54341
2012-12-27 19:00:00,100.33995
2012-12-27 20:00:00,103.03335
2012-12-27 21:00:00,96.54341
2012-12-27 22:00:00,89.64804
2012-12-27 23:00:00,96.54341
2012-12-28 00:00:00,111.90064
2012-12-28 01:00:00,101.31569
2012-12-28 02:00:00,102.07024
2012-12-28 03:00:00,111.90064
2012-12-28 04:00:00,113.25425
2012-12-28 05:00:00,113.06594
2012-12-28 06:00:00,93.545784
2012-12-28 07:00:00,94.14483
2012-12-28 08:00:00,111.522705
2012-12-28 09:00:00,89.64804
2012-12-28 10:00:00,95.82328
2012-12-28 11:00:00,101.978905
2012-12-28 12:00:00,120.46476
2012-12-28 13:00:00,120.46476
2012-12-28 14:00:00,120.46476
2012-12-28 15:00:00,139.17834
2012-12-28 16:00:00,129.90033
2012-12-28 17:00:00,102.6554
2012-12-28 18:00:00,102.6554
2012-12-28 19:00:00,102.46923
2012-12-28 20:00:00,105.540504
2012-12-28 21:00:00,96.09525
2012-12-28 22:00:00,97.63847
2012-12-28 23:00:00,105.35219
2012-12-29 00:00:00,67.29517
2012-12-29 01:00:00,60.71389
2012-12-29 02:00:00,67.29517
2012-12-29 03:00:00,59.58145
2012-12-29 04:00:00,60.71389
2012-12-29 05:00:00,60.71389
2012-12-29 06:00:00,69.23919
2012-12-29 07:00:00,69.61587
2012-12-29 08:00:00,50.94821
2012-12-29 09:00:00,50.948196
2012-12-29 10:00:00,61.512894
2012-12-29 11:00:00,40.56534
2012-12-29 12:00:00,28.63368
2012-12-29 13:00:00,28.63368
2012-12-29 14:00:00,42.200935
2012-12-29 15:00:00,41.06849
2012-12-29 16:00:00,53.90458
2012-12-29 17:00:00,46.487183
2012-12-29 18:00:00,62.749573
2012-12-29 19:00:00,86.256134
2012-12-29 20:00:00,79.815025
2012-12-29 21:00:00,73.50401
2012-12-29 22:00:00,74.25098
2012-12-29 23:00:00,83.34588
2012-12-30 00:00:00,87.52945
2012-12-30 01:00:00,79.75527
2012-12-30 02:00:00,93.10135
2012-12-30 03:00:00,79.75527
2012-12-30 04:00:00,94.45495
2012-12-30 05:00:00,98.643135
2012-12-30 06:00:00,74.871826
2012-12-30 07:00:00,80.351204
2012-12-30 08:00:00,77.50591
2012-12-30 09:00:00,86.900085
2012-12-30 10:00:00,96.18089
2012-12-30 11:00:00,130.91693
2012-12-30 12:00:00,116.09399
2012-12-30 13:00:00,112.63917
2012-12-30 14:00:00,153.38426
2012-12-30 15:00:00,156.04562
2012-12-30 16:00:00,146.87666
2012-12-30 17:00:00,131.324
2012-12-30 18:00:00,106.98764
2012-12-30 19:00:00,92.238716
2012-12-30 20:00:00,91.141754
2012-12-30 21:00:00,84.366486
2012-12-30 22:00:00,76.47782
2012-12-30 23:00:00,83.02677
2012-12-31 00:00:00,100.849075
2012-12-31 01:00:00,100.849075
2012-12-31 02:00:00,91.58391
2012-12-31 03:00:00,92.92364
2012-12-31 04:00:00,74.77863
2012-12-31 05:00:00,82.138626
2012-12-31 06:00:00,83.87016
2012-12-31 07:00:00,85.586555
2012-12-31 08:00:00,73.04707
2012-12-31 09:00:00,98.9029
2012-12-31 10:00:00,92.18905
2012-12-31 11:00:00,107.71775
2012-12-31 12:00:00,105.98738
2012-12-31 13:00:00,107.556335
2012-12-31 14:00:00,97.96561
2012-12-31 15:00:00,116.59826
2012-12-31 16:00:00,103.99087
2012-12-31 17:00:00,126.54347
2012-12-31 18:00:00,116.738365
2012-12-31 19:00:00,114.632065
2012-12-31 20:00:00,114.632065
2012-12-31 21:00:00,105.76477
2012-12-31 22:00:00,113.65215
2012-12-31 23:00:00,99.76744
